0 2355 10634 13944 28181 44752
1 18202 25831 31993
2 671 3892 9071 31426 34736 40442
3 1336 15558 17427 21550 30348 31560 31967 37537 40054 43295
4 1547 9784 19306 24950 33757
5 354 7761 11793 20054 21718 29115 32905 33286 38765
6 7159 13546 14759 27506 30583 41204
7 149 2933 5469 6215 16288 17260 24750 31141 37302
8 1972 2906 7854 25154 33539
9 8526 9370 9998 22292 38505
10 22252 29937 33823 36542 37324 40885
11 1665 5518 6512 10624 11689 15476 21630 24557 29344 35523 38673 43129
12 4644 7105 16346 18817 37183
13 567 12917 18437 27329 29885
14 9395 13990 33883 43014
15 7221 9916 26834 29176 29551 34233 39367 43240 43827
16 1722 10825 12056 14730 23830
17 6770 18589 26049 30085 38152 39885 41777
18 2924 3746 4887 18184 27799 33175 35381 41514
19 27618 37189 39206
20 848 8344 20935 25720 36733
21 12324 16023 17608 29029 36199 36451 36633 40545 44831
22 467 12745 13259 21639 30709 38628
23 2610 3860 4922 20020 27072
24 15099 20289 25669 28055 31896 36346
25 7775 18430 20090 23678 24418 35841 44207
26 1516 2999 3080 23045 23769 27950 32887 36066 37938 39677 43746
27 7293 13900 15263 18104 23084 23714 24980 33319 42900
28 11297 16779 19640 40276 41366
29 11625 11768 24365 31627 33822
30 2970 25700 26736 30046 34342 39409 42459 43292
31 894 7517 18310 27916 29278
32 17192 19364 22981 29704 39305
33 10456 14684 19590 20148 24089 36238 38640 42895
34 1597 18404 19151 24564 24567 40835
35 3333 11625 13735 17962 18303 27534
36 5000 24592 24966 26171 29233 36496
37 9094 17553 25713 29894 40344
38 8605 17246 26783 30645 30937 31399
39 8216 8598 20715 41643 43750
40 658 2875 4605 4902 9704 22302 23953 28080 31695 40762 40855 41983 42301
41 2060 4233 4420 16825 16826
42 6320 8582 8767 11679 14680 20184 22885 23605 25242 37270
43 6807 7688 12760 34635 44852
44 1714 4924 8677 11005 25459
45 18878 19774 22562 32256 38284
46 1466 2651 3330 11824 14347 18227 28669 28942 33067 36028
47 13321 17418 30875 35067 35073 39130 39390 43146
48 1194 1881 21097 21508 24851 31085 39637 39921
49 4079 4347 5230 5774 6507 6515 6731 8733 9589 11101 17562 21477 23044 24797 24893 34437 36164 38253 42842 43047
50 8574 8604 9737 29055 30158 30859 38269
51 1220 12954 26562 29299
52 13915 18869 23032 29051 30353 32636 36066
53 1728 25087 29645 30914 30916 43651
54 8452 22420 23708 23871 25562 28648
55 426 616 4775 5145 8943 9063 22115 24471 27848 30638 36787 36877 38421 40031
56 1745 2896 3883 32750 36943 41488 44577
57 5348 7786 8798 9280 10388 12682 14534 18662 20629 22235 32933 33841 35556
58 16053 17736 23397 25362 35499 40034
59 3402 6115 6141 9195 13086 17804 26490 30835 36258 37001 37538
60 12738 13617 33795 39370
61 9163 19073 34103 36619
62 2632 4574 19504 22517 33382 40647
63 6900 7507 19130 22066 24459 36681
64 3680 10343 15308 27211 30384 40511
65 24506 32854 34965 36757 43566
66 2923 11414 14880 23233 27532 29223 33611 37074 44181
67 21011 29545 35751 42876 43230
68 2554 8909 10986 11904 14502 23790 34943 39988 42976
69 6793 22069 39934 39935 44505
70 2085 6814 10230 17208 22140 24245 28576 30116 35020 35112 35827 39485
71 5786 13641 16944
72 19915 28666 29921 39890
73 259 11353 29576
74 2681 16872 23420 35772 38086
75 203 498 3446 3885 4414 4463 11415 11592 15644 15661 16549 17160 17706 19194 20087 20262 20460 20789 21311 22459 23842 24538 24687 24916 26020 26160 30772 31795 32410 33419 35132 35668 35669 36375 36901 37902 39290 39588 39617 39998 40118 41002 42414 42609 42928 44732
76 299 4391 4741 24688 27253 28922
77 583 19833 23444 27262 28627 31060 34170 38301
78 710 1211 3866 7917 24007
79 572 11317 20341 36248 36985
80 4699 5561 12912 13979 19224 26172 28156 30516 36497 43032
81 12425 14537 21663 35312 44849
82 1061 10756 11209 18694 23549 27478 34251
83 21485 34160 41961 42697 43087
84 209 2003 4289 4292 7031 9486 12187 12528 13738 13764 18487 23608 34465 34939 40003 41046 43397
85 7036 17916 24954 36347
86 10957 13803 18911 22217 37948
87 4935 5217 15629 20362 34644 39884 40748
88 4338 5218 9312 14710 16441 18673 20049 28985 35510 37512 38803
89 5731 14199 23122 26201 29474
90 832 1840 3388 19226 29891
91 11181 26694 27421 29876 40098 40376 41814
92 5287 23180 29918 30185 34627 38286 42600
93 497 19260 30223 39021 40423 42329 44312 44908
94 2769 3616 21479 24856 27616 31944 42563
95 4071 6265 26756 29871 43164
96 757 27781 34623 37108 43033
97 1478 4473 6707 9915 20953 24040
98 1475 4859 9708 24800
99 2612 5997 10153 22964 29283 29429 32148 34152 42584
100 1596 14788 20270 27913 30007 37839 42963
101 2179 17593 28117 38983 39836
102 8226 15773 16475 22923 26641 35028 38719 40844
103 2837 6054 32558 37982
104 3138 3530 14813 16852 19894 28643 37863
105 1533 4489 6961 17168 22307 28196
106 3966 12224 12891 23937
107 4370 9859 12556 12662 13465 13898 14918 18782 26509 26863 32836
108 3186 21793 24027 29146 39357
109 135 10492 10839 28201 29276
110 13101 14649 15403 19429 42690
111 7520 9954 21105 21310 27490 32267 44302
112 12069 14661 29872 31092 32318 32592 37263
113 1676 3592 6685 28144 29394 36387
114 11035 15483 18540 20344 39366 42395
115 14769 16358 21372 27314 28941 33199
116 5740 14876 23404 29043 31685 34454 39172 43207
117 9950 14123 22988 24821 25892 29526 30054 30329 32646 37572
118 11954 17702 19341 27103 30442 38927
119 2249 2341 15169 17890 23514 29266 39215
120 6570 12705 29762 35348 37933
121 5860 13540 21724 25472 29133 34906 36657 39936 41631
122 9807 10787 11110 27334 29841 30796 43769
123 22269 22780 30562 34339 40097
124 5578 22654 32680 33218 33750
125 8805 22047 25427 43856 44154
126 1779 8120 13370 15135 18058 34343 44200
127 579 5001 25529 29710 38055
128 1247 3257 11762 39095 39976
129 10273 18309 21261 32655 35295 40220
130 1892 7074 14375 22358 31019 35337
131 8811 12224
132 3921 11325 14889 18697 29924 31002
133 7499 8265 23278 33084 43793
134 2847 3024 3155 7719 14555 17897 20101 25708 26628 29650 30201 33407 35473 38133 38240 40111
135 3260 13929 15415 24792 30057 38911 40873
136 12473 17522 27296 33257 39078 42927
137 2659 6152 8049 9927 12675 15252 17565 19529 21657 22114 26027 30599 44713
138 7731 9219 10173 19386 23354 24552 27724 32706 41057 43371
139 2568 9056 10080 25944 30595 31871 38249 41234
140 22246 35302 38778 39679 43179 43625
141 900 2128 29193 31476 37815
142 17933 18187 26009 26554 29718
143 7229 10598 24984 26651 30744 43587
144 11230 24593 31773 33958 41870
145 10909 15359 27941 28347 33367 34816 36385 40868
146 4537 9662 24960 32039 33831 35120 37474 37553 43360
147 629 2735 9718 10952 17940 20702 22201 22727 27759 33523 34625 39853
148 390 6745 6847 7613 9307 16376 23737 25032 34937
149 686 2957 5560 21624 38521
150 10942 17632 27607 36408 41254
151 1913 2985 3998 6183 20216
152 5719 9558 9736 15260 28094
153 7451 8395 21436 26175 35175 43278
154 1736 7930 28011 28952 40508 40619
155 3963 9617 12727 15749 19905 23407 28400 28500
156 5164 6648 6829 16836 18606 18977 36349 36886 40318
157 4991 7725 14220 42068 43526
158 768 7651 13732 14361 16400 20226 22280 22737 23078 41241
159 4114 5504 8908 11356 30311
160 15002 18382 24035 34268 38733
161 8424 14711 17463
162 9102 11911 18541 21564 27487 39049 39270
163 4720 9344 13001 15351 16272 23019 37282
164 2236 7782 9747 13993 25664 26185 27273 27343 38179 38348
165 2622 3747 12344 23093
166 7830 13261 15061 19432 27004 32811
167 435 7478 22591 24363 38777
168 8310 14598 16545 17901 21760 35322 37808 41766
169 1285 4298 4545 6316 7630 9291 16662 18768 22029 23182 29969 36410 40707 41728 44169
170 13925 16724 27362 29014 31013
171 17620 19615 24642 30696 33845 35737 39362
172 2407 7384 9043 9573 17303 21351 31640 38533
173 1636 9001 11654 17038 23890 28074 29016 37851 42478 43534 43907 44411 44413
174 8110 17275 21499 23774 24058 41107
175 923 5476 25464 26353 30395 35099 35469 38937 39254 39610
176 97 3615 10453 13952 25624 35196 38146
177 8994 12410 18237 33011 34481
178 18146 23174 26842 29697 34292 34558
179 1201 2859 7747 18176 18356 19008 19642 36324 40799 44090 44660
180 14383 20443 28440 36896
181 2401 5335 8084 11232 15519 23709 31828 33441 35777 36538 37102 37449 39107
182 1976 16368 24081 26862 29522 33548 35027 42114
183 286 8903 10156 34845 35852
184 3061 4471 5400 20869 35144
185 4095 17550 23417 26708 26849
186 6250 7972 29419 32841 35100 37034
187 12226 13002 23531 24659 36855
188 9353 12221 12224 27420
189 130 18570 32867 44157
190 2014 3944 8385 9093 13087 13968 17604 20334 27955 32975 32978 41719 44623 44821
191 1825 8060 23248 38013 43652
192 1492 7817 10410 10763 19153 26259 27688 30821 35155 35897 42508 43019
193 3208 4097 5192 5240 11975 14867 17025 19595 24273 29557 33549 36552
194 9710 12520 21013 30637 39990 42481
195 24676 28619 33086 33094 38387
196 3098 25057 25617 34936
197 18880 28889 29971 34459 40870
198 3414 16114 28429 28529 36914
199 2601 6483 6696 7178 7179 11372 11971 13893 15620 16492 17558 23253 26525 30905 31803 32356 33434 35986 44750
200 6708 6713 10762 11454 32595 33023 41143
201 14256 15820 16692 24571 31836
202 26597 31885 36465 39460 39743
203 787 2027 2163 3174 3328 3799 8461 13877 13969 20854 32466 32842 35701 40272 40911
204 4746 9033 14284 15006 18425 25089 25281 44151
205 616 3959 8011 11158 14325 24799 39842
206 804 21257 25013 26964 30149 33162 36248 36355 39384 44797
207 16481 20331 21224 39841
208 18732 21496 23266 24154 44853
209 9204 16440 17520 21335 22278 29859 34328
210 1365 2157 8024 10809 16771 17122 20546 23088 32459 35996 42516 43958
211 6782 20509 23748 32792 43759
212 356 9467 11475 12598 17369 18034 20711 22473 25850 27109 30289 37628 40489 42178 43953 44694
213 2784 4572 5798 10745 20467 22752 24915 25675 25969 39764
214 8518
215 4017 5993 7522 15456 20587 33230 40282 41342
216 8730 21219 27354 36938 42994 44064
217 3826 6587 8841 27858 33114 34033 43190
218 9080 11291 17314 21841 33487
219 12704 33172 35102 40247
220 3082 13276 13599 15148 20809 27044 34078 36561 37559 39899
221 1797 17450 19976 27571 38840 43772
222 15594 30366 42666 43732 44579
223 7058 7617 9184 20910 23324 28016 31776 34595
224 4382 9223 14758 27790 38697 44344
225 14584 21913 22589 23855 26873
226 21246 27634 27987 33402 43650
227 1526 20746 29538 31083 41356
228 4561 7207 14958 21718 25474 38733 43084
229 9869 22538 22842 33937 40719
230 11220 11460 19319 20731 24163
231 11095 17512 25439 42397
232 13550 14557 26687 37413 40258
233 12957 14458 20359 21653 29303 34819 35617
234 2029 4316 4530 5551 14317 21238 30687
235 2 19 5591 10063 11719 13428 14271 19257 29337 32103
236 13850 22135 35661 41119 41991 42152 44358 44547
237 2016 5787 8926 12876 31745 40076
238 315 4984 14259 19530 20282 25778 41270
239 8690 8854 21947 33406 34201 38564
240 3304 3310 10648 17995 21562 26013 27508 28813 29417 32173 44334
241 811 2426 2429 15112 16013 29105 32638
242 4330 23022 35137 42345 44097 44592
243 1009 6931 12819 18153 19709 19997 25138 26263 26966 27792 27956 37752 41033 43430 44669
244 6296
245 6915 12210 12877 32436 40749
246 2894 4064 13697 21933 44329
247 3789 4021 4400 5340 5393 10590 15355 16235 16349 17506 17816 18671 23011 24088 30505 31793 34972 35907 38899 40393 41845 43026 44432
248 245 12080 13769 21631 33896
249 7996 8036 9337 13379 14526 15245 20599 22414 29895 41035
250 13318 13618 13820 19974 22081 22739 41183
251 7249 20801 22131 36578 40776
252 7278 8802 12408 13046 19810 24227 28331 29929 36748 37007 42198 43142
253 3982 9537 10684 15423 19877 25884 35886 40610 42526
254 7437 9326 10085 41463 43404
255 1767 7503 9886 29086 38137
256 11138 18151 21281 25761 34282
257 4183 10780 15944 28903 39504
258 17114 22719 22743 32468 41315
259 542 10642 11768 11783 14963 16681 18767 19725 28077 28652 30609 42124 42557 42652 43248
260 3183 7401 21818 23131 28012 29007 33466 42407
261 788 3346 9694 13022 15003 16081 21193 44297
262 1494 3540 6670 8196 8375 13892 16899 21398 23165 32411 42343
263 799 3573 10108 17149 19253 33282 33703 36641 43202
264 2750 6870 8217 11658 14351 18136 19389 21832 22754 24060 24603 26296 28503 29914 30180 33123 36632 37608 37658 44454 44809
265 5103 9423 9933 13797 23375 23893 28750 33033 34358
266 974 11422 15203 17243 44228
267 17485 21519 23103 23870
268 3200 17409 17746 20672 25533 40769
269 597 21979 41664 42183 44554
270 7476 9330 13068 21435 43216
271 143 145 147 10681 21528 23992 24075 35681
272 8099 8462 27824 31957 32684
273 7888 8681 25499
274 1949
275 13110 16942 20373 22253
276 369 2555 23141 31150 41755 43110
277 2934 19459 35619 35803 40114
278 5027 5676 19805 22839 27903 31711 32977 34769 41958
279 2617 14082 23950 25001 33476 34251 34336 38957
280 13443 21774 32375 36792 44739
281 1666 4339 10296 11860 17614 41627 42669 43935
282 1460 1958 27331 30692
283 19473 22584 35379
284 3405 4705 6703 8368 10773 11149 12866 14791 27026 29395 29512 31232 36273 37912 40523
285 1456 2802 17378 18374 28937 29999 30269 30794 38728
286 10914 13266 27675 29376 35595 39068 39581
287 1631 2184 5640 9365 11760 12914 21622 23805 24709
288 7385 7848 12893 18728 38103 40746
289 6099 6299 14056 14876 21405 23369 25407 28290 30684 34452 39125 42814 43935
290 2393 3239 3611 3706 3974 4090 4272 4900 6070 6753 8799 9561 9742 11536 11718 13630 14714 15355 15356 15848 15923 16431 16432 16601 17201 17457 17898 18528 25038 25048 25231 25423 25885 26125 27712 28079 28166 29507 29508 32653 32823 32830 32831 34115 35377 36623 37549 38050 39313 40062 41225 43269
291 4037 5178 19533 36049 37231
292 171 1509 5526 8671 15142 19385 24380 26497 33251 35143 41612 43379
293 10279 15237 19079 24405 25603 29767 31838 32487 35101 37836 39882
294 9905 17551 19277 22412 41516
295 1177 5258 5646 20291 34173 42095
296 5589 13371 14340 23056 35013 35550 42524
297 38 1835 2691 12039 20131 28127 32157
298 11379 31418 42253
299 195 9099 30271 37861 40171
300 963 1643 4480 5807 7067 7558 7802 10980 11197 17001 18100 21764 27336 28636 29130 29184 30020 32902 33306 33687 33880 36714 37626 39342 41807 41889 43646 44309
301 19835 40792
302 7149 9824 11271 12106 13771 14022 16780 17245 26034 33333 34180 34616 35017 41357 42167
303 13704 17069 27445 31826 35601 37259 39102
304 965 3084 3409 4872 12164 22359 27362 30485 33157 37694 39824
305 2777 14286 16046 29249 32960
306 1813 24532 25878 38627 42149
307 1550 1951 7519 8098 9061 32115
308 8672 8804 12903 18499 43887
309 6333 20348 28320 38291 41435
310 3518 6015 6287 23876 36926
311 12631 16362 21306 26311 30039 31189 34757 36827 42442
312 7997 15021 21976 34768 38425
313 24335
314 4472 10235 26388 40873 43208
315 6715 9142 23213 23733 31341
316 7856 20724 25726
317 1213 4548 9477 19241 20694 38626
318 845 3999 5261 12614 16337 33027 38068 38351 38930 39043
319 345 1748 5200 12574 14133 17931 27944 29548 38982 39441 44464
320 1543 16616 19183 21222 25554 26769
321 43948
322 29825 31767 38308 42518 44331
323 7466 9716 12720 14817 15062 24814 40735
324 13788 20787 36329 38823
325 8252 21902 28571 35808 41135
326 4507 9691 10928 36224 41518
327 6768 12670 31500 36651
328 4627 12223 13348 33801 36700 36882
329 3583 12723 14871 24635 42803
330 20479 35625 37154
331 4300 7745 13469 15251 25958 27108 31001 36279 40654
332 6359 7766 8200 11957 17976 32608 35661 37100 41587
333 1879 3003 3255 12797 13362 27105 36838 40251
334 3798 4325 5700 5724 6035 26815 28597 34980 35697 42080
335 608 3764 6105 22034 22411 27388 27825 30369 35760 42896
336 22526 23575 26228 27021 32974 36967
337 7276 7992 10547 16855 17911 19559 33106 34760 35352 39806
338 244 7223 22165 24587 25880 30730 32467
339 18051 26395 29144 37265
340 4498 17472 17749 25008 25234 31328 37559
341 4524 15443 24236 27682 35068 38785
342 325 5793 8284 12460 22068 23995 33836 35081 38052 38335 39255 43315
343 10132 13338 21552 26029 37255
344 4638 7111 8615 14614 14975 27419 37866 43082
345 3642 6039 6211 7905 13691 14006 16296 17371 19310 19311 19487 21221 22277 23314 28372 31792 34153 43467
346 4337 12989 19233 34643 35291
347 20279 21567 27887 30847 38855
348 3721 10233 29915 31260 36562 44219
349 12083 20037 25085 26287 34630
350 1764 7809 29188 29634 30820 34605 35598 37579 37772 40774
351 5601 6984 21200 29705 42753
352 2099 7918 21681 33201 44478
353 14455 18995 39300 44201
354 19741 37131 38793 40836 44496 44659
355 3354 8201 9070 9299 9571 20645 42895
356 8822 14264 14595 25335 26262
357 248 249 13426 15897 19942 22880 23997 25753 26168 36771 37359 41461 44243
358 2443 4427 9241 18174 21315 34967 38718
359 12693 13800 22395 30743 32936 35139
360 4624 5763 6561 10446 11604 14801 17000 25143 30533 31860 35624 35821 41500
361 1905 4259 5462 6593 33232
362 2396 16604 22859 23777 28898 29499
363 8593 9722 20880 22545 26649 29212 31032 34442 35914 42855
364 4679 4838 5874 7863 10001 21139 23164 29932 31069 35464 37818 38536 43886
365 3063 20168 24198 31631 42524
366 1695 2135 2331 5341 5766 8567 18822 19454 22522 26345 32199
367 9734 26621 33488 36045 39649 44442
368 1950 7119 21755 26883 37768
369 2878 9338 10111 13313 16774 21646 25521 27407 38691
370 9371 16436 30107 34491 34521 37071 41138
371 3943 4860 15007 21272 26718 26850 28390
372 771 10333 10534 19469 44608
373 3140 12557 17438 21807 22127
374 2188 2349 7633 9139 13600 16387 24803
375 830 13717 17382 26959 29700 39981
376 6400 10492 30028 30605 33399 38751
377 619 18845 22497 27454 27958 34742
378 1390 15212 18934 19660 21506 25251 26544 26694 34690 36818 36963 39559
379 884 940 3126 5822 10513 11948 17050 17527 17820 21632 21729 24996 34253
380 6732 13572 15708 15863 18498 26715 38672
381 12293 16833 19146 25505 40103 40787
382 4477 14836 15205 15485 21018 24602
383 7190 22992 29279 42238 43226 43691
384 6332 10594 12565 13082 15267 21434 40058 44101
385 4392 10186 13484 22463 28959 31534
386 1805 10059 14482 18205 20106 24296 32087 36462 38431 42008
387 23256 33894 34279 36598 37148 43399
388 6108 7166 21975 27375 31107 34579
389 9925 22040 23080 43595 44044
390 10690 13329 32546 35661 44376
391 16451 18346 41773 44002
392 178 4973 22999 27441 36345 38029 44211
393 223 13610 32055 34255 41727 42824
394 1452 3316 4442 5151 5494 12854 20415 22773 27733 30098 34925 39756 43489 43717
395 16 266 3547 5688 8791 11984 12218 12899 13047 15889 19925 20772 20897 24479 28210 29107 31167 38689 40576 40675 42807 44346
396 4086 11164 24415 38398
397 3950 13940 32616 33890 34791 35745
398 6464 14895 24648 40036 40351
399 19286 25705 32158 41865 44298
400 3806 12366 24982 25482 35343 37625
401 4665 4782 5207 13435 19663 19687 22347 22662 23371 23928 26077 29515 29921 33695 33806 37368 39280
402 7807 10526 28110 37179 40182
403 11744 19053 23286 31269 32041 36509 41748
404 22605 36019
405 12592 22047 23780 31575 42390
406 20709 29180 32052 33485 34418
407 3761 3801 12386 13982 23766 24878 25208 38309
408 565 8122 9697 10203 22186 25296 27851 42922
409 1357 14344 33714 37347
410 1614 5124 12529 18073 21400 30846 31178 31873 35344 35974 38116 38963 39528 40353 41960 42868 44801
411 6985 14915 17153 25251 38330 41803
412 394 5101 6218 16709 35667 37892
413 11016 18099 25805 36661 40102
414 6884 12087 26732 28120 28788 32187 39965
415 2118 3218 4477 13985 16410 17921 31049 32092 34628 37373 44266
416 10785 20372 22592 36975 40935
417 2962 4359 9747 11349 34888 35163 38142 41644
418 7091 15079 19509 22301 23229 26663 27411 28034 29050 31742 34649 36211 37166 38197 38598 39684 40682 43416 44403 44815
419 16302 33028 38519 39047 44499
420 8100 9105 25112 36797 38682
421 8335 26888 27911 30816
422 1739 7441 18042 30137 38078 38702 39842 42249
423 1078 3308 10351 25688 29317
424 4455 6249 13363 13377 21948 25524 37639 42786 43075
425 877 15780 21505 26931 39452 40088 43827 43967
426 284 4941 13108 13814 28209 32118 32667 35382
427 3340 10386 15366 15612 17158 18191 38362 40312 44897
428 1771 13357 27505 31492 32332 41257
429 10144 16956 25654 34139 38532
430 16666 23689 27747 29487 31786 36170
431 1427 15790 17983 19498 32529 33356 40150
432 3571 4125 7073 9727 10078 30323 33564 33844 37765 44242
433 2836 3802 11906 17304 42049
434 3894 29064 35376 39796 40708
435 2722 9702 10076 22447 26755 29484 30490 31103 33447
436 4114 4553 13733 39999 40613
437 2301 6488 10727 12300 19515 30081 35082 36812 44392
438 14718 34474 40065 41509
439 1897 4584 5857 27325 32496 34197
440 3316 19000 19384 20621 32021
441 256 2252 2812 4185 6280 6301 9357 11725 15694 17294 17559 19276 20516 24742 28339 33944 35001 36459 38174 40245 44667 44833
442 3275 7937 9077 13660 13831 16459 19278 27859 28040 29090 31302 35096 39146 41383 44843
443 701 2058 14981 19344 32642 34169 34382 35247 35863 36795 38096 38402
444 478 7926 12822 40327 42007 43959
445 4057 14238 15964 18569 21909 30967 32872 36961 37133 41924 42585 44715
446 5165 11196 15302 17469 22877 28949 40648
447 5452 14248 14927 20109 36347
448 2598 17338 29213 30017 37030
449 1103 5438 7974 20984 22340 27714 27715 29592 31669 35762
450 4685 11304 18377 22374 24087
451 6444 15145 15174 15419 15960 18791 21888 23163 25357 26197 27255 33472 37868 40968 43147
452 8298 18663 24611 41065
453 10338 13961 22595 26521 31413 39393
454 5917 12023 17607 28133 37351 38996
455 7260 24491 29743 32419 38991
456 3597 3811 9543 17103 17379 19743 22503 28434
457 4488 9027 12004 13041 16295 26902 32869 35419 40604 41534
458 3401 6275 21267 23923 32990 33910 39867
459 6585 20377 22939 35588 36818
460 9382 12702 12981 17718 27367
461 719 1821 3016 6940 13839 16973 18326 18779 19169 19769 22445 27094 34417 39463
462 2546 4670 18443 23626
463 5484 15852 17449 20070 30607 34004
464 11208 13221 14755 15537 16041 18828 21006 21596 22178 24783 28844 29168 34420 41448 44837
465 4216 4579 6593 18352 27451 28459 39075
466 476 8806
467 14904 26399 27359 30783
468 1853 8857 16264 18137 19971 28146 28505 28730 32656 37870
469 2551 7872 32975 35642 39333 40207
470 2493 6076 8145 10283 12521 16317 25230 25350
471 3471 19666 20911 23295 25859 32344
472 9132 10495 12136 26856
473 9735 21836 32091 38660
474 7988 8753 9005 34879 40432 43995 44299
475 13095 15191 24051 26010 27372 42495
476 1803 16446 18869 19018 23873 27735 32941 35146
477 135 5280 5866 16548 24562 30823 41732
478 7625 8187 33612 35158 43086
479 8233 39701 40933 41503
480 431 9949 27434 31080 37191 41691
481 7571 8484 23706 32515 40161
482 1124 5246 10367 19157 20012 21871 27073 44675 44744
483 17531 29040 36228 36253 36923
484 894 10008 10726 12249 26134 27648 35663
485 9292 24720 32057 34951 37309 39869
486 10485 22284 25081 29430 35411 37058 44159
487 9311 18658 26001 31482 40522
488 3985 4363 9931 26608 29123
489 9151 10613 16211 26657 33835 36737 39122 42297
490 15602 21035 21662 37013
491 19992 31920 34470 37010
492 9760 11504 17143 28933 39044 40206 41673
493 7505 11373 11448 12924 23367 36914 39312 42001 42692
494 10089 14835 23402 41822 44787
495 2243 11344 15144 25416 27972 28454 29180 42448
496 3987 15070 15445 25039 30501 39186
497 860 3873 36481 38515
498 1122 2040 3847 35641 39087
499 7439 20992 22419 36571 36722 37141 43809
500 4267 24680 29289 30983 41597
501 4349 5645 7226 13806 13917 15025 16417 31045 34954 43741 44585
502 3598 10595 12547 12576 14007 19037 21223 22757 23990 24739 27209 29041 29217 34632 38483
503 6302 9123 10274 10850 24193 40290
504 1054 4921 8550 11363 13739 29648 30734
505 10251 13416 28326 34038 37687
506 24092 32075 33520 37343 38999
507 5844 19649 19715 25698 27301 36312
508 8022 20537 35462 43480
509 8288 12845 13384 27540 30422 32578 35478
510 7236 10617 18276 24615 28847 34765 39495 44581
511 12428 19852 24872 33411 34394 37410 42040
512 4683 6526 12837 15390 43612
513 10996 18725 27663 30090 34872 34935 36014 41157 43636
514 20182 23152 26708 32624 37878 39361
515 2902 25165 37371 38796 40405
516 15491 17310 40095
517 4058 12539 21102 29631 30392 33729 35057 43407
518 10606 16940 27582 29597 32804
519 773 6445 26232 28845 30475 30649 36339 38252 42320 43549
520 2130 4591 10499 13215 14754 14952 27361 33064
521 11246 21124 32397 34520 40064
522 12190 21040 21428 24103 33348 37713
523 22697 30321 32518 39324 41910 43981
524 8135 14255 19704
525 18403 26199 38213 40887 41206
526 703 26864 30855 30875
527 2168 7055 7238 8748 13396 20550 35682 35768 41489
528 11157 23744 30496 31240
529 7134 21883 25998 33968 35971 36576
530 10145 13646 24677 24884 31961 35044 37773
531 5622 6514 6583 7317 22821 32133 34070 36236 40651 42774
532 3676 20242 24238 24645 30922 34231
533 282 2980 6494 12578 17290 17570 23615 26994 33404 40499 40687 42421 42981 44089
534 7394 14459 19920 22148 23529
535 4027 7147 42147 42587 43300
536 2657 7984 13350 29083 31775 43161
537 7322 14192 14931 16643 32864
538 4061 4895 5315 8609 14193 14395 14652 18882 23792
539 5180 12835 16039 18634 20451 30421 36204 43141
540 6491 33285 41601
541 1938 6566 41533
542 7365 14041 14967 24749 28970 30618
543 4085 9534 11819 26321 39987
544 6502 6866 8156 17819 24507 25769 40872
545 19214 19792 21978 25208 26071 26814 30037 33683 36422 42158
546 3733 9509 10276 16756 21827 31744 33017 36907
547 6595 11773 11960 15158 17136 18410 20221 24214 31972 32571 41759
548 6953 8883 39919 40945 42843
549 2268 3852 6542 8119 9117 14349 23763 24373 28583 38017
550 3501 4394 4737 9197 9984 17656 19336 28905 30306 39732
551 605 4667 5070 15581 21636 33822 42306 43258
552 6120 6622 7587 15279 16122 19130 19231 21457 24922 25639 27609 30747 32027 33330 34106 36864 43583 44120
553 6815 13141 15032 17361 22524 24200 27673 29735 37251 44092
554 7128 11862 25004 26632 33094 34041 36480 41877
555 2656 10171 16697 19477 27121 30767
556 8982 11538 14142 14364 16269 36713
557 5957 14899 19809 36085 39656 42504
558 8548 8736 10732 15014 16319 36137 36390 36563 39804 41718 42131 44246
559 9295 10755 18829 21538 26710 28738 33768 33853
560 12530 20002 28538 32662 35790
561 4944 4963 14034 31472 33593 39272
562 3977 25026 26015 28569 30733
563 4076 16844 25507 32360 38212 38379
564 2874 11044 11421 11490 17736 20648 20649 23892 38630 39801 41223
565 2456 5992 6398 12808 29674 33387
566 48 4495 4979 34626 43080 44076
567 2162 4967 10241 10708 12487 14035 20805 31314 36883
568 979 24039 25394 28433 43580
569 5043 30662 41751 43409 44458
570 2627 3178 5699 6503 6684 8621 9120 10930 14520 15204 15494 19566 19748 19939 20843 24608 25361 25541 26664 29608 31523 32232 32442 33297 34951 35313 37488 38607 41436 43894
571 6196 34200 35091 36890 39959 40818 41957 44691
572 309 5146 22492 25258 32378 34371 34898
573 2482 7382 23878 26424
574 8152 26776 40507
575 16123 26142 36551
576 2042 4261 13355 13360 13695 14903 16987 17929 18241 18591 19354 19697 22962 22995 23492 26734 27271 27295 29104 33396 33988 36881 37256 39076 40778 42784 44197
577 12626 13131 18805 34921 37416
578 566 6055 7206 7770 10897
579 4836 14345 20129 23413 38847 39688
580 2993 14862 27844 35268 38218 43331
581 219 2891 5114 6721 12112 21815 35612 35783 43113
582 5179 19357 39631
583 6041 7757 11443 13188 36699 37828 41196 44543
584 8422 15838 20294 21831 29093 31950 35470 36039 37298 44082
585 16247 17240 18301 34976 36615 40006
586 2034 16571 23401 28723 29665 32825 32907 34990 35532
587 10201 23128 24042 27161 44754
588 7097 9167 13532 16329 17699 17964 18328 18716 19149 24624 27653 27861 34469 35095 39537 42953
589 10746 10859 27311 33998 40947
590 1214 1738 11368 21186 24539
591 16077 18108 25401 30356 33905 38667 41096 42165
592 5143 10939 21753 28792 30052
593 1728 2096 24328 26905 40142
594 13584
595 8690 15464 21318 23980 28375
596 5720 10767 12550 15393 16234 16573 20337 23400 31021 35518 37724 39511 39853 41826 44628 44634
597 2397 7496 12197 12960 13554 26677 37393
598 12266 13712 26780 32300 35433
599 7497 7866 19630 20200 30374 41447
600 7227 13577 15706 16878 29001 39327
601 11361 22657 25315 29274 36522 41339 42923 43697
602 5149 17586 19187 21312 21936 25277 38439 40887
603 1246 2240 12650 14048 28051 28648 32362 34379 39455 41199 42263
604 7281 16028 21489 28875 36680 36970 37739 42243
605 9275 21554 23440 29691 32716 36013 37827
606 5219 6677 24286 27385 40346
607 2321 13741 15048 23358 25189 30806
608 4998 8855 11275 14127 14828 22170 33135 35316 35486 37898
609 656 18896 26123 28044 28521 34123 39082
610 1290 5012 8600 10266 17948 24641 32215 32568 32938 37164
611 574 610 7054 12144 33110
612 2940 6355 8725 8819 25257 36630
613 7489 25233 33649 36287
614 4943 5617 7815 8572 15038 17482 30923
615 16758 17222 20528 24989 28766 35033
616 176 971 1497 3713 4011 4012 4171 6649 7923 8696 11882 13753 18134 21561 22383 23883 26802 27819 31647 34865 34911 36226 37091 38030 40189 40595 41658 42270 42304 43236 44684
617 16911 37519 44248 44796
618 530 12635 16529 21202 30112 33484
619 14717 15433 15602 27039 36085 43271
620 10503 15209 27706 30929 39622
621 13291 40262 41336 43874 44146
622 1110 2417 9858 11402 11683 13614 19511 19829 20610 24356 28289 30268 33647 38570 38784 41894
623 72 10786 14385 28443 40259 43738
624 3050 7569 17327 34207 43816
625 2147 2519 9806 10925 11837 13395 16865 17530 19180 19738 26063 28656 36044 36597 42808 43151 43214
626 12224 14898 15257 30371
627 5450 6389 23167 25068 35469 35863 38780 43099
628 22288 22339 26301 32183 32570 32817 35005 36068 38124 39359 43997
629 1060 1195 2343 7011 11053 11256 11788 16891 18586 19517 25136 27459 31892 32145 33109 34205 34524 35253 37833 39433 44366
630 1276 7362
631 348 549 3807 4000 4432 4564 7876 9010 14450 14621 18164 18616 21179 22061 26518 27802 28614 28968 28972 31083 36892 37112 37826 37829 38385 40151 40155 40320 42571 44193 44733
632 5517 28102 30872 33192 34415 35744 40402 43634
633 3909 4600 4763 8868 9612 10509 11037 12470 13330 15320 15983 16197 16820 17521 18206 20058 24003 27485 28022 30044 34462 34529 35630 38364 43843 44702
634 13525 21562 23510 31924 39956 40920
635 7861 18352 23042 30639 36203 38590 39888 43131
636 6269 13543 27693 34017 39902
637 3614 16108 20205 34672
638 3000 13433 16168 29918 34765 39680
639 18544 22025 32514 33174 41288
640 365 2101 5841 17873 20969 43118
641 1398 8280 28233 28403 34156 34765 37308 37821
642 15574 29382 33714 37725 38829
643 3847 10065 10922 23066 40879
644 930 2235 3320 3681 5778 7304 8565 9839 9952 10303 12277 12679 12765 13189 16119 16285 19092 22231 25058 25915 27315 27494 28223 28786 29865 31304 32064 32182 33200 33690 33946 35444 36684 37294 38007 39629 39712
645 23280 34867 35521 37714 41995
646 4106 9041 11281 19742 24679 25727 34305
647 1893 3815 11022 18375 39576 43174
648 7469 15874 17266 21640 36607
649 1146 1983 5814 7139 10776 11091 21877 26089 31869 34968 37723 40383 44629
650 1514 2265 4869 14954 17257 19626 32528 33156 35932
651 5890 10492 18462 19754 34660 38906
652 957 4424 11564 12541 13150 15465 26353 27593 33301 41630 41661 42079 43464
653 21180 23511 24879 33877 39415 41454 43305
654 11520 15240 29518 31050 38837
655 21057 28340 37321 38074 41513
656 313 15611 19038 22966 31612 43562
657 6539 10620 12385 15588 19620 23406 35353 35743 41285
658 5973 8399 19919 36537 39199
659 9191 28261 33043
660 2051 10478 21089
661 281 789 1019 16212 20173 31582 32828 33762 41258
662 924 7005 15321 15480 36109
663 4904 6544 9127 9459 14308 28312 30186 37757 37920
664 2588 2633 8133 11945 13638 20211 32883
665 15551 25099 27247 32701 37401
666 9667 10552 17263 22152 26792 30531 42997
667 1861 12995 19203 26823 27587 39827
668 3752 11875 27192 31024 44301
669 2352 11249 15223 21923 26709 29739 38916 44176
670 5318 13470 21801 30627 33462 33697 36543 36923 38776
671 1743 7916 15810 18622 32211 39269
672 1838 8391 16237 17582 19225 20708 44218
673 5618 20237 33747
674 4016 9148 24938 26547 28626 32328 33964 39419
675 2679 5335 6575
676 10101 18469 18511 39014 41094
677 717 6493 22162 22182 26598 27142 30428 33252 33537 36693 41104 44513
678 14909 15928 16612 35382 35770 37393
679 12359 15883 25567 34971 40894 44781
680 1196 8561 9422 10524 11929 14944 17739 20036 30725 31980 41614 42087 42672 42782 44769
681 7678 38686 42895
682 5347 5521 8985 24975 25403 36729 37439
683 10546 12858 26074 26600 27373 35517 39811 41066
684 1158 7089 8794 19070 26738 33342 34302 36994 40053
685 19836 22933 24327 27138
686 10866 20025 27256 35596 40097
687 10502 25550 28754 29003 36566 40472 43487 43901
688 2672 19969 23241 33735 37118 37769
689 10013 12464 20112 24365 33700 44450
690 16059 18520 18688 32320 34653 44158
691 9590 13162 21664 38216 41582
692 19619 23671 28317 29773
693 9389 10687 20730 22149 26775 27559 29191 30986 30987 31108 31465 38782 40849 42934 44564
694 178 3105 4200 5621 5985 10162 13116 15374 28350 29803 30580 31698 33216 35677 39911 41124 42036 43454
695 4013 8879 28830 35416 35795
696 4762 5638 22763 24254 29000 32697 38353 39820
697 4531 9718 22725 23415 25771 43261
698 2848 14373 19868 27706 38747
699 3887 8529 8892 31011 33444 33864 39089
700 3464 9401 15655 19491 20948 30721 32150
701 3425 15602 39891
702 15410 19539 23619 23926
703 4908 5912 10583 25717
704 2949 8269 20608 26569 26585 33051
705 5592 7560 13629 34673 39019
706 776 1194 2903 4248 6414 7353 11100 18173 21404 26255 28406 31095 34894 36788 38109 43252 44078
707 8177 10238 27287 40589 44566
708 5370 19207 30688 32584 41066 43217
709 14200 24430 26014 27285 27721 30161
710 26030 26575 32885 38004 43149
711 1095 4208 16172 23156 39316
712 16022 20143 27362 40720
713 6540 12380 12572 19799 21844 23935 25952 39685
714 2717 13292 20386 31100
715 20166 24283 26650 30325 41653
716 4964 12075 26546 34723 38729 39224
717 8069 10539 35423 38087 38859
718 1429 4343 7181 7933 8730 9825 14942 17107 17533 17665 18037 25360 27357 28658 31789 34454 35702 36347 36844 42593 42636 43377 44068
719 8151 15432 31575 32254 35733
720 3198 5389 13061 18109 24462 26275 41478 42520
721 1179 21917 23097 29861 31257 31890
722 13282 13858 20559 32313 37960
723 8051 10051 28266 34660
724 1962 5468 7943 22652 22806 30682 32754 36902
725 4920 11807 23726 33437 41922 42265 42763
726 4450 10542 15654 43128
727 16847 27513 30249 31482 40644 44549
728 109 6778 23268 25803 36479
729 1888 6182 6308 11380 14597 41725
730 1725 23644 25520 32242
731 5690 22107 24418 31079 36711 44332
732 103 6729 11559 13427 22890 33919
733 5920 10954 14504 16462 16909 32995 34447 37924 38852 41560
734 2236 2414 14925 28072 40251
735 14407 14988 30074
736 1139 7804 9893 19059 27926 28300 30502 33152 37918 38995
737 1913 12276 24618 36146 43831
738 1474 7445 18848 18850 20867 30340 34979 43925
739 14568 22603
740 27734 27960 33677 42302 44891
741 1433 2719 6273 7964 16291 18216 38777 44077
742 387 3719 14372 15089 16870 29909 40579
743 10817 12263 18210 21992 34426 34576 35088
744 4919 21300 44138
745 9374 9520 10449 14442 21362 26260 27029 34344 44363
746 303 1913 13187 20264 30023
747 8363 15124 16200 16985 31887 39590
748 2582 2691 3544 6323 12739 23252 25199 25427 28693 30375 35525 41373 42811
749 3277 16070 22272 25557 43804
750 5153 6794 15282 21890 28758 36123 40490
751 15076 18700 31926 35545 38835 41837 42864
752 8469 21690 26534
753 889 905 1598 3081 3797 4061 4502 4754 6593 6854 7077 8328 8534 8885 9553 9571 10794 11106 11875 11991 12236 13242 14794 15158 15968 17217 17503 17970 20462 20494 20530 20973 21254 21813 25816 25956 26277 28363 28986 31029 31141 31551 31579 32423 32660 33981 34276 34295 35362 35430 38013 40625 41169 41396 42435 42605 43548 43577 44585
754 1125 10759 12016 19793 27928 29870 30500 30831 39339
755 5306 11008 14247 18380 18778 24387 27815
756 12647 27881 28925 30908 37457
757 6700 7185 12790 14052 18201 20052 25875 35206
758 7785 11782 19567 23538 26567 27719 37193 42905 44407
759 8965 8968 9902 10037 21866 26109 29750 33160
760 12376 12550 25207 28876 40038
761 20769 30086 31653 35969
762 433 2600 5663 16471 20323 20396 22429 27828 36163 38447 43818 44164
763 5132 6256 11734 16967 36332 43636
764 1003 4158 4521 5241 8425 8426 12587 14882 18384 20069 26499 29590 35194 37947 39443 39444 40750 43412 44128
765 5353 26434 30589 30648 36736
766 18863 23772 23903 32430
767 16176 24753 35677 39297 39460 41019 42469
768 10984 22298 29847 30785 32833
769 39 12434 20057 21101 24542 35252
770 7997 8040 11665 14671 17401 31878 32272 33917 36567
771 1580 18979 32019 34719 34970 36579 41193
772 10373 11392 32720 35943 37813 42096
773 12331 16686 20885 21935 33108
774 11003 13986 14562 26882 27859 42911
775 3451 5339 8089 12314 18993 25260 30100 34495 37975 42284 43363
776 12784 14572 27451
777 475 1153 3574 3808 15888 22385 26566 29372 30050 31804 32676 35794 44677
778 13237 23394 34283 37715 42544
779 3554 14086 21598 34303 35706 41626
780 1001 2125 5404 7061 7818 11486 11786 41314
781 1040 18426 23009 29133 36927 41150
782 6522 8442 9942 15360 41420
783 10067 11298 13347 15344 17700 18953 23330 25332 25561 27213 30358 30809 40520
784 7677 12417 23428 39545 40935
785 5590 6897 20791 26528 28547 31749 40100
786 9410 17003 25295 36653 42954
787 10342 18046 19627 24948 27509 32545 41399 41567 44310
788 1685 2175 9510 20357 24306
789 18883 19088 20840 31235 37000
790 3115 3263 15042 17841 28815 30964 36581 39500
791 894 7942 24695 30596 41149 41367
792 6059 25105 26411
793 1913 22317 26938 30421 38027 42252
794 2278 5454 10667 15149 17663 21084 22949 27863 32475 35054
795 5069 5898 10622 15748 21324
796 13451 19026 23441 36445 42888
797 4341 14699 16245 31544 31553 39509 42548 44840
798 7486 8986 11261 16429 17900 35126
799 6447 11226 13668 19705 23660 24185 36300 38545
800 13227 20842 29812 31657 35410 36741 41267
801 24403 26487 26495 32123
802 1844 11555 23234 28029 31840 33780 39254
803 9804 14916 23484 28584 29839
804 4646 18171 37965 39214 42482
805 8522 23962 28163 39411 42065 43724
806 3268 3712 5099 11177 13736 18238 24153 41930 42468
807 1311 17371 39928 43473 43977
808 701 7168 38147 39797 44521
809 3741 16177 17763 24267 30706 30775
810 945 4487 4636 9137 17832 18125 25764 28119
811 13035 13267 17113 20602 21991 35982 42410
812 9239 15182 15640 16800 20647 21966 22309 23281 24929 24930 27067 32530 36526 40820
813 591 1984 31005 32259 38422 40521
814 5260 5800 7221 9574 11863 28338
815 543 13510 14894 14950 15800 25707 30926 33930 36430 36501 39060 43405
816 20089 26771 27857 32019 38386
817 1313 3961 13418 14108 22562 24374 29210
818 6500 9426 14427 17850 23701 38547
819 6646 12173 35465 42957
820 9524 15053 16564 18515 21447 24465 27140 31627 38648 41433 41840
821 2384 9277 13938 30663 31335 35171 43944
822 2665 4801 10537 11061 16841 21842 22567 40066
823 19021 19172 25547 30364 42832
824 5706 11472 15202 19565 21980 28659 29361 32218 32757 33493 39808 44591
825 3721 5319 10428 17412 23800 30810 36931 40194 41134 42138
826 6626 14045 22428 26023 26192 33789 35840 38777 42074 42652
827 13490 33099 34741 37243 42019
828 2604 3564 4433 8094 9586 15336 18798 21235 22078 25514 29544 36308 43641
829 5475 12478 12927 26918 27090
830 21494 27440 27635 27812 36475
831 16623 17525 19788 24863 30429 35577
832 1983 3343 4127 7689 12194 13620 14881 17627 24606 24809 32586 35051 37720
833 13658 20987 26958 37847 44710
834 1791 3355 10572 17480 44595
835 9763 15940 25286 26215 39941 42402
836 1127 3878 13660 14233 17696 27350 36032 37046
837 7241 28267 36903 37299 42728 44608
838 20539 22083 36306 37391 37423 38514
839 22581 24658 26693 38219 42432
840 435 1741 9419 37958 42491
841 3487 20762 32546 41147
842 6938 8775 9008 10693 18338 18735 20212 28348 34212 39719
843 4755 11856 13726 24698 28393 31649
844 12941 20332 25202 26835 44203
845 5889 6972 10815 42996
846 1391 11489 22872 33761 41881 43642 44867
847 681 8547 9503 15139 18277 21529 23665 41422 44036
848 718 2747 4470 6797 15912 22227 23595 26494 37935 40382
849 2132 3478 6051 11827 29114 33098 35624
850 6116 10955 12022 16908 30470 39358
851 1275 2687 5342 6975 8153
852 5277 5856 10841 14576 32323 43116
853 3940 3993 6527 7983 17249 25246 27778 34987 35014 36776 39621
854 2391 5909 9166 14141 16384 21855 22243 27959 30869 32824 33803 39258 39450 39456 41929 43945 44461
855 9015 20239 25007 25523 25543
856 3076 11530 20508 24460 26117
857 2645 22637 24381 35779 43982
858 344 382 5852 14552 15602 25515
859 1718 3304 7546 11920 22781 25653 36533 40452
860 82 626 1133 4335 4714 8388 8973 9747 21058 22558 35542 38273
861 1723 16008 22498 31978
862 5035 12558 19985 21212 24790
863 15288 16504 24170 34030 42727
864 1999 14647 21387 33094 41585 44605
865 6899 11864 27592 28362 30865 38712 43041
866 17177 20429 24021 37264 43346
867 35450 37758 41040 41501 41738
868 65 3685 4147 4875 7377 10356 10883 14448 14781 18865 21216 22893 23500 24113 24463 27390 28044 30335 31654 35354 36606 40322 40330 43523 43701
869 2754 23065 25586 27183 28703
870 2566 22588 27376 38863
871 12764 20819 23645 25246 37699 44731
872 452 1712 21329 35031
873 3486 14217 22926 25125 31253 44104
874 12137 12866 25380 33502 38047
875 4851 9810 10071 11620 20817 21171 25644 27564 31018
876 6165 15836 18163 30204 30966 35964
877 8780 15224 31593 38938
878 4451 13992 19753 30939
879 8068 11550 17124
880 5313 5662 8599 10515 12058 24825 29286 29647 34539 35997 36338 43327
881 6068 8904 9083 23339 42648
882 838 2194 15398 17585 21627 25574 39935
883 2879 4628 8459 10043 12647 20942 30421 32027
884 11 8906 11816 34215 40113
885 306 12255 13494 19485 27462 27782 31439 42517
886 6097 16218 24759 25174 44079
887 4075 14794 17782 26750 31645
888 536 2518 6212 8936 18335 19119 22809 27897 30751 33993 34773
889 1898 10057 31956 34338 35569 36514
890 18517 28718 30380 35366 41844
891 5195 5703 14897 16613 31031 38967
892 8410 10403 17622 24835 35386 42898
893 12256 13499 20582 27092 36477
894 2121 9454 11446 28821 34025 36189
895 493 523 2975 7359 7751 9306 13181 14417 16241 21025 21087 23135 25706 29367 29501 31455 36863
896 9303 12400 28154 28691 35333
897 1415 9214 15794 22102 28914 32914 33500 39914 42408
898 7337 16093 20180 41603 42174
899 11797 12807 20812 26585 30250
900 1239 12172 18023 23301 34917
901 844 5292 10827 32490 34359
902 1835 12224 16597 17102
903 16472 30189 35599 36639 41535
904 10289 20639
905 1502 3066 3983 8027 9317 10603 18435 18843 36067 42361 44918
906 4802 22205 31621 36271 40906
907 1500 2790 3429 6569 9319 10649 13812 14501 17440 24275 24281 32795 35170 40396 41472 42346 43581
908 1384 8311 11426 18176 19034
909 11115 15385 15449 15698 21848 23924 43956
910 13127 18755 26910 30404 42054 43105
911 10673 12437 15286 31394 40079 41692 43291
912 1902 16795 20570 37055
913 9789 33214 36921
914 4817 13012 13413 33700 41819 43187 43892
915 18459 18684 30878
916 6462 13224 19883 24563 34964 35613 40636 41263
917 391 1058 2890 2908 4477 19377 28832 36975 38825
918 561 13886 25817 31648 35631 38220 38222 44876
919 4485 15707 19945 20194 41682 42422 43002
920 17684 19091 21091 26880 31289 31614 32674 33746 34527 34660 43086
921 131 2286 5477 7144 8474 12145 15957 16490 19513 20046 21880 21924 22281 24168 27492 30917 31606 33259 38554 41711 41879 42055
922 8690 8812 29485 29784 33602 37812
923 235 1487 10323 18357 19651 20028 21026 29270 30315 33221 35604 43226
924 16730 19596 19912 30843 32480 39672
925 3830 11054 18423 26370 35503 36912
926 2252 8847 16996 19302 28764 29877 30908 34429
927 2602 6698 15203 21203 28441 29009 36443 38113 41248 42789
928 1688 3053 14083 29921 38487 44229
929 1932 2753 9491 13676 16694 22391 27711 29253 34837
930 9282 14424 18405 20205 41580 44364
931 9635 14236 27713 29326 36319
932 275 2563 12224 23658 26507 28515 32807 41685
933 2515 9556 14810 16104 34468 41499 42831
934 953 8226 28696 31528 35758 43219 44775
935 2490 2874 3900 4936 7341 7958 8988 10041 13195 13640 14413 17680 18200 18326 19665 19924 20398 21378 21563 25313 26767 27235 27465 28728 30804 33104 35086 36928 38069 39378 43122 43862
936 1120 1187 3479 8525 19534 24134 27873 43324
937 2841 14473 24257 31115
938 4888 39520
939 14978 16326 20517 25378 27401 33818 41304 41680 41793
940 1731 8071 13452 23809 35966 37032 42625 43312
941 2369 7219 10570 12731 20888 41288 44448
942 7109 15601 23418 25427 34471 41647
943 6437 7364 9187 26591 37831 43621
944 2533 2662 13166 37636 40156
945 5049 7444 12178 17435 26097 39666
946 23611 39490
947 2250 5149 15333 25871 28467
948 1963 4912 11235 12224 12813 14827 19923 26222 26419 30797 36691 42398
949 3825 19289 20029 30554 31762
950 11892 13848 27629 32015 37682
951 21779 24664 29333 30273 35912 38875
952 9711 10592 12184 18111 35731
953 1949 7065 11811 17320 20639 26343 26872 30061 32957 34684
954 4898 13152 14150 18914 23614 33307 39268 39294 44661
955 7959 10682 12025 16437 38569 42574
956 9072 13165 15515 23147 26393
957 14414 27120 34846 38543 39748
958 10749 18207 27767 29220 34381 36069
959 7047 27886 30860 34578 35145 42699
960 1227 3527 6047 7535 8468 10686 13692 17642 22320 35632 39780 41959 43169 44915
961 571 8336 32193 36720 43617
962 3875 4826 5479 20041 23297 30113 30140 31584 33395 35970 39131
963 15552 20860 32306 36051
964 3219 4340 23069 42375 44452
965 5131 12516 14999 15849 19363 30227 31756 33547 42300
966 24770 26412 30789 32665 35115 38770 39623 41209 41214
967 6937 17344 25364 26437 40050
968 1843 5220 9538 11143 34999 37160 42164
969 4518 7504 21090 24362 27139 30388 33576 36370 38202 38360 38659 40587
970 8229 10748 16752 40221 42129 43259
971 6114 18224 23673 28965 33802 40801 43494 44887
972 5918 6952 12711 15051 17437 19236 22206 31209 35661 39505 42412
973 3920 4198 5084 23099 39649
974 2576 10393 25820 34397
975 4474 11850 29884 32128 36957
976 3919 5705 10610 13439 19436 32640 35546 39487 41486 44406
977 10947 18012 18289 22556 28737
978 20048 24178 36848 40446 42039 42424
979 522 4459 4760 9609 16358 18334 18588 27424 31807 31865 40297
980 2445 8277 15641 20043 29844 37961 39389
981 1430 7323 11569 15499 23123 26729 30242 33872 43969
982 3624 12934 14774 28398 38203
983 11846 12368 16273 19785 31718 32612 33481 37345 44194
984 742 5079 14624 26211 26459 34650 35288
985 14523 17914 21601 39867 40700 41613
986 1050 1790 2340 2623 8759 9799 12658 24417 30741 44019
987 9643 9838 10156 12866 13222 25381 38528
988 2776 23624 26637 31588 33281 38641
989 12410 17413 27089 31241 43665
990 3254 8635 16294 18543 21533
991 2831 8984 13214 28962 34009 44188
992 740 2620 11085 13154 16835
993 849 1614 2463 3238 8053 8321 11823 18069 26516 38225
994 1923 12393 18169 20073 30424 30708
995 12399 16316 20750 40212 42183 43632
996 41171
997 1809 2762 3626 8746 11872
998 518 13173 16700 22796 26922
999 3757 4331 19124 30512 33184 33329 35161 44651
1000 1869 7615 7975 10737 11639 16191 25155 42086
1001 12352 17750 18134 23337 37691
1002 3018 13331 15170 22865 24233 31666 33745
1003 1713 18585 35426 37100
1004 2290 15437 19719 20108 28424
1005 17995 23210 40033 44431 44723
1006 2256 4676 5850 6293 13559 23684 39474 43813
1007 1508 18731 21204 23225 24761
1008 3792 20299 22015 27593 35492
1009 1490 6562 20096 30101 40699 44838
1010 7518 17155 21954 23868 30414 32573 38158 43802 44159
1011 8784 13102 14691 17942 33895 43243
1012 42812
1013 5418 18597 38485 39736
1014 2434 5499 7037 9032 10538 11799 19292 21080 30217 35846
1015 2580 6567 12052 14159 17473 33941 44844
1016 10477 22426 29084 32347 44679
1017 3072 5386 7657 8795 10582 17106 36461 36789 44649
1018 7035 9657 13970 14566 18078 22126 23566 31850 32736
1019 14660 17039 36936 38500 42345
1020 1900 12636 24004 36836 38715
1021 956 1865 5970 18593 22672 24734 27267 28966 35494 41835
1022 6356 7126 11049 15272 16770 22935 41512 42215 43625
1023 1569 3436 21337 41137 41781
1024 5991 8271 11124 18094 30888
1025 10461 15768 26258 30450 38810
1026 3984 27777 30702 31497 40415 44039
1027 10170 21707 23926 33851 37490
1028 11688 19447 24100 24847 42856 43035
1029 695 2432 13043 25060 28963 37247 38920 40887 44670
1030 6752 14864 23869 26251 31541
1031 8265 9664 19112 19374 22256 22637 25655 26743 35468 43624 44681
1032 694 17484 24533 31257 32695
1033 5062 12196 23593 25940 29568 31735 32809 37369
1034 2023 2709 13072 18892 19611 19978
1035 11521 19869 22645 39945
1036 487 3001 4445 8142 18050 28913
1037 5150 13119 25807 39640 42809
1038 3758 12716 13275 31539 35123
1039 14327 27937 30456 31202 43877
1040 1457 3821 4080 16650 21490 23966 29422 32730 37896 39488
1041 4258 10458 12461 15084 25451 29510 34720
1042 35714 38440 39106 41871
1043 2459 8910 11080 14234 16962 30830 33056 35340 35618 44664
1044 4724 8958 26468 27794 29228 30879 44287
1045 8487 17317 23242 23817 25329 36323 40651
1046 722 1966 18646 28008 36307 41745 42089 43684
1047 6881 8764 12169 27563 36231 36345 37503 43015
1048 8699 10653 10818 13507 36318
1049 1579 9060 22922 31875 32269 32444 39519 39614 40998
1050 5365 8350 8352 11996 14303 15410 17342 28275 32586 40878 43547
1051 8608 9903 37539 38670 43060
1052 4608 6032 10873 36434 40140
1053 6623 7936 10864 11614 26186 34601 35831
1054 6694 8408 11119 15018 19983 26218 26289 30795 31879
1055 25 448 3031 5014 6085 23068 27599 34240 35493 36429 40071
1056 6204 9072 15482 15806 20055 21334 22640 23003 26423 27647 34704 40895 43134 43705
1057 1452 2219 12293 37536 40989
1058 2446 19897 34181 36908 44021
1059 4099 6000 7711 13122 14395 20391 43864
1060 12649 13533 22475 24385 28609 43139
1061 1206 5288 11203 19718 25928 35723
1062 16986 19825 28413 33072 33570 37452 40479
1063 4526 14477 19817 22693 31868 33725 34247 35138
1064 4015 26416 30209 35112 36923
1065 2395 5272 12441 22695 40961
1066 2555 3075 19063 28497 31726 44456 44650
1067 1654 2353 7344 13257 27091 28123 38851
1068 5287 13236 20893 38442 41496
1069 9331 11332 15720 30563 36442
1070 7808 12743 15077 30697 37149
1071 4262 4566 8523 30270 36910 40019 43189
1072 2342 10887 11039 11781 14992 27294 37248 40829
1073 4167 24628 25930 27387 37233 40573
1074 13319 14951 15055 16155 25502 26432 33771
1075 21513 30202 30890 31196 33504
1076 3071 6227 10784 18018 37737 40366 44810
1077 3033 8317 8693 11847 13356 13853 14302 15369 16334 17051 19399 21211 26463 29766 32200 37315 39066 43144
1078 2003 4129 4825 24458 27785 43401
1079 9785 14780 19033 23242
1080 7909 14139 16308 22577 25344 27408 30982 31743 43931
1081 10777 17939 22215 33328 37726
1082 7686 18336 18908 33368 37566
1083 14698 15739 22021 22228 23409 40197
1084 4312 6959 8323 13703 14523 22485 41154 43111
1085 166 955 2744 5939 12109 14029 15816 19685
1086 9669 13514 16026 27458 31200
1087 4201 5105 11854 29073 38234
1088 11901 17640 36290
1089 37008
1090 3008 10891 22668 27858 36541 43355
1091 1472 17825 21960 29881 36435 38578
1092 247 8370 13500 14577 21030 40199
1093 7355 9626 12287 17869 18783 23497 25493 28795
1094 2942 12660 19355 21928 22062 42281
1095 839 5185 19457 22655 37025 40505
1096 19721 24751 28982 33198 34550
1097 2970 11216 29757 43855
1098 2007 12156 19407 19797 26111 35367 38455 40889
1099 4776 11821 12444 28232 32353 40957
1100 8305 15717 17933 20132 36583 39138 40969
1101 6678 9417 16358 28510 43994
1102 7204 7679 13179 14592 16602 17292 27428 39616
1103 1434 1940 6071 7952 11241 11953 13097 15984 19252 21384 22829 23000 30799 31132 31300 31646 31825 32924 37374 38254 42093
1104 5133 5691 17728 20831 21332 24418 31334 35223 35689 39083
1105 19452 27144 38179
1106 35299 41941
1107 2241 23780 41502 42406
1108 7612 8618 21861
1109 4927 17227 21521 29856 33367
1110 10877 18228 20853 21967 31672
1111 8065 12908 27618 32468 39206
1112 761 3372 17591 18441 18490 19210 25183 25387 29369 31208 34975 40928
1113 12224
1114 27527 28472 32751 35488 44612
1115 14550 14940 25935 26473 27847 30385 30478 31242 31760 32144 34827 35273 44902
1116 2720 17419 17927 24577 38777 39972 41449 44083
1117 3548 3939 15751 17957 24647 24977 25587 31346 43254
1118 5142 7768 8735 15736 16687 20077 26730 37886
1119 13882 21798 25975 38446
1120 6457 17589 20805 36181 36182 39779 40712 42841
1121 3134 4470 9002 23360 32582 34293 36742 42892
1122 483 555 28240 38640 41522
1123 11066 13378 29756 30952 34390 44903
1124 3542 9671 10022 12653 13863 14319 20261 29702 37944 41380 44783
1125 5962 19275 27793 42394
1126 11116 14102 15097 18480 20613 21689 22196 29102 30421 34024 38753 39834 41544
1127 4181 18899 22248 25052 37554
1128 23 2325 2811 8480 8735 8937 33236
1129 9571 15439 18158 19273 33941 36290
1130 45 936 2241 3269 35192 44484
1131 4717 6258 6388 8140 23898 26778 35373
1132 3093 9262 15458 16227 20071 26694 27614 29100 32012 36640 37050
1133 1193 2733 8815 11010 15869 36644 38168 40783 44093
1134 9808 12471 20892 22646 29454 34499
1135 15576 21787 21789 28586 28671
1136 1826 10927 14298 16569 29385 35530
1137 1774 7368 9450 10024 12499 12501 15878 17428 18797 21936 22835 28021 28053 30256 32857 33246 33637 36006 39147 39289 41168 41733 43519
1138 1164 12356 13008 27593 28711 33531 37163
1139 652 14149 15602
1140 4544 9717 10074 10862 13327 20411 32084 36084
1141 2913 9108 13575 15534 16363 18455 19329 19624 20190 21283 25906 27774 33433 35761 42267
1142 8111 24365 34263 38246 44408
1143 1304 3555 27939 35879 36802
1144 7170 7550 28635 37615
1145 2646 13323 19874 21462 33867
1146 5701 10917 20653 21976 27148 28887 29357 34055 35181 38478
1147 1838 5563 16575 19415 24102 25576 27758 30832 32434 39005 41999
1148 500 3516 18290 23121 32788 40205
1149 8665 16634 21939 24155 24877 30445 35403 38021 42037
1150 12007 12445 17180 20038 23283 30482 30527 37941 43469
1151 12302 24141 25517 30363 33560
1152 1519 5147 14807 26177 27161 42638
1153 5292 11385 25808 27035 43626
1154 2197 3055 14109 21999 44615
1155 136 3638 4213 26164 30030
1156 357 2603 16949 23659 43115 44150
1157 6018 11925 15304 16793 24516 31603 44497
1158 6825 7508 9827 10189 15507 23048 24622 44139
1159 4577 9330 12787 13910 21526 25595 28343 32137 32940
1160 2312 11782 11947 18686 21043 23896 25918 28726 38196
1161 8222 17602 21185 25351 29058 29060 34928
1162 6104 20961 22464 30612 39341 44863
1163 9576 23864 38776 43177
1164 2350 8610 8796 10792 15896
1165 14073 15110 17866 21955 26907
1166 1794 7023 21135 25888 26217 26858 35945 37109 40347
1167 903 14365
1168 15463 23026 24558 35232 35407 40333 42747
1169 137 16958 26329 27080 27277 37210 38169
1170 6056 8371 8760 34157 36828
1171 18804 21117 31412 35124 41022 43785
1172 3349 8826 17402 20844 40184 41666
1173 5371 6558 18709 21458 26247 33137 35936
1174 842 8449 17162 20553 21721 36151
1175 5055 6117 23189 31543 38281
1176 2560 4880 14517 21920 27899 40737 43180
1177 9868 19738 23531 27159 37388
1178 11768 23130 23474 24921 27436 27834 28031 33772 33974 33987 38732 41599
1179 3622 4568 22070 28355 43960
1180 95 1363 4550 11544 16900 17115 18886 30875 38088 43226
1181 7493 11158 14838 30277 38432 38973
1182 4269 10660 13556 20538
1183 11659 14304 17403 29534 29912 32158 37491
1184 5255 5744 12904 15196 17061 19605 21069 23127 31984 36945 39991
1185 5512 9081 15963 17190 29031 33665 41042
1186 21713 27866 29139 34886 40950
1187 6240 6672 9276 12224 14209 17703 17816 20536 22701 29508 29592 40109 43699
1188 1440 2663 9619 11435 14796 17886 21130 29848
1189 7638 24461 28283 29599 36248
1190 9409 14140 25869 30785 41487 43611
1191 74 4157 10432 22889 29976 33125 36260
1192 2398 5459 6170 10497 17293 18534 23204 23994 27795
1193 2416 6777 17981 20913 25447 26882 37568 41325
1194 1099 6506 12690 28998 32059
1195 3902 10146 16351 24378 38885 39916
1196 14384 15000 34920 37584 42480
1197 87 2388 12047 13801 17772 22035 25610 25758 28488
1198 13445 13606 18287 26472 42382
1199 5314 10899 15699 18341 36347
1200 2850 3898 4371 17675 26683
1201 16493 16950 25972 29161
1202 734 2466 4850 11607 11619 12301 16476 19882 22450 22833 24390 31109 31137 31702 40326
1203 7868 29414 31411 33344 42393
1204 8592 9327 12712 13241 23058 29034 32258 43574
1205 3085 3370 11895 19739 22238 23554 31681 31938 37280 44060
1206 664 2269 9676 18636 19016 32474 40617 41974
1207 3579 3599 11869 16558 17267 18197 25735 34083 35920 40210 42166
1208 739 2117 9832 12494 16336 20085 21173 28963 32014 41400 44365
1209 4120 6536 6895 15616 31917 37526
1210 16890 18372 25140 28850 32584 34551
1211 10940 14858 21777 25287 41453 42192
1212 18436 25775 29409 31117 33676 35317 37054
1213 8782 13607 19791 20876 26650 28225 30514 31548 32083
1214 42499
1215 6417 13026 18705 22101 22799 31280
1216 10122 11896 12364 23249 36071 37319 41994 43577 44414
1217 4908 21242 28356 31246 31414 34222 35809 36636 42330
1218 2358 10416 16562 17941 29053 32822 34445 38122 39360 43263
1219 419 22369 25297 28280 28943 35496 38423
1220 5607 11343 19296 21461 32958 36822
1221 221 1909 3897 27594 36955 44167
1222 12859 13389 16757 28479 33346 36036 36808 40371 42890
1223 9909 15275 29260 30707 35045
1224 4066 7372 13868 29683 34202
1225 732 9644 15825 20276 28052 30617
1226 12293 14785 25505 41118 44185
1227 7084 11682 30407 34288 41277 41464
1228 1754 7929 16074 20260 27198 30757 30944 34365 34458
1229 1742 4647 10730 13199 16352 24399 29517 31372 33405 34730 42316
1230 5762 8952 11727 42813 43376
1231 1387 12609 23844 32860 41385
1232 1096 3008 5870 27565 28075 38577 38937
1233 7947 10672 21322 24527 24699
1234 969 7108 7777 7805 11510 12361 18067 20864 23629 23907 26772 28685 29159 32569 39348 44208
1235 15833 24440 36067 37617 44199
1236 6211 9038 16305 28374 31833 42270
1237 7564 8327 12601 13545 28469 34200 34780
1238 14439 17111 18652 19163 21592 27860 31859 35866 43518
1239 9192 21194 21701 22090 25086 26809 29642 35797 36234 36835 38449 38899 44501
1240 1136 2449 13235 16583 20120 25690 28299 29677 33889 38388 39202
1241 15168 20111 32239 32244
1242 4660 4698 7267 11997 27148 27175 27351 36139 37574
1243 10019 15328 15341 28399 30436 40168 43870
1244 508 2836 37573 40447 41397
1245 3400 4504 13918 23726 39015
1246 5368 11650 17223 21413 21416 38260
1247 8066 8237 12910 31765 35384 37399 42201
1248 14401 15880 17232 28800 29440 35647 44320 44326
1249 1088 1368 3812 6420 9068 21531 28243 28593 32668 33438 34703 36185 42464 42943 43996 44009 44469
1250 177 6311 20813 21237 24748 39665
1251 17553 18981 20273 24576 26256
1252 7880 11028 14261 24931 27631 41397
1253 8535 10235 21765 32462 38500 42106
1254 15602 21662 36456
1255 14177 24336 28279 31006 33490 36395
1256 14928 17996 19479 20381 21095 23811 32135 33392 36347 44685
1257 15627 17426 19478 30750 35638 38948 44513
1258 11643 14696 18307 22583 23745 28314 31216
1259 136 6597 9592 12450 14400 18786 24692 29094
1260 12728 15782 22019 44834
1261 8532 29806 31082 31090 33951 37016 38707 41141
1262 3472 8055 9048 12224 34698 43126
1263 8969 14706 17253 27138 34817
1264 9322 9355 21288 28478 38685 41684 42524
1265 699 7715 12267 27622 27630 37602
1266 878 6304 18082 18381 38730 40187 42670
1267 10250 24874 26498 29258 33001 42714 42715
1268 14682 20455 28081 40839
1269 987 16035 18785 19141 20067 31704 32554 34440 40962 43054
1270 855 1756 4053 33373 40632
1271 1914 2595 3649 11764 27746 27873 37038 40592 43702
1272 697 11204 19574 20406 23993 24357 25238 38722 39939 40615 42062
1273 8042 11036 19935 27422 40186
1274 15350 31155
1275 4320 6523 22511 27731 31904 32601 33924
1276 3337 18280 19929 22977 35330 43669
1277 3164 15354 40955 41312 44306
1278 9937 10514 13854 19812 20549 30875 37393 37560 38015 40994 41120
1279 6003 7713 7885 12939 16784 39729
1280 4376 5244 12666 28600 43585 44378
1281 7 12671 35429 38329
1282 367 2047 2683 18562 19840
1283 5816 8157 19075 26502 30033
1284 456 3768 4883
1285 2008 4266 4546 24274 25752 27380 29556 31026 31538 39166 40731 42170 42524
1286 5709 7801 12909 40004 44216
1287 2259 3605 7666 25276 31683 35856 42743 43475 44504
1288 1117 1426 1669 2272 3711 6214 9685 17360 23861 26025 26785 40673 42531 44531
1289 6330 6896 14703 24376 25490 30168 40785
1290 27771
1291 11601 23240 23423 38759 42560 43952
1292 7523 22425 22662 27854 29805 33796 37051
1293 2870 15426 17362 21017 32177 35140
1294 618 3663 9138 9490 16462 17724 18693 20146 20457 23465 28057 31099 32493 32623 34953 38811 38852 40539 43776
1295 786 11806 12754 23779 25882 39993 40587 44415
1296 5543 5583 12181 32922 35496 37856
1297 667 704 2086 16309 22544 24116 33918 40799 44052
1298 3916 12346 19564 24416 24441 28274 37300
1299 2813 10142 10359 14019 14213 16355 32206 33068 33344 42100 42419
1300 332 418 774 1752 1805 2460 3664 11094 17590 19390 19568 21735 21784 24300 24536 28507 28842 31272 38369 38799 40304 40478 42771
1301 926 4818 11587 11655 19855 19937 26057 27132 29892 31619 34402 42599
1302 2423 12492 15134 18581 20949 26187
1303 770 31495 36356 36507 37293
1304 222 12691 16719 34952 42315 43902
1305 15681 27269 31135 32017 44192
1306 6360 15430 23612 37385 38130 40235
1307 6137 9160 14948 19249 20418 39017 40984
1308 1369 4456 6313 15921 20808 26748 27446 28358 28899 29643 34271 41699
1309 6169 14155 15397 23430 28872 30205 32468 32858 34796 41507
1310 1539 7701 9979 23986 25657 30911
1311 11704 12186 17778 27009 34985 39345
1312 2450 9501 10863 18596 27480 37447
1313 7373 21734 28950 32628 35242 37819
1314 2983 7173 8309 10346 26570 27663 28794 30592 31763 33616 37607 38551 42512
1315 29458 31444 32027 34859 36295 38210
1316 15814 18572 26889 39593 41965 44056
1317 542 5476 8307 20366 21781
1318 1175 3245 3793 4983 5666 15337 18231 20740 21867 31477 33360
1319 13802 17093 20879 38583
1320 4012 14393 15306 28199 30898 39566
1321 13491 26535 35581 36851 42646 43820
1322 480 3385 3430 5094 6728 7076 7679 8594 10444 19625 23920 25016 25372 27755 29955 31586 32425 32614 34978 35257 39706
1323 5155 10192 12294 14252 17011
1324 750 3431 11423 16964 35060 44323
1325 3738 10220 17847 19827 24722 28790 29813 35153 35716 41533 42237
1326 194 7513 27656 37224 39794
1327 2028 11866 12176 22724 26128 32446
1328 6579 12060 42906
1329 1480 31152 33140 36916
1330 745 7335 19320 22764 40843
1331 5836 7440 14218 18642 21165 44895
1332 12377 14739 30841 39567
1333 5593 7742 11854 23551 34826
1334 1285 13651 17829 25458 32044 34412 34670
1335 12997 25520
1336 2444 20375 22400 40507
1337 13410 29338 34487 35861 44085 44558
1338 6338 11703 25893 34312 36269 44304
1339 485 825 8526 11813 27049
1340 12491 22011 23602 30142 37708 39612
1341 972 6329 7458 16057 19051 31328 38822 39356
1342 20768 26470 26551 29436 31979
1343 35401 38676 41196
1344 968 7342 19773 25191 29826
1345 3246 6429 17956 18269 27157 32837 33979 36570
1346 9791 18602 23564 28954 38812 43986
1347 150 4722 8688 9249 19674 32908 34047 38841 44061
1348 7269 7455 12879 23756 27195 28132 33903
1349 9768 15647 21675 25664 31142
1350 676 2062 8296 19848 19863
1351 827 1218 1344 6122 14547 16764 17262 24209 26865 29199 30343 31184 35070 39869 42428 43493
1352 13172 20272 23968 24934 36887 37716
1353 7279 10910 11928 13120 16834 29003 31966 33954 38890
1354 7285 18952 22397 25840 28344 29585
1355 2886 3377 4190 7393 20703 30837 41944
1356 61 762 925 16561 21971 22165 23718 31673 41605
1357 5768 17664 25462 30724 31098
1358 7314 7575 9455 12918 13173 16508 24228 27876 29792 31664 44137 44377
1359 778 4952 10455 10739 14373 16816 23628 37005 39649 42718
1360 14947 15487 17643 41354 43797
1361 2124 4406 4653 5373 25879 28249 33009 40360
1362 3438 3889 13285 13980 26682 40115
1363 5167 5283 16127 18744 22637 28357 32205 32365 35387 39438
1364 9020 9318 15132 24808 30674 35665 39440
1365 1242 3675 8889 33085 36347 41638 42454
1366 338 9464 13255 18031 20686 22996 28857 33532 37106 41443
1367 13139 25441 28590 32482 34707
1368 2675 2770 5268 27526
1369 70 10741 21921 38186 41839 42377
1370 17470 21370 24478 27555 35021
1371 19632 23256 27232 29997 33942
1372 257 2701 19219 27722 29180 30521
1373 4436 6050 8894 32548 38082
1374 411 32216 38735 40367 44063
1375 24 7840 9003 17214 21597 41660
1376 12871 17248 19216 23216 30539
1377 1512 11982 13111 14144 19464 37031 44745
1378 15585 22571 28580 32063 32994 40482 44817
1379 9478 15069 20116 28538
1380 1527 16701 19635 22932 31703 33370 39386
1381 108 1006 6621 16540 24008
1382 582 12308 14973 17822 18975 25480 28418
1383 1036 7051 10758 29468 33689 34974 38553 43149
1384 4064 16809 19425 23988 40598 41393
1385 1727 4401 15789 18571 22620 31788 43294
1386 4467 14839 16345 20667 22912 25776 29918
1387 1535 14172 18557 32856
1388 6705 21174 30441 34200 40270 42270
1389 477 11358 14138 23998 34460
1390 1523 21290 36811 38314 43795
1391 3261 17017 17547 25539 26146
1392 2113 2666 3731 7329 10838 11492 15682 22679 25652 28679 30659
1393 1968 3550 11728 37516
1394 1031 3820 5275 25825 26733 27281 30009 39056 39715
1395 1538 5141 17271 27783 40556
1396 4214 17668 21514 26167 37583
1397 2748 8768 9489 24446 27004 37910
1398 491 676 5652 10176 12813 13488 17138 18400 18920 22267 22661 24513 25692 27093 30109 33083 35307 35962 40632 41187 41629 42465 44150
1399 8279 10365 11302 17495 31968 40957
1400 2432 3331 4022 6324 7835 10977 15754 16141 18149 18400 18786 21274 22033 22622 23076 25816 31464 33668 36652 38889 40433 41163 42184
1401 9882 15037 32597 38692 42779
1402 5405 5933 12195 15238 29974 35548 38293
1403 4437 5819 16201 23894 31295
1404 11748 19839 23983 28528 32308
1405 5608 15745 16321 20670 20740 22414 35127 42735 44753
1406 9813 11630 42287 43178 43205
1407 10299 13730 16944 18162 41584 43428 44291
1408 797 1584 12785 12978 35122
1409 1874 3426 4039 4239 6805 7743 8698 9216 21172 21969 22299 30749 32117 37060 38929 41536 44048
1410 1262 8915 9944 13553 15256 26216 27967 32380 35199
1411 3805 14589 19502 29898 39434
1412 3313 5326 6652 13144 25864 35948 36469
1413 5181 8726 20835 20998 27538 37867
1414 4599 5948 7878 9334 11431 11857 12634 26294 26884 26928 27038 31286 40804 42434
1415 2630 3834 15292 30893 34005 37505 38810 44171 44502
1416 1735 8553 8778 16990 28381
1417 2628 6012 7405 11272 12680 30578 30590 35310 38237 39319
1418 24595 25726 26658 32763 41439
1419 15141 20233 21465 36159 41142
1420 11048 11932 27278 31303 35265 35796 44862
1421 5869 8708 30629 38941 42107
1422 6910 8917 10229 16095 27392 32923 33144 37517 42311
1423 15769 19096 27658 37438 38153
1424 8907 14476 17639 20684 25905 29945 42513 44127
1425 622 7442 28701 33516 38106 38994
1426 7407 9543 20918 23066
1427 3192 12627 17704 20078 23965 30925 39428
1428 2645 18973 27266 29114 31636
1429 11079 13015 26144 27166 37249 40773
1430 1549 8184 18743 28768 31701 40443
1431 3272 3809 10003 36483 43637
1432 1780 2678 7197 9084 23862 34914 42790 44551
1433 1170 24260 27386 36715 37471
1434 666 862 1156 2142 3120 5537 10959 18729 19196 21236
1435 8017 8578 9288 26491 37130 44631
1436 1029 1998 4043 4612 4784 5065 5667 6403 7177 7893 8512 9253 11927 13702 16891 18003 18214 19670 21349 22656 24206 25127 26727 26926 27312 28971 30614 30742 31628 33827 36125 40139 40645 40786 43689
1437 525 1828 14352 21910 27809 37734 42534
1438 641 2865 5032 10822 23452 24076 26839 31043 36467 39930 42930
1439 128 6001 7596 19371 42238
1440 4865 5729 15215 20654 21934 29705 42264 43222
1441 3532 7207 16359 17207 27770
1442 16699 30479 34254 37895 41618
1443 6092 10860 12531 32341 35136 41431 42814
1444 7416 11479 19382 20119 31875 34763 38688
1445 5185 12746 22575 33926 37999
1446 1504 6340 7429 15420 23332 39155 42335
1447 3151 11666 26763 32370 37669
1448 34116
1449 856 866 9034 19312 22625 26536 27464 28202 29281 32327 37064
1450 9244 10491 15509 23505 25088 38522 42272
1451 11556 17252 19438 20710 27015 27690
1452 5335 14382 26179 30418 30905 42802
1453 1599 8627 10209 10362 11245 12632 29420 31779 34387 38541
1454 2638 13924 19247 31561 34813
1455 20796 29860 31604 35374
1456 3737 11137 16578 21061 22746 24097 31933 35345
1457 24962 33107 36859 40668 43427
1458 159 10577 13404 14815 16514 25671 34374 37561 38266 38709 43673
1459 542 1917 1924 5185 21905 30739 32892 43231
1460 444 4697 8028 13419 17255 18504 18679 20335 26283 30840 37520
1461 9011 16631 22059 35034 42204
1462 4914 4915 9528 10132 14868
1463 11931 17063 17316 42005
1464 7386 7963 12668 29828
1465 16203 21775 29109 34167 40179
1466 2837 15662 36285 44652 44917
1467 3124 11988 22166 24132
1468 4611 10819 13493 14039 32007
1469 18647 23537
1470 541 674 3500 13567 42918
1471 3780 25034 26686 30187 37940
1472 2033 4405 4630 34417 42215 44600
1473 2035 2140 3893 15049 15368 28107 33464 37651 39548 40695
1474 357 16689 20979 30257 31653 40315 44730
1475 2052 4822 16550 24080 31084 37764 39730 42245
1476 11618 13715 21555 23827 27316 35457 39618
1477 3159 3739 14613 18212 18370 20365 23875 32729 40969
1478 8729 13464 25712 34831 36448 41113
1479 5118 5830 7622 14855 19866 25060 27706 27998 30881 32957 36314 41346 42509
1480 4907 7263 9569 13457 15271 18298 24132 31943 32661 41322 42894 43062
1481 479 19064 29243 40337 42286
1482 657 6606 36098 41855 43990
1483 1035 6735 23289 25465 33225
1484 4681 15218 19186 22039
1485 9177 29346 29730 33838 36699
1486 1202 5532 7135 13659 20091 26361 27818 29434 32319 34163 40784 41765 43297
1487 5148 5832 13249 22613 25117 34752 37470 42750
1488 603 29063
1489 25536 42630 42969
1490 9243 12652 17186 27100 42933
1491 364 12992 19903 25288 35851 39295 40983
1492 696 1807 4309 13887 33238 42137
1493 8537 9476 16354 26955 27136 30463
1494 2339 3652 10823 38777 41737 44307
1495 5548 7215 9585 10364 14491 14747 19108 28980
1496 1890 16700 29078 34012 36887
1497 11354 25486 25987 27539 40129
1498 2381 10318 17141 22405 22792 27425 40575 42642 43782
1499 5964 7663 19449 40671 43443
1500 308 11974 24319 43135
1501 15067 21671 24534 26131 42760
1502 10330 27536 31188 31663 41476
1503 6247 6391 19009 26630 28920
1504 10556 10635 17084 23753 30828
1505 5451 6842 13466 13887 22493 22845 26711 31953
1506 5460 34482 37792 44869
1507 2026 3491 6337 7658 22225 30858 36946 44455
1508 1628 5025 19212 20126 21788
1509 12206 19229 21629 36424 39690
1510 1049 3455 6495 18461 22273 30019 34602
1511 861 8583 25111 32026 42154
1512 2419 7706 8949 12610 17352 17714 18070 18096 28623 30383 33788 37594 37837
1513 11088 13113 28508
1514 5732 9633 26816 37472 38233
1515 853 2458 8244 16433 18154 20598 26543
1516 581 4569 6014 6945 9375 9960 12848 18954 23126 24271 25661 26178 27279 28087 28190 30680 30863 30960 39388 43798
1517 3228 11047 14842 21217 29180 36793
1518 12694 37181 41372 42386
1519 205 16889 22525 26681 43071
1520 198 8257 13483 14648 19302 24892 32862 34407 43192 43281
1521 428 2712 7618 9506 10532 12168 14674 14853 16223 20685 21808 23196 23378 23558 26458 28676 29936 31195 33807 34010 34430 34431 36705 37325 37900 38076 38180 43386 44231
1522 2760 31568
1523 1454 8656 12446 13308 20927 24939
1524 18015 30930 32337 36857
1525 8079 11873 20336 20507 27572 28880 33150 34286 37927 43920
1526 601 6691 9496 41616 44588
1527 6556 9008 29203 33760 34443 36617 43613
1528 4064 6596 13654 21933 28967 31783 31970 44023
1529 841 9265 10902 21851 23706 24040 24867 32101 34113
1530 4751 6700 15797 34171 35396
1531 10371 11789 19601 20564 27810 28164 39739 43629
1532 20263 24177 29502 31365 37225 38184
1533 8472 9396 22618 26352 29675 33389 42085
1534 2134 9621 10516 14820 32196 42260 42290
1535 9049 16112 26868 29333 30874 31766 39784
1536 2091 3661 4576 7511 8843 10623 10626 11331 13479 16109 21728 23075 23495 28036 30170 31841 33727 37015 42078 44285 44820
1537 2524 19206 26468 36382 43021
1538 4351 25219 26295 34461 43050
1539 6361 6629 26724 36398 37750 41785
1540 10605 16904 39033 39795 40420
1541 10803 14280 16602 29156 30759
1542 1689 6763 13842 14975 15004 17072 19044 29066 30985 33188 36247 36763 41428
1543 16392 18677 28298 29381 31034
1544 1389 13474 13989 22786 22798 30546 33365 33763 37052 40281 41859
1545 82 5040 9889 11299 14658
1546 18009 32761 32762 39191 42590
1547 6552 16543 21395 31199 40969 44103
1548 4183 8061 13019 14299 17264 34226 44441
1549 7696 22429 29832 38952 43287
1550 18362 30605 32494 37063 38375
1551 13060 15450 32645
1552 19694 36483 36657 37776 37908
1553 3955 5887 8724 8832 10915 15621 18254 18331 20115 21022 21856 22766 23303 29908 35435 37355 38363 39129 44676
1554 163 4565 12920 21998 40509 43917 44295
1555 2092 2822 4417 4614 7022 13365 14611 17356 18813 19298 20792 23155 28268 29727 31479 32023 34184 34535 35822 36882 44236
1556 4458 6285 10219 16168 19125
1557 4804 5862 9842 11441 19711 19818 42644
1558 2714 4428 19578 34191 36373
1559 14454 32299 36474 38434
1560 520 1613 13678 21176 23858 26967
1561 471 3030 3610 7287 10391 11651 12453 18971 22345 33688 37228 38599 42128 44601
1562 7199 7325 15095 21298 30242 34679
1563 651 7391 11347 11767 17155 19128 21500 24551 29406 30092
1564 11917 26690 30552 32769 38810
1565 7845 9734 13019 25593 36432 44453
1566 13945 18204 27519 33494 40259 41622 44624
1567 6725 10949 11868 32252 32621
1568 4809 10773 19264 21914 25773 38054 44627
1569 648 1957 10097 15438 19505 20990 23957 43078
1570 7312 25371 26989 28281 28532 29115 35397 41256
1571 3378 10655 24627 34200 42962
1572 2868 14227 14485 20820 26239 32219
1573 5422 24620 31374 34179 35087 40169 42187 43623 43990
1574 5223 16744 22379 22572 42695
1575 8353 10607 11694 12162 25812 35699 41291 43479 44442
1576 1592 3073 6599 13662 14741 19483 20039
1577 1224 5436 14012 18789 22181 37809 41862
1578 6764 11189 18399 34715 42235
1579 193 8359 16043 22336 29738 41806 43391
1580 8704 10127 14636 21618 30449 33561 36054 37978 40908 44738
1581 14843 21820 26138 28667 33153 43601
1582 12423 19838 22325 25686 35109
1583 2884 9313 14375 15219 16734 43919
1584 21484 25791 26322 34839 37414 44382
1585 1345 2526 5029 5576 6334 7352 7800 8126 9681 9876 11668 13856 14663 15140 15740 17417 17557 18607 19944 21191 21608 21984 22506 28662 29182 32062 32588 33254 33793 34896 36048 36421 36751 38033 38499 40881 41182 41981 42115 42439 42501 44598
1586 995 5752 6321 13397 15416 25028 31395
1587 7760 27691 30199 37462 41260
1588 1172 2569 3702 8347 11590 13231 13595 15363 17560 20065 20345 22844 25435 28099 29709 29900 29906 30469 31577 33293 34923 35479 40117 40359 43715
1589 950 28175 31160 38144
1590 9372 9776 29295 32230 33077 34580 35892 36952
1591 12264 16965 18804 29308 31468 43974 44485
1592 13006 14869 23606 25022 33243 39355 39502
1593 3428 9346 9541 10122 13810 18878 20151 23919 24276 40037 44619
1594 15828 19706 23694 24937 25119 32929 37271
1595 12811 15831 28881 30009 30819 31017 37066 43786
1596 4426 7932 18217 33662 35584
1597 3595 12224 13901 18397 18453 24487 27028 42296
1598 10926 12638 13744 24063 30571 30760 31942 36328 38424 41057 42223 42769 42821 44874
1599 9140 13477 16696 25927 38093
1600 5950 24795 34646 35156 42363 44819
1601 4161 14481 17442 17920 30880 38064
1602 16002 21929 24745 27102 27496
1603 6525 11713 24807 30856 42157
1604 184 4229 11644 31527 42020
1605 15421 21648 26476 27604 41389
1606 17496 26893 35052 38338 41921
1607 331 2266 3014 3154 3225 3673 5206 5601 9052 9057 10053 11484 13722 15861 17037 17064 19327 19806 20466 21459 23523 26947 27855 29520 31197 33658 34766 36582 37873 40803 44557
1608 5932 14869 29701 34099 35678 39151
1609 236 13137 14388 19584 20163 26072 26624 26825 27940 35824 36690 39249 39484 40953
1610 6098 21426 32590 44626
1611 5723 8071 9520 12237 26105
1612 2609 8366 12532 32203 34600 39387 43471
1613 3279 5156 17846 17870 31495 43976
1614 1894 4216 14180 30207 38633 39230
1615 7737 8411 18466 19097 39632
1616 2917 15086 23618
1617 6898 11846 13254 14148 16760 17757 18113 18124 40923
1618 17551 19489 20245 23635 25162 27468 28836
1619 21703 22977 30626 34218 36891 39733 40968 43529
1620 9648 12761 20244 28007 29247 35389 39246 41900 42274 43088
1621 495 9185 14554 19823 44486
1622 4483 8165 10205 13839 18009 18294 18834 19928 21810 23663 24258 26429 27365 28492 28565 35500 35915 37897 39243 40862
1623 6008 6926 21810 26127 31766
1624 314 5466 19762
1625 10738 13517 14762 35705 41802 44589
1626 25820 34029 44774
1627 9715 12014 16388 29960 36813
1628 6303 11322 13745 22864 33167
1629 216 7826 9969 10087 11310 11311 13057 23124 23325 26703 30254 35491 40503
1630 4948 14201 18951 25457 31163 43478
1631 9744 13965 19450 21806 25414
1632 14235 15317 16219 20959 22777
1633 20286 29031
1634 8538 13564 25532 35782 43678
1635 57 2247 13774 25931 27173 27754 28484 30833 38280 38831
1636 2145 3913 4101 5893 12688 13390 20117 33129 33604 36217 38605 38964
1637 34 30305 35707 44302
1638 6264 14177 15777 19376 42984
1639 6481 13475 16609 39137
1640 2440 2974 11140 12462 19669 26333 28705 30936 35077 40794
1641 11758 19293 19828 31419
1642 9016 24241 26550 32246 37124 37882 38058 38668
1643 3283 7040 13049 13203 16389 18924 31948 37116 38821 42351
1644 124 2645 5273 8262 8884 14028 18972 22813 23453 25809 26342 33756
1645 1024 5040 7675 27184 41028 42895
1646 885 2640 5245 7207 8242 8916 9754 10895 14962 18395 19551 20103 20293 22399 24727 28001 29462 30602 32002 32524 33414 33622 36031 36322 37184 39489 41956
1647 2674 6508 25336 26241 30084 36187 36906
1648 190 11074 13013 15600 15605 21972 24412 41607
1649 5263 23895 26617 31206 32283 38072
1650 5013 17735 21005 31682 37667 38789
1651 3835 4586 19844 23287 30565
1652 594 1027 1662 1980 3700 4193 4333 5783 6850 7302 7604 7684 10813 12693 13917 14665 17046 18270 21125 24862 26321 28983 32029 32119 33655 38428 43550 43962 44003 44136
1653 1556 2956 14579 23780 38341 39045 43643 44688
1654 5165 9547 16576 24121 26539 34450 39353 39973 40789
1655 3957 5226 6339 9912 11885 27016 27765 29387 34090
1656 2654 4601 5302 6513 11792 12812 13549 14225 15760 18714 24911 38131 42833
1657 2144 13182 15727 16733 16920 17305 24066 24469 33290 35893 41332
1658 4586 6817 14432 16833 28404 38377 42239
1659 9595 12001 19654 21915 40648
1660 18246 20984
1661 5249 8539 10147 15929 26954
1662 3759 6326 21859 31389 37357 41299
1663 4221 13498 15109 15966 28198 30697 44325
1664 921 5966 8552 11828 15692 21197 24959 38541
1665 7685 24496 29273 32140 35977 36143 37218
1666 188 6664 14018 22664 25442 39098
1667 17505 30955 32010 44755
1668 7049 8149 16859 19775 20403 22050 24660 44386
1669 3264 10372 22447 30006 42627 44739
1670 5986 18306 19102 30984 34015 40439
1671 628 13790 14695 39163
1672 241 3056 3948 10424 19027 19215 25607 25754 26450 26678 29246 30542 32608 33685 39546 42521
1673 10079 10727 18401 22716 25186
1674 6781 7795 9746 10569 19105 20340 25406 35145 39892
1675 4018 20421 21110 29311 38023 40136 44180
1676 4988 9840 16628 18556 24880 34747 42216
1677 19420 24096 26073 27288 32789
1678 1629 2378 2684 4466 5478 9002 10236 15863 22172 25025 30478 31745 32940 40698 41426 44763
1679 17949 21444 38294 41833 44514
1680 2185 12862 16871 21114 21620 26266 34427
1681 3651 6667 8373 19777 28825
1682 2071 15378 18167 20387 20752 29883 38173 43503
1683 3342 14093 27280 28953 36575
1684 10829 13556 14387 27977 28736 35469
1685 4997 18711 22240 24210 30365 34693 41302
1686 3644 4035 8856 15796 35071
1687 2483 8727 9762 13782 16922 21259 22902 24292 24531 31127 34230 34571 39866 43594 44268
1688 12029 12718 24418 24813 38465
1689 9116 15372 23863 30409 30410 37220 38687 38974
1690 297 1043 6856 9885 10845 14771 17435 27757 29118 37135 41404 41492 43390
1691 7502 14543 23109 23112 28361 28756 35406 37581 39814 40453
1692 1048 9177 25660 32499 35056 40656 40713 43674
1693 151 7343 8174 12466 17222 25369
1694 6094 8747 14309 16892 19943 31363 40375 42143
1695 1412 14957 22640 29406
1696 9428 12767 22927
1697 5250 12857 16207 30468 34278 34618
1698 836 985 3770 10100 12076 16242 17851 20338 24632 27059 27762 28383 28702 29927 30212 30336 31919 37540 38167 38976 39703 42858 43245
1699 2074 10322 39854 44144
1700 7150 8997 13907 14654 16530 23342 23494 24325 30181 33598
1701 13102 16891 21607 22429 31424 37415 37770 38224 40986 41530 41935 42468
1702 240 6147 6319 15389 19446 30497 33921
1703 4144 16627 18884 28360 42524
1704 538 2267 7911 26936 30055 36341 38752
1705 9989 16120 31355 34121 44773
1706 13373 16068 20188 23782
1707 4535 5797 7512 10577 11255 11985 12417 13175 15700 23345 23707 26975 30226 30603 31279 31514 32164 32449 37748
1708 9378 18422 20203 33707 35209 40256 44145
1709 13074 13615 15243 15540 29764 29918 43051 43417
1710 1018 4356 8722 9743 37389
1711 2789 6650 20282 32546 44916
1712 6162 13228 18584 20947 25118 33733 38546
1713 8160 14365 15173 27429
1714 730 4047 4823 7924 7982 8654 8719 9245 10956 12779 14358 14398 20566 24422 26721 28947 33337 35261 36205 38366 40382 44892
1715 9458 17717 22330 23521 32192 35116
1716 2151 8625 11034 15273 16038 32220 41625
1717 13029 14080 28686 38452 38477
1718 5835 8050 19335 24011 26569 30753 44470
1719 10518 26100 28322 34092 34295 37988 39862 40148 44803
1720 4939 5636 8434 18602 24590 38020
1721 2365 19411 32110 33155 37799 38656 40563
1722 1075 3683 10518 29323 43011
1723 24258 28207 29063 38690
1724 1876 12926 20003 37757 41320
1725 243 1152 6357 6811 15220 16404 22034 23059
1726 11780 14957 39633 41132 43065
1727 4477 6971 11893 24456 27415 30515
1728 5157 7366 9402 9439 30216
1729 6477 18386 24889 24944 26415 29733 31368 32889 37633
1730 14238 24190 25647 33574 38557 40590
1731 1008 4104 29333 29703 33730 35188
1732 2486 14272 15841 17722 28251 32340 36194 41562
1733 17743 24164 27236 34765 35456
1734 9597 11747 21321 24348 25989 40781
1735 7452 8064 10280 25951 30508 35323 43796 44434 44625
1736 5137 6175 9738
1737 7362 9471 11301 32581 33700 37278
1738 8225 9552 17945 36783 41834
1739 3572 20586 20741 22156 29654 31513 34406 39843 41508 43927
1740 5256 7857 9775 12373 12850 13118 15525 15845 16487 21329 22213 25070 27925 29847 31962 33706 36627 37508 38513 42349 44053 44700
1741 4498 8967 10018 14499 18017 25316 27681 33147 36534
1742 0 13937 20825 24038 36549
1743 3347 8556 10550 11278 13316 27149 30798 34352 37990 38721 40689 43204
1744 2227 18105 29402 32465 36765 42977
1745 9804 9805 22639 24365 25483
1746 916 1777 4372 5430 14380 26273 27241 30852 33620 43528 43656 44904
1747 18722 26985 34648 38541 40705 43182
1748 6190 14385 19284 22479 29868 34453
1749 1056 7557 14989 17707 18406 26594 38382
1750 12224
1751 2455 24774 27342 30763 40811 41959
1752 13066 15288 18917 22960 26390 27194 29261 30440 35000 37919 38332 39569
1753 1 6844 34219 34749 43362
1754 2306 19315 19725 21325 27284
1755 9270 11810 20447 21021 23189
1756 1982 2703 7484 9165 18464 18831 28894 39818
1757 8595 13768 13772 14111 18506 43890
1758 20018 21329 22944 24875 37405
1759 2146 4660 7457 7934 12037 17295 18320 19087 20371
1760 3590 19077 28893 35250 38833 40564 41238
1761 22179 27134 33165 33470 42673 43208
1762 4092 7628 10349 12130 21804 39464
1763 23333 26152 28000 30068 36899
1764 4033 6217 15974 21708 30222 37435
1765 14832 16746 27179 30154 37156
1766 17490 41412
1767 3289 10192 29491 30264 32364 44025
1768 1090 8893 29143 31500 33409
1769 4019 15592 31752 33002 34498 37203
1770 10645 11040 16995 17868 19061 21252 24114 26235 27796 29441 29744 30049 38620 40419
1771 136 6604 8274 8657 25655 27079 42919
1772 1608 3673 3869 4645 11041 15843 23132 24597 26204 26525 27221 30430 31946 33036 33061 35987 39058 42770 44121
1773 9797 10948 32607 43923 44695
1774 14404 18919 26752 31433 38337
1775 6966 18159 22958 23231 30403 34348
1776 18549 27864 32286 37609
1777 8119 8507 8689 13148 16623 16831 21158 31088 33209 33569 36930 37241 40137
1778 285 1870 6716 9849 35120
1779 10038 12838 21963 25151 29788 39635
1780 5251 19999 22249 36094 43440
1781 748 4084 35121 37650
1782 17488 29901 39791
1783 4909 6328 6927 7675 11172 17296 18818 18856 19222 25790 26870 28735 32460 38623 40935
1784 15399 31781 36116 41784 43219
1785 5016 10607 18141 18456 31046
1786 1529 1808 13467 30004 33495 42140
1787 6671 6741 6787 14434 16641 18935 21232 30566 35267 42417
1788 4030 6424 26170 34405 37500 39055
1789 305 2351 7559 14625 16170 22828 28673 34682 41892
1790 6952 15531 27439 39564
1791 178 6248 19372 22112 39435 40488
1792 11966 19912 43352
1793 399 5199 5398 6681 12585 17109 20988 21048 22612 32939 38000
1794 6180 36444
1795 1615 3847 5639 12271 12958 15658 28846 31618 32943 41244 43547
1796 16034 33130 33749 36041 38542
1797 4689 10091 10402 12176 16067 19217 19957 24101 26666 29358 29949 34252 40191 40538
1798 33595 38882
1799 9581 10475 21718 26531 37410
1800 261 10804 12886 36040 37550 43711
1801 25612 31753 33813 36905
1802 14072 27472 30991 42720 43486 44282
1803 6216 12006 14764 16121 17311 20251
1804 9995 13377 23170 25038 34576
1805 8199 10587 17435 28334 28693 30112 35904
1806 3462 7906 16000 16491 21551 24015 26391 27852 37585 42746
1807 2411 6792 17196 39786 41347 43296
1808 15167 20098 32027 36148 39460
1809 2245 5117 12597 25934 26352 29279 33220 33317 33896 36057 38625 39347 40279 43077 44500
1810 340 3266 7655 13523 15412 16896 18312 23070 35655 35741 39556 39832
1811 10131 15741 25036 30144 31530 34612
1812 7752 24321 39766
1813 14561 29111 36301 39469
1814 5189 5523 9675 10896 14659 30295
1815 16813 23322 24718 35079 38575
1816 790 24212 28668 30654 32950 36533
1817 10426 24071 26453 43423
1818 959 2534 3568 6712 10183 16050 22367 31708 36586 37701 38807 42511
1819 845 15666 20310 23792 32416
1820 2766 12050 15840 16599 31757
1821 802 3755 7454 17068 30679 37338 37681 43241 44302
1822 1534 5507 24973 30581 34961
1823 4084 6479 11464 14997 33292 34043 36869 37649 40685 43538
1824 3005 9407 38913 41505 43605
1825 4651 5084 15734 16236 17284 30148 33332
1826 5337 13890 22237 29827 38584
1827 2070 10199 12971 15638 15670 16001 21942 23285 23454 28809 34148 37637 41403 43505 43511 44544
1828 22915 27888 27981 29466 35240 35440 42330
1829 521 11005 12542 20583 34861 35716 41707 43811
1830 3582 11134 19418 27590 38459
1831 2253 2389 5782 6855 11191 20739 24315 35019 43194 44474
1832 5520 7910 11329 21958 23018 39643 42567
1833 12810 23364 24579 30246 36528
1834 21983 26095 27423 43024
1835 27158 34470 39481 39649 39814
1836 5685 20729 24034 39788 40767
1837 5866 12977 31483 32190
1838 15442 16145 20033 22082 22088 22274 25081 40438
1839 5696 36770 41829 42615
1840 11835 12224 13275 15001 25619 42476 44401
1841 2897 6309 16408 20170 24431 25826 29903 38296
1842 368 533 3862 28802 31993 37629
1843 8087 9017 26691 35875 39396 40514
1844 8244 12090 20197 27970
1845 6973 20144 26705 27234 29019 32080 40109 42850 42875
1846 7991 11300 11678 22859 23081 29151 38302
1847 2451 6911 14690 23057 23237 27591 40550
1848 6276 9993 20737 23024 27881 28530 40097
1849 32 2333 12459 14489 14683 15059 21660 26623 27836 29699 33359 34237 34399 37126 38306 39135 40193
1850 13633 25427 26412 38139
1851 19675 28342 42473
1852 6070 10260 10415 12737 16082 17556 23072 28890 40919
1853 2864 3175 5018 15539 20665 21591 30651
1854 2785 10306 27522 31118 31997 32305 35594
1855 548 1337 2834 9642 42438
1856 2758 20720 26851 29745 41106
1857 1259 2690 2781 3101 5806 5901 6102 6922 16582 18695 19120 19575 23184 25916 36209 39250
1858 831 1469 29201 39814 44622
1859 8913 9753 11075 11300 28248 30281 31536 32740 32798 34036
1860 16927 27217 42262
1861 6328 19614 24626 32791 41827
1862 4795 18427 23704 33463 43358
1863 551 2472 15624 18614 41008
1864 11848 17916 24418 29921 36327 37675 38797
1865 4434 6207 22781 30014 35593
1866 89 4690 17387 19228 25575
1867 941 2208 2867 3036 7495 12643 17047 17395 18536 19084 19368 26714 33424 37666 40677 42681 44842
1868 931 3637 3886 17951 30547 32847 33248 35189 36220 38727 39865 42018 42514
1869 1332 20169 25147 40343 42790
1870 2714 9623 16468 17666 19488 24524 27297 30722 35477 35853 37326
1871 6744 9771 38508 40431
1872 2198 6727 18760 21038 27554 28179 30307
1873 2043 15932 17641 19395 29705 32402 34121
1874 11465 11522 20718 27545 32092
1875 3215 3774 10618 14623 21234 26039 26661 28708 33439 36401 40639 41762 41763
1876 9218 11071 19175 21962 28288 32518 36304 41812
1877 15216 15657 16460 18202 44335
1878 5086 9988 31770 34563 39040
1879 2390 3842 4632 14590 15315 17335 31796 42758
1880 673 10056 14567 22258 35587 44690
1881 11257 25647 32168 44163
1882 10733 11879 15233 17576 20166 26714 33131 43547
1883 12250 39931 40313 41918 42034
1884 8478 14588 19922 32704
1885 19 7033 35135 36212 38075 40230
1886 1446 2177 14058 14225 26403 30078 36756
1887 11600 23320 24266 37840 44898
1888 17238 17753 23389 31571
1889 76 5196 6868 9904 13317 21015 26513 27017 28475 41445
1890 829 2817 6021 10352 17686 19393 19643 21164 23487 28416 30597 34373 39260 41208 44080
1891 1649 2556 6131 6899 10263
1892 341 3133 27247 38588 42912
1893 1726 8326 9637 10026 12736 17374 22822 23458 23506 26341 30214 34963 42455 42582
1894 18589 19375 22793 30861 38779
1895 6155 22398 24477 25343 30635 39112 40166
1896 812 1619 7723 16532 31876 39678 43553
1897 9930 11161 27045 33193 38043 40000 40429 40574 41969
1898 4677 6620 7188 11707 22534 44822
1899 17077 25349 42298 42748 43871
1900 7629 23391 30663 34619 38816
1901 17481 20906 21487 32477 35107 35781 42634
1902 10385 14728 19164 21501 22300 35083
1903 1376 9440 31087 32009 37284
1904 3306 4982 5643 8124 12881 23902 43514
1905 8133 10357 22480 24216 35661 39382 42895
1906 562 817 6501 22708 28851 34803 42325
1907 888 1317 8957 16989 32581 38248 43076
1908 8113 11431 15254 22669 26022 33627
1909 5401 7636 8770 13059 20976 21432 28307
1910 17618 24237 26290 33722 34581
1911 16344 23195 38936 39624 42294
1912 3560 6660 12695 23889 37887 39212
1913 14444 25471 25632 34021 35848
1914 11743 12615 33019 35061
1915 5818 12901 21286 30895 32479
1916 5009 11519 15691 23762 31849 35320 44641
1917 4819 7511 17350 30461 35507 39072
1918 1773 6401 6656 17546 21746 33632 40462
1919 6867 7289 10958 13681 15040 18013 36807
1920 5049 13102 26653 31157 38655
1921 66 7088 13839 24640 27037 28208 36753 40972
1922 5840 19873 21106 24897 25268 26573 34681
1923 7659 31452 33652 36915
1924 484 5609 8922 9263 15114 24406 26379 31445 39302 39859
1925 10319 10702 11198 12073 17324 27044 32957 39875 41260
1926 1833 4196 6584 8540 10176 19270 20240 28421 29291 34563
1927 3840 12759 17564 33111
1928 8173 15030 16718 24045 36219
1929 273 11949 15241 19334 20751 21588 24036 26428 27766 30815 31568 32414 34745 34772 38089 39153
1930 4223 15882 16729 24512 39664 43916
1931 7123 12134 21086 37848 38740
1932 2093 2993 5686 11737 13539 16683 30032 38218 42488
1933 58 3581 4893 25261 36270 36436 44421
1934 2148 7182 8624 11602 13582 15704 16480 18471 22055 29412 31518 32159 41816 44071
1935 8241 16202 17098 23326
1936 4373 12244 20504 23478 31955 41368 42698
1937 1283 6463 6851 9040 14510 24346 24754 24779 27320 30036 31987 32915 32930 32993 33774 34685 39996 40208 40391 40907 44040
1938 1401 17431 18014 36296 39027 42899
1939 26946 28238 33571 35275 41004
1940 1191 4579 5037 12967 17996
1941 3621 5327 14910 37402 43138
1942 2797 7180 7521 11125 12776 13864 19144 19514 19875 20034 21107 23308 23849 25814 26537 28545 43114 44179
1943 4139 17779 18273 42362
1944 13422 26412 33825 36064 39658 42246
1945 1986 4162 17035 26659 31566
1946 3531 25084 25265 26339 28761
1947 17894 34222 39278 41212
1948 9539 18997 22372 41678 44827
1949 10005 12555 14457 16243 17237 19289 21511 23359 25581 31287 33485 37521
1950 1526 1841 2019 2264 5289 6762 8219 11156 11943 15222 20944 26303 31040 36144 36185 38321 39686 39857 43058
1951 11586 12935 21881 37987 40605 41821
1952 8006 14188 15636 18568 27068 30570 32205 33394 40279
1953 22446 23066 26200 26316 33315 36588
1954 4001 5017 7681 12343 22068
1955 3326 8386 21577 24586 27892 29890 39310 41222 44526
1956 5927 15497 21120 22042 23480 24186 25398 28392 32429 32624 35931 37605 42524 42761 44538
1957 2200 8505 9288 11144 14667
1958 1913 7648 15068 17994 26145 40091
1959 2843 11468 34221 36634
1960 2427 17318 25743 30243 37620 40025
1961 7640 15057 23251 24906 29549 33322 34475 34988 42854
1962 6159 7750 19692 32167 38894
1963 7136 18830 33397 35614
1964 11199 13489 15460 16117 17298 19129 25461 32687 38330 40766 43470
1965 3827 14626 23273 26532 27264
1966 4938 6053 14259 21156 34071
1967 1648 10472 20405 22141 30000 32412
1968 10235 21019 24064 24352 27377
1969 8591 13412 20878 40397 43038
1970 278 2213 3965 5775
1971 3416 7019 24405 38128
1972 8342 8646 20611 22779 22825 26149 29679 32315 40319 44859
1973 4377 28747 42091 44142 44919
1974 5028 19264 27222 28896
1975 8243 8820 11365 23852 36010 39074 39949 44007
1976 8489 32006 35564 42947 43550 44442
1977 9258 22495 24005 24545 32956 33034 36348 37075 42569 43460
1978 5399 21044 36977 39000 43833
1979 16661 32586 36260
1980 6843 17022 26112 34765 40024
1981 19758 20128 33650 33862
1982 3177 6504 12689 16367 20476 25729 31525
1983 5808 19099 31245 37125 41713
1984 5734 15060 28783 34883 41573
1985 6140 9161 10392 13021 28889
1986 3290 13511 15473 17345
1987 191 4112 22009 23785 25620 27589 37127
1988 2564 5002 5054 13605 17265 22795 30871 36066 40241 44441
1989 10493 11200 13268 17801 18363 27645
1990 11326 12383 14101 29017 31532 37332 39662
1991 2054 10536 11123 23449 25796 26517
1992 5167 12792 13998 14678 20118 21402 22516 22547 24000 24629 25484 29293 32774 36951 37310 41639
1993 200 2987 3088 4224 7038 13269 13513 13626 13740 22698 28509 41089 43861
1994 10058 11470 26068 33303 33853 36563
1995 4416 6048 18257 20651 23711
1996 3511 11239 29135 35104 44369
1997 12697 25098 28687 30120 39324
1998 1946 4444 15163 20625 23515 44194 44542
1999 9661 16811 30634 34776 42061
2000 8898 10593 11392 13665 26158 33753 41243
2001 1057 6772 17834 23290 29623 34225 36678
2002 3546 11757 17508 18759 23991 40864 43766
2003 11429 11598 12778 15501 17670 26892 29811
2004 8506 15550 16198 25749 44081
2005 5711 7707 9705 18177 41697
2006 6796 14367 36409 36935 38044
2007 5042 9955 25789 28946 36993
2008 18232 19537 19890 27321 27995 32724 41402
2009 2796 7526 16895 19123 24934 27672 27808 30193 33266 36082 36683
2010 6688 12355 12401 20492 22233 24054 30129 35765 38679
2011 19353 21859 25797 29886
2012 16131 18763 20271 24740 30641 34492 44850
2013 4816 20852 32298 32500 43093
2014 5680 8128 8509 34674 35921 39715 41420 42400
2015 12782 20705 21403 30247 38777 42796
2016 280 18823 19068 35543 36326 43314
2017 11842 16280 20304 30529 33304 39819 44230
2018 2067 12763 16079 18558 29665 34013 34508 36649
2019 187 5606 31923 33786 36672 39426
2020 1674 3395 4900 5695 13193 16222 31172 31351 34771 38905
2021 10933 23669 28534 32672 34960
2022 15396 19146 22307 26897 33039 33450 38036 41384 41528 41913 44313
2023 6281 8339 14143 32964 33702
2024 15566 28535 33884 35773 37756
2025 11732 16283 20198 39209 40935
2026 4069 11536 30621 35859 38317
2027 10881 23436 28977 34227 34517
2028 9896 9898 14122 19423 42016
2029 8643 12921 19499 31862 34660 37577
2030 4065 7543 7978 8987 9866 15276 20192 21566 42220
2031 1885 8864 9610 11043 12283 25799 27447 27817 33574 36829 42066 44513 44777
2032 16147 25663 37593 41843
2033 7722 24904 28779 38435 43007
2034 5642 6253 9352 9755 10498 11611 14415 18756 21683 28387 31509 40295
2035 3686 6823 26920 26939 36007 41012
2036 5600 5673 8813 14266 32448 32980 33313 37422
2037 83 3786 14157 14368 26503 40927
2038 6310 16901 17416 21034 31361 36752
2039 3495 16663 18548 33227 36347
2040 4913 20941 22422 25697 32725 38336 38489
2041 13754 43909
2042 17155 17176 17961 22606 25067 30961 32452 38694 39531 39903
2043 10032 34258 42058 42109 42474 43799 44353
2044 2021 7034 17581 18879 23229 26293 28732 32756 34948
2045 5472 11118 13478 15935 16018 41364
2046 2892 3380 4730 15236 19218 29038 29198 30842 38100
2047 6283 7379 13566 25103 25352 41769
2048 9329 19256 24651 24801 43574
2049 1453 1755 4253 4428 5495 27509 29103 34008 38327 39282 42270 44608
2050 1261 7096 35621 37597 40502
2051 5166 5987 9993 14965 22332 24408 27237 37444 39586 40115
2052 211 1856 8169 16032 28095 32214 41667 43055
2053 3570 11127 11219 22852 30141 31356 31423 33989 34228 35995 36404 39178 44896
2054 113 7548 8546 10878 14061 35802 39437
2055 835 22053 30850 31506 33781
2056 5107 9976 28194 34678 39915
2057 3300 6026 17353 21976 25682 31297
2058 1328 5056 10422 11871 16399 17082 25396 26276 27187 28689 34795 37151 41084
2059 8150 13776 19801 20353 26307 29197 34818 35165 40398 40848
2060 1089 3137 7186 14251 14439 14721 20427 20428 27963 33805 36001 37090 40249 40831 41116 41189 44719
2061 1904 9599 10253 11268 27079 27274 27457 37170 38313 42028 43651
2062 3232 5286 6352 13569 14214 14336 14969 25415 33533
2063 4415 11910 20207 24824 24905
2064 4152 6341 7903 20389 26169
2065 10541 24263 34667 41858 44608
2066 3872 13220 14962 14983 21710 30943 31981
2067 946 2763 3869 4070 6695 9819 11591 11926 16705 17401 21976 22914 25235 26927 30697 31670 40215 42042 44441
2068 6044 6806 11958 36111 38037 38318 41909
2069 5493 7544 16838 21341 31428 43018
2070 5078 17810 30737 41131 41494
2071 239 5713 10413 12562 20689 25249 26041 38632 42510
2072 18742 23172 23967 26060 42188 44861
2073 599 3662 5412 10561 16804 20717 25214 29222 33912 36221 36746
2074 8127 18589 24574 40822 41937
2075 9266 14027 15971 17332 21551 27849
2076 2143 9045 12336 36222 37312 40365 43003
2077 1692 10766 12868 19552 22691 25222 37946
2078 17420 20849 20856 21293 25883 26130 31339 36377
2079 3104 11552 12605 26258 41760 44370
2080 4725 27053 34115
2081 11570 15130 27706 28296 29067 33960 41882 44269
2082 7646 20178 21063 27610 37657 40170
2083 12081 13312 17662 29821 30723 33584 37790 39728 40790
2084 5018 8555 11698 13402 30172 41412 42675
2085 4028 5349 9794 20659 20728 22160 24370 26227 31866 39503 42344 44762
2086 5173 14505 25878 25911 34166
2087 2357 5319 8116 13931 17837 18175 18178 26582 26821 33751 36026 40597 44202
2088 12365 16913 36047 36415 36979 42713
2089 2169 3043 18339 22865 37404
2090 21288
2091 17879 20426 21236 27510 30258
2092 899 2661 4418 27515 41934
2093 9836 10165 11554 12770 27638 31780 38884 42069 42256 43094
2094 970 31717 32920 41830
2095 3497 4779 17156 30908 40279
2096 1278 2012 2186 2190 2359 2400 9350 12839 14107 16439 18532 21467 23082 25334 31736 37943
2097 2430 35747 39242 40935
2098 4843 5061 7959 29685 43344
2099 1283 2809 4231 31510 38361 41602
2100 3918 10701 18314 19405 19450 24118 41832 44084
2101 6081 12397 14293 23299 25123 28958 34671 41444 41730 44004
2102 11629 12114 12816 17765 33506
2103 21662 30371 32457
2104 10166 19468 32387 40618 43883
2105 3153 9822 21464 23723 35447 37141 43068
2106 11117 16914 17605 25197 28674 29954 40399
2107 4808 8214 8872 9777 13832 21240 22993 26338 27055 28024 31138 36102 43700
2108 7970 13168 15033 24936 28969 30015 32016 38585
2109 698 5270 11020 19852 22689 22968 27654 33971
2110 8586 12202 16065 20499 23752 43888
2111 2966 3080 7079 7398 7833 15386 18678 23588 26640 27921 34783 39846 40972
2112 2109 2631 8687 9443 13345 18417 19131 20589 26542 30259
2113 7584 10160 24588 31504 40936
2114 1123 7892 8417 13304 16925 18354 23197 29189 37153 41296 42270 42839
2115 13696 14729 24896 28435 29403 34895 39224 40827
2116 2475 12828 12990 37972 40649
2117 391 5876 26180 28458 34238 35951 38441
2118 1715 5931 13953 17107 17839 21888 24166 27639 27891 44165
2119 3735 11336 12045 13037 17424 26991
2120 4052 6689 8117 12456 17530 18195 18941 18944 34713 41989
2121 3831 5811 11396 31975 39053 42136
2122 1783 4579 7771 35046 41723
2123 440 2216 6894 7448 13251 19634 20722 25205 29375 31386 37914 40209 40211
2124 11749 12430 33567 40634 43330
2125 3523 4793 7371 19093 23463 34687
2126 7864 9731 30988 36261 36600 42181
2127 312 3022 14332 16072 22046 31362 32971 40924 43555
2128 906 3515 14986 33443
2129 19988 22514 23761 28277 29045 29919 30807 34944 37931 40364 43774
2130 8842 10182 10519 27676 32895 39402
2131 6949 12291 33260 39545
2132 3891 6797 8516 13508 14199 17882 18413 34909 40837
2133 2893 8033 13620 14279 15910 28316 33904 36427 40223
2134 2607 4579 9788 19332 19656 29814
2135 3206 7626 19409 22448 27764
2136 4758 9097 22323 31463 36157
2137 1265 11080 17000 19321 39031 42368 44013
2138 13708 15158 24122 30773
2139 5031 5704 6668 14840 17893 19724 21981 34832 36878
2140 7920 11752 20620 30066 33093 36003 37642 42801
2141 4155 7654 7853 12885 15564 15761 16416 17346 20116 25065 25765 29992 40549
2142 4258 10363 12060 17483 41328
2143 1320 6353 7593 14509 20161 20877 29384
2144 4881 6847 16190 17250 17719 22375 27833 31329 41415
2145 31013 34175 39839 43878
2146 1310 4848 5374 9143 9304
2147 11595 15965 20131 26665 28997
2148 2238 22767 32779 43455
2149 4260 12337 19861 27548 36215 43903
2150 1982 3211 8218 30625 36360 39483 41009
2151 3724 13396 16537 28219 38061 44066
2152 3929 4124 6392 14273 14562 20580 20758 23503 25997 36956 40591
2153 8331 16324 39647 42315 42487
2154 1431 12252 13675 15335 20218 37436 37465
2155 5508 7816 9757 9874 16854 42847
2156 662 1619 6035 8039 10615 14198 17818 25943 33119 35072 41558
2157 23998 27924 30421 38733 39984 40743 43928
2158 1352 1681 8974 9948 14202 29824 30927 37800 41842
2159 2502 2694 5208 5524 7411 12175
2160 9204 12272 20859 28184 30138 31276 38349
2161 2153 19761 36263 42706 42817
2162 3028 5010 5214 10586 22879 31540
2163 6509 6692 7348 13407 13458 23198 23620 34933
2164 6710 11733 11758 20088 23739 41262
2165 805 6112 16407 17075 42155
2166 994 3766 5402 17087 19135 25876 31502 35360
2167 11662 19597 21719 31851 36799 37339 38127 41975 42317
2168 9042 13039 28020 28610 39752 43124
2169 3271 13280 17996 28778 34353 36875 41861
2170 133 7330 14578 32688 42445
2171 638 2915 6162 8603 9493 11803 19606 20977 21409 23158 25422 31490 31517 36280 36782 37171 38614 40216 40874 41667 43937
2172 5233
2173 7255 7425 7834 15711 16184 16448 22337 22344 22355 25417 25709 26268 26643 26848 33324 35112 39880 43530 43734 44359
2174 4321 17597 34441 41819
2175 2783 16479 17308 29082 31839 33758 35717 37604 44611
2176 12224
2177 415 4461 12525 21587 22862 23727
2178 2818 4379 11401 11588 11731 17135 18948 19122 20555 21380 24556 25478 27652 27846 34161 37077 37456 37622 39745 41550 43658
2179 2077 14797 16333 18621 21800 37702 39798 41959
2180 2160 2523 24610 27233 35942
2181 12613 14185 14929 15723 21882 27276 30817 31228 42073
2182 115 3361 3992 5350 6532 6932 10457 11549 13509 14371 15104 16188 16725 20370 21493 21614 23897 25003 25066 27920 30042 34408 35048 35068 38552 38805 40046 40582 41521 42313 42598 43954
2183 741 9852 11131 12510 14710 17967 29696 29907 34375 44416
2184 8542 17674 29979 32158
2185 9798 10472 17476 30736 38148 41324
2186 2295 7086 9907 14342 14891 28153 32629 40417 40926
2187 7723 12531 18083 29721 36160 42778
2188 7875 18728 32678 33577
2189 2829 4285 5670 6038 7688 13486 22969 30566 33667 37490 40858 41188
2190 5325 8669 9474 9880 12482 20138 24014 32556 38025 44699
2191 216 2150 6305 7418 21977 23367 26604 31001
2192 13182 16028 25159 40510
2193 20290 36012 36188 40336 40349 40473
2194 25358 28271 34569 36029 38601 39478
2195 10695 10895 18393 27787 39256 40662
2196 11730 14982 15091 16259 18424 29186 32904 41406
2197 2743 5564 17078 21864 40565
2198 4277 40445
2199 7415 11865 12906 31215 33154 37307
2200 392 11887 14463 19166 19735 26972 32737 33842 36079 39442 43361
2201 11769 22924 24726 30728 31732
2202 1576 5003 19276 29463 41039
2203 2509 3646 9106 9468 37477 41772
2204 465 1023 8816 8940 10126 10571 18311 18696 18873 21602 22705 22747 32376 32659 36266 37957 40015 42762 44147
2205 10119 10269 14348 15431 15535 19930 23956 28097 31347 35811 39062 42113
2206 15102 37498 37782
2207 19442 24854 35282 43462 44028
2208 12504 16685 25058 27621 28954 36174 41744
2209 2856 3332 16559 22974 26639
2210 1174 9302 10389 10810 14160 14378 18900 20937 23927 27736 28485 29183 29902 31247 31396 34299 36379 37079 38071 40134 41485 43419 43775 44811
2211 2498 17903 21662 39583
2212 10512 11840 14613 22429 29667
2213 1473 1956 3190 16246 16344 23202 26963 44451
2214 20227 28364 29242 35188 39223
2215 13415 15885 16374 18398 18460 26080 32394 43232 43731
2216 12295 15080 18193 25244 33629
2217 6858 11498 28637 33830 35030 41507 43954
2218 13143 32113 32639 37026 43053 43495
2219 10831 11820 19289 23566 29277 30022
2220 1563 8443 12725 19683 33288 34088
2221 2978 10674 16959 20585 43847
2222 26791 26818 28129 37386 40428
2223 6306 13913 19177 20785 27353 37314 38062
2224 7485 8204 18093 27835 28482
2225 1926 6183 7667 19453 28599 33925
2226 14490 17928 22687 30199 36698 38579 39787
2227 2537 6058 10245 13873 30740 33601 44300
2228 16769 20378 26101 27657 31299 32025
2229 23327 24733 27853 29963 35361 40959 42051 43941
2230 2292 22593 27597 29553 32603 43767 44260
2231 26040 28116 28620 35896 41192 43966
2232 35903
2233 15602 20450 20887
2234 3707 5500 11250 14629 19910 25346 32735
2235 1886 5837 8776 10944 14772 17902 36374 40533 42057
2236 6707 11701 19510 29759
2237 6138 22898 23175 27018 31169 41099
2238 329 20860 24610 25307 26385 28037
2239 21758 30199
2240 2357 2542 6916 11705 11996 14088 17221 24609 27904 32274 32428 34442
2241 9780 10843 12275 17567 23680 24033 28069 35441
2242 5790 15521 20095 26212 26596 41771 42573
2243 155 2711 5829 17492 21298 21797 40329
2244 14826 15529 17600 18595 19927 30146 31294 36555 37712 37911 40480 43196
2245 3102 14643 18474 19162 28660 39900 40374 40427
2246 5641 10193 13186 17966 32553 42952 43524
2247 3633 12655 19209 26094 31159 40173 42980
2248 2530 2739 5910 7082 7408 8781 12151 14290 15119 23460 24816 28329 29347 30114 33474 37138
2249 7284 29950 38484 40909 41723
2250 26492 40047 40559
2251 2332 23377 42719 43382
2252 361 13515 13817 20491 33693 36347 41752
2253 1973 11340 14375 16042 17955 18507 21532 26723 34164 37329 43307
2254 2749 15566 26650 27750 30845 32968 33471 33519 35869 36249 38463 42853
2255 2387 13835 15556 17080 33704
2256 9497 13922 18651 27873 36646 43537
2257 3978 14546 18246 21469 24144 28059 29231 38868
2258 5004 20195 20399 21993 25150 26053 36545
2259 11442 14053 17640 20547 20619 23552 23740 26446 29546 30540 31130 39613 41395 42828 43904
2260 1442 15164 16009 28629 32537 34724 37641 43168 43694
2261 929 1691 7669 9475 10217 16621 18955 34361
2262 2006 3855 8197 13956 28740 31668
2263 3221 6422 8845 10869 13713 15188 19347 25035 25269 27991 28805 29269 41108 41764 42956 43819
2264 2759 10613 29397 29398 34748 37350 41675
2265 7881 18367 33495 33949 41919
2266 12616 25565 27066 37773
2267 17385 25229 31113 39544 40257
2268 3396 5170 22034 29662 42975
2269 11251 14311 31849 37687 40252 41327
2270 13716 14955 22711 34265 35248 43746
2271 696 3161 22637 23796 43244 43406
2272 54 510 9979 14784 36773 39176 39608 42952 43773 44873
2273 295 10871 13485 14775 14777 16126 16165 20438 21118 21131 25254 27450 29620 37199 40275 40987
2274 12067 34022 36710
2275 6498 13274 13625 24127 25393 26234 35169 37925 44436
2276 1136 1801 5913 8419 11321 22874 32437 33541 41093 41482
2277 2338 11238 14991 15553 16457 19953 38409
2278 5943 8972 9144 12550 15225 15801 16066 26877 37361
2279 5946 6279 30128 32926 41971 43608
2280 16645 19875 28172 29834 34169 36227 42075
2281 784 3171 3492 4968 6563 12757 15859 17365 24375 31293 33428 39803 41504 41688
2282 18806 32733 34922 36716 38990 39351
2283 5625 7985 8259 15118 15458 17649 19308 24819 43226 44868
2284 3415 11822 16928 26685 31327 32654 34656 37909
2285 4022 13124 25999 27261 31440 43821 44317
2286 1424 1448 3521 4073 4256 4361 31491 33430 36110 38214 40008
2287 1491 10656 34129 37412
2288 12780 15305 16464 36364 42225 42878
2289 14816 20919 32746 40449
2290 3282 6262 6757 7960 11211 21289 21421 25715 30079 30304 31951 34322 34825 39383
2291 294 2844 2883 10937 19667 34222 36330
2292 4499 9872 18692 21096 21506
2293 1059 2715 25476 36447 37186 41303
2294 8682 10464 11820 13253 18746 19160 24596 29732 31894 33179 33878 34718
2295 4774 13492 20383 38524 41350
2296 11940 16528 29411 35469 36564 37879 42491
2297 4246 6374 8005 14239 18337 19402 31307 32067 36889 41904
2298 3394 15793 16671 24258 43414
2299 2655 2660 4419 8576 10868 11293 18765 42447 42837
2300 6963 7137 28203 30397 35968
2301 4232 4805 18055 19095 21145 24721 35442 37088 37623 38377 40643 41392
2302 1297 2755 8050 14531 16434 18864 19414 26119 35930
2303 12398 13947 26448 33158 34982 40214
2304 8634 11660 17742 27265
2305 4490 13168 17712 19351 30262
2306 1118 1979 4729 25543 26973 30653 31420 34297 44488
2307 5914 17117 24454 29133 44909
2308 3281 7133 7907 15722 21517 23655 31369
2309 330 5120 5834 8919 16579 19679 26425 33026 33050 34869 36027
2310 6641 12625 17151 17511 20265
2311 20851 22529 26464 31709 39145
2312 5545 20923 26742 37652 40092
2313 546 604 976 25684 30553 39700
2314 2588 17809 19995 43069
2315 3745 17081 19815 36763 39852
2316 10644 29786 36235 37394 43955
2317 2950 4238 4622 6271 17790 18801 25487 33223 38885 41880 43334
2318 12795 13990 22067 33565 37624
2319 438 807 1269 1779 7594 9329 10671 19682 22154 31057 31671 34035 35555 36731 42270
2320 1526 28168 40650
2321 127 5136 5647 25870 34885
2322 11018 12783 15446 19482 22419 23343 39501
2323 17339 19500 28940 34522 35815
2324 6820 13804 25319 25836 38322
2325 705 2436 6993 7228 9220 16138 17535 21100 22489 24923 30239 32893 33579 37121 43736
2326 8641 13560 15297 15899 24846
2327 1062 2571 5873 30866 34107 40925
2328 981 29028 37009 41110 43268
2329 9591 25125 26629 33219 35716 44714
2330 2696 6749 11456 18189 23998
2331 3652 13000 17609 29171
2332 8836 23270 23971 24494 27979 37700
2333 7998 21953 30038 31318 39018 43852
2334 141 19691 25488 28654 29633 37823 40638
2335 1515 5090 22579 32966 42014
2336 9271 12480 15778 24421
2337 3145 15684 21169 21565 23698 35466 39971
2338 4541 6143 7070 39695
2339 16394 22894 29552 35347 36252 40535 42168
2340 3202 3753 10064 14032 16403 19786 21187 30127 33141
2341 35412 44784
2342 3444 3718 12856 14884 16370 34177 43256
2343 21079 25262 26739 31642 31823
2344 2458 10382 16019 18052 23491 25840 41717
2345 29690 32550 38932 40734 42364 42647
2346 7949 11234 20814 30867 35112
2347 1222 17526 19031 25427 26381 38743
2348 10083 15851 25188 32777 40844
2349 4682 6354 13085 19443 36441
2350 7881 20277 26520 26563 29166
2351 328 4134 4603 7797 8439 10175 14905 16160 17340 17524 21539 21976 26368 27664 28456 31350 34177 36154 36964 38193 40125
2352 10707 18573 19818 25634 32238 37767
2353 1173 2513 7294 28392 32945 39647
2354 11183 13635 16265 32470 44665
2355 5068 5319 13263 16255 20272 25240 26950 31047 33535 37268 39012 41510 41663
2356 6766 10640 14365 17892 32736 38684 44380
2357 6847 30782 34488 35863 43186
2358 12518 14376 14815 15942 26299 32839 35469 40704
2359 178 4077 14994 32176 35286 37020 41770 43353
2360 586 3240 13170 16862 28064 32042 35870 37175
2361 5755 12400 16069 19553 22012 26650 27760 29961 31038 39507 43137
2362 18165 20907 25630 40082
2363 2726 24306 28378 32421 42430 43274
2364 8016 8020 8441 10573 12418 23398 38464
2365 5795 9964 14174 23098 42733
2366 7167 14346 22171 23606 29000 44826
2367 3884 10137 11966 29256 33423
2368 2584 2688 3600 4163 10421 13283 34798 36749 43030
2369 3819 23970 27058 29131 37200 44548
2370 167 7155 7235 22636 23823 28109 29290 29830 30158 36493
2371 7611 11635 14609 18946 25736
2372 4827 6139 6142 14020 15488 18324 18521 21600 21834 22352 24832 36991 39179
2373 1578 2805 9759 12588 14542 15024 18580 19268 20004 23177 23432 26869 28269 32234 33289 33857 35200 40090 40181 41334 44293
2374 5725 7545 20498 21650 22648 32609 38832
2375 12013 15825 28493 30774
2376 14405 14743 15303 30221 34027 40341 40842
2377 7176 7406 17693 22276 30904 34778 35262 36840
2378 15631 22622 26748 38758 39065
2379 1383 21181 27627 30200 34914 40437
2380 6379 14075 21389 21417 28439 32207 34039
2381 642 4441 13601 15606 31931 39381 40225
2382 386 3221 7498 11736 41954 42328
2383 13837 16474 30402
2384 3241 3476 14369 30448 35425
2385 9089 14984 18021 32546 37246 38011
2386 9388 11367 22113 27997 30248 38777
2387 9240 21560 21753 29443 30073
2388 2221 6236 18923 19450 20763 22036 29791 42384 43593
2389 6489 16845 24883 30932 39798 42485
2390 14422 18419 19766 26560 30045
2391 661 2089 8788 38042 39453 43166
2392 12142 20614 22118 27137 32254 44131
2393 1859 4041 5143 6743 7129 11782 16665 17165 20064 23416 28033 28682 39443 41076
2394 4796 17391 21355 24886 42268
2395 8519 11978 13555 23442 24444 25668 26706 37434
2396 4357 14145 16483 18915 20886 27623 27689 31112 33062
2397 3392 3711 6166 9494 10558 11541 14292 16385 17289 19069 21443 23038 24138 24429 28724 29195 29389 29400 36284 38901 40020 40055 41088 44240 44802
2398 2488 3995 9095 12335 19720 22289 24041 25625 32037
2399 3823 11915 12513 16819 22609 30805 44671
2400 3417 6045 6878 10042 10235 11280 12748 18713 21401 24793 32001 32514 38256 43516
2401 1531 6381 13142 24320 25431 27971 31613 32106 33451 36767 38195 42552 43714
2402 172 173 27303 32715 39090 42477 44018
2403 13997 18574 23641 34146 35399 37204
2404 3730 12617 20579 20920 21097 44808
2405 4345 9865 18131 23806 30518
2406 2616 15209 25375 29443 39575 39657
2407 791 15377 19658 25522 34594 37778
2408 2634 32673 37629 43172 43533
2409 1992 4955 9201 14829 17858 22513 22860 24600 32728 37497 37874 38344 42236 43552 43670
2410 1674 2561 6134 12394 13207 27772
2411 2246 10287 12699 17828 36490 42741
2412 6565 6734 7028 7724 15484 24775 27665 30993 34571
2413 1198 7095 9550 14318 22749 27909 32876 37467 40231 44545 44877
2414 447 1372 7465 13799 16513 25613 28655 30701 37864 43170
2415 4635 18172 25131 29079 31815 41029
2416 820 19221 36420 38847 41794
2417 6007 8272 17805 27027 34351 35184 42711
2418 3746 20544 23250 23539 26236 31593 36268 39123 40357 42025 44109
2419 220 1673 20127 24242 24256 42179
2420 5059 9649 12188 18492 20149 27097 27947
2421 559 2234 11379 15127 22454 39140
2422 7994 13204 15208 18087 34423 40869
2423 4946 10795 14565 28511 44134
2424 1607 4179 11623 13226 15516 20931
2425 9615 11282 22975 28145 30124 32060 43543
2426 12575 16830 34280 34989 40228 44011
2427 10482 15443 18568 21308 40096
2428 13288 29614 30075 41923 43344
2429 5848 8890 10535 36185 39586 42970
2430 5867 11070 15167 16180 35461
2431 5789 13818 28748 29879 32481
2432 1216 8147 11455 13515 20784 24963 42765
2433 4840 5457 6611 11761 16051 21327 25175 28564
2434 1354 5385 19365 21628 31349 33737 41990
2435 13167 22488 26765 32030 44740
2436 947 2862 8554 14662 29366 38801 40702 41239
2437 10511 10693 10890 15656 21945 34020 38931 40331
2438 14 693 6229 24706 32392 39321
2439 16864 28465 29519
2440 7390 12254 14132 15862 17123 17580 19360 28706 33970 34815 37089 37834 42288
2441 3958 11154 18144 29037 39168 39525 42860
2442 2320 11175 15364 15886 18468 18998 21589 30179 30302 32589 36747 37757 38186 39477 42326 44770
2443 14161 17554 26529 26883 44479
2444 14283 14732 16383 27308 37331 39777
2445 17107 21491 23362 30928 34997
2446 721 7259 8384 29987
2447 803 4867 10418 16058 29751 34793 36574
2448 1325 3376 4691 22883 31025
2449 3960 9456
2450 4294 17980 30537 37753 40360 42032
2451 8348 33554 38042 40577
2452 2437 2928 3252 3634 5765 6434 7116 8878 10876 14204 16478 16972 17300 19516 25793 26688 36814 37960 41902
2453 11488 14799 20981 21680 22683 24748 25739 26768 27871 29849 32121 32366 33097 37502
2454 12495 30205 33566 36647 37085 38909 43160
2455 6318 24834 32946 33848 44224
2456 1358 23284 24767 26226 33670 34153
2457 6423 8490 8529 8866 10617 13939 16507 17283 22807 33681 34947
2458 7694 12651 18917 21142 24717
2459 5947 7865 10054 11167 15486 15933 17863 17919 18654 21012 21590 21982 22523 26240 27403 33305 33480 37806 37816 38419 39653 40524 41915 42826 44350
2460 3697 14632 14736 29324 42467 44552
2461 4834 8743 16916 17789 36565
2462 3941 6362 7100 8450 15220 18527 25044 29251 38091
2463 6345 16408 21460 23580 24251 27460 34803 40912
2464 293 4580 4604 6210 6956 7004 7895 9492 10121 10636 13815 14408 15293 17282 20656 25719 28009 29262 34345 40637 41233 42232 42902
2465 4082 7739 11167 12225 15329 19358 21536 23312 24544 26667 27299 41854 42081 42632 44657
2466 6919 11051 12342 18704 25106 27486 38563 39094 40437
2467 8888 14187 20578 30705 33031 44495
2468 9921 17394 18262 19845 21516 23352 32139 35490 37202 42308
2469 20458 21754 30003 30550 31496
2470 5883 18271 18657 23735 35659 36212
2471 10190 12972 13160 21157 24017 26396 43510
2472 22402 27414 29984 32469 34320
2473 23534 25440 25990 31205 31493
2474 19472 32302 36887 44116
2475 2480 4534 9155 13460 13794 32292 33669 37565 38456 42712
2476 19406 21243 34624 34790 34822 35164
2477 3265 17872 25856 26159 29129 34486 40097
2478 612 1315 5381 12545 14675 14854 17152 26460 39660 44858
2479 4396 18751 19770 20278 23286 23341 29646 43873
2480 785 8740 39328
2481 4053 6474 14246 23699 37196 43355
2482 4368 9891 12024 20505 27756 36050 36059
2483 4788 7516 13107 19462 20797 37188 37980 38481
2484 2448 6162 7408 20904 21473 23832
2485 5702 19318 24604 25545 30299
2486 6934 29866 30624 43520 44292
2487 5539 5851 7567 10734 12883 15580 15746 16251 17376 20714 21643 23715 24049 29112 32721 37688 39549 43340
2488 2840 3007 6879 7577 18838 29882 33262 39395 42791
2489 3927 13644 42730
2490 5291 11469 22041 23294 26501 29946 31902 33509 34609 35508 36500 43429
2491 2076 13963 26900 32996
2492 8406 13789 15530 15738 16821 18703 20174 27953 33004 34671 42751
2493 11996 12693 14841 20891 27670 41440
2494 765 1822 2056 5320 5716 8758 14886 18579 21425 28292 30959 35804 39514 42848 44022 44402
2495 14249 16691 18440 24344 34014 43301
2496 20222 24515 31154 37976 42111
2497 2635 12596 22335 26407 35218 40730 43403 43841
2498 2992 14770 17542 18041 18613 41909 43339
2499 4236 14419 17625 30394 30465 32549 34510 39970
2500 5019 25908 29972
2501 4077 5679 15166 30338
2502 6614 9590 11039 11179 18396 28623
2503 23734 28694 29200 35260 40132
2504 6543 9082 17947 24294 26979 27533 31684 32999 34568
2505 4105 7668 11270 28712 34241 35434 36987 37489 39681 42257
2506 670 6943 9479 30644 40810 43282
2507 404 16366 17396 18265 37301 41049
2508 2614 8101 8644 9384 12072 23320 33228 33395 36347 37964
2509 3519 5036 11946 15622 38523
2510 290 15207 23649 29435 34503
2511 3865 21964 28818 29850 32388 32742 34214 39119
2512 2086 4169 4958 13368 13795 20412 29793 42731
2513 682 5034 10875 12251 18097 18411 18792 41917
2514 3933 4845 21296 32112 33865
2515 11958 14038 29328 36515 37601 43980
2516 5495 5855 7956
2517 41412
2518 9858 19906 32486 36590 38820
2519 6091 7232 32986 36085 36942 40696
2520 8666 29704 30379 34660 42293 42887
2521 5956 8633 10799 20562 29438
2522 149 7162 11077 33619 34368 39737 42659 43882 44311
2523 1169 5473 8869 18887 20606 25748 27293 31712 39463
2524 3697 4251 14385 24919
2525 24085 24504 26847 37354 37904
2526 1686 33316
2527 1289 4906 4934 7732 8238 9853 10295 13673 18777 23838 29785 32840 37698 38406 39636
2528 2046 4539 5527 6568 8938 12157 18691 18772 18910 21031 22180 30184 30745 32648 33851 34835 38738 40246 42425 44122
2529 4450 8082 17943 26590 32407 34728 41945
2530 5777 13307 26088 29432 31601 44156 44384
2531 13234 13714 16500 33945
2532 18434 22327 24583 27323 38039
2533 6299 12878 17613 30157 32982
2534 12772 25252 36817 37027 37043 39707
2535 611 11740 16220 27061
2536 21985 25180 34158 35752 41681
2537 4362 13270 22048 24503 31070 33010
2538 11599 12546 19104 23899 28468 29808 31889
2539 4498 22200 32086 39851 42525
2540 14475 25543
2541 4824 8316 11453 17880 22316 22770 38380
2542 1324 2126 2621 7153 7583 14907 15268 16869 18533 19542 28301 32794 41686
2543 690 15791 16891 30025 34962
2544 7776 9183 15804 16769 20548 30041 30958 36452 43871 44475
2545 12986 27803 29869 32726 38208
2546 9805 10666 22846 24191 30764
2547 11334 22615 32255 40190 41468 41817
2548 620 7453 16268 17504 44573
2549 2932 15995 29126
2550 17220 26314 31125 31658 39649
2551 1302 15701 17815 19568 19755 33843 39476
2552 1149 4143 24457 33902 39671 39847 42515 44247
2553 6028 13375 30918 35487 39591 44239
2554 6775 15946 33654 44489
2555 2649 9978 33032 35037 43342 44520
2556 208 15175 27543 29388 30520 37735 38781
2557 8830 16242 20700 21292 21819 22614 25974 33738 39893
2558 4088 7632 19161 40044 43666
2559 10714 17892 25655 26312 27119
2560 3670 11045 16938 25308 26388 37454 38376
2561 1912 1974 15823 32543 34700 41158 44336
2562 1022 9751 13805 38162 44130
2563 600 5088 20850 23625 28820 33651 34473
2564 1660 14322 23136 41998
2565 11624 12791 33078 34369 38358
2566 3879 4498 16682 17944 18853 19549
2567 4081 9924 15586 21455 23825 27349 31055 33701 39883 42017
2568 2403 15054 19033 30072 33660 36018 36350 36702 36724 38810 42577
2569 4250 9830 10898 23695
2570 763 4886 7849 9517 19244 22223 29579 31124 32988
2571 2328 9355 21887 22089 23819 28666 33037 36837
2572 2048 3456 7300 16166 17009 28618 44911
2573 3620 16695 27307 38326 42071
2574 6750 16310 21791 26017 38354
2575 14168 14270 16863 32564 36958
2576 588 1111 10946 12154 16364 34291 43541
2577 975 2741 8380 12599 13238 14506 23427 27239 29021 30835
2578 9058 19152 19684 23604 25109 25834
2579 2944 21085 30557 38768 44015
2580 8238 9452 16006 25450 27982 28561
2581 1868 11112 14137 19572 26267 37728 41980
2582 1965 15036 28004 34208 40884 44328
2583 11942 19932 24437 26236 36573
2584 2397 3095 3994 11359 34662 40243 43936
2585 17447 19728 34567 37431 41371
2586 13705 15452 27170 29482 30389 30962
2587 927 5084 5242 6223 7994 8667 11483 12261 15547 17864 18211 26116 26557 29795 32350 34314 37011 43960
2588 7811 22976 34270 40255 40298 44779
2589 1183 17606 24124 40935
2590 2685 8602 12730 22361 44596
2591 3220 25531 27546 38531 43499
2592 1282 2294 3460 4508 5627 7014 8318 8473 9198 10009 11387 12619 13537 13834 15338 21155 22087 23578 23981 24973 25824 26107 26209 27189 29134 31266 31315 34150 35611 37023 37661 41537 41583 42633
2593 6848 23622
2594 2581 3432 7492 19274 29245 29995 40583
2595 7581 15598 18901 18999 22596 43181
2596 2095 6689 13440 18790 19195 21000 21632 22023 23793 24018 26654 28054 30240 31243 31285 31345 33076 36759 37270 37779 41130
2597 1526 1734 25145 25475 31615
2598 6980 8498 9252 32901
2599 2596 10475 28964 31620
2600 3947 31385 34213 36025 37155 39253
2601 7720 9996 11770 19128 25069 28647 29728 32068 32711 32911 32954 32959 34362 34363 39200 41075
2602 1459 6574 6846 10643 22604 23749 30790 40764
2603 4643 24048 24627 25477 29056 30995 34413 39577
2604 4146 11695 15847 20731 29303
2605 3069 16588 35008 38473 44449
2606 1650 3305 4950 14260 19521 20268 21365 25132 26043 36968
2607 3106 12923 16629 34251
2608 15317 16479 24861 39785 42568 42701
2609 3286 6457 7310 7613 11218 12697 20800 28091 32403 41962
2610 1425 12100 31996 35431 36243
2611 14953 16098 19261 21906 29604 44839
2612 2650 5293 6257 17833 24447 24716 26194 28603 33421 37612 41370 44901
2613 11445 12995 17514 18166 18731 21441 25632 30676 43219
2614 1585 1862 7264 8547 10528 12525 22120 25667 29962 30762 35266 35661 38108 38198 39421 42523 44098 44532
2615 6133 21809 26480 36464 43238
2616 4357 7308 9570 11342 16961 36423 38024 40440 40816 43153
2617 1380 4731 14926 16116 27978 36302
2618 1312 2082 10676 26804 31977
2619 4519 5496 6935 22840 25027 29091 44171
2620 12048 12426 14130 19668 23269 33413
2621 9102 10045 11613 20021 37261 40949
2622 178 14416 15180 17892 18201 36000
2623 3930 4122 6686 8273 11597 22192 25161 25732 31275 32408 33429 40143 40285 40817 41451 42596 43197
2624 42 1311 11228 13223 14723 15133 16993 19401 19579 22297 24866 34265
2625 3362 6511 9363 11214 14900 18940 37250 37525 41811
2626 1595 4353 7959 8896 13364 39876 41984 43350
2627 343 1934 20595 21922 33385
2628 3766 5542 28567 37195 40525 44010
2629 10116 14323
2630 31526
2631 8387 9897 13943 38652 39673
2632 468 8423 10629 22241 32649 37006
2633 2517 7221 18135 29411 38117 44264
2634 13176 16277 16512 38587
2635 4874 6127 9895 19055 29560 38282 42686 42793
2636 2469 16128 29798 31475 43676
2637 8154 12265 14737 24925 33766 35231 42920
2638 3794 8983 11083 17198 38320 38676 41953
2639 16299 29412 30437 40104 43304
2640 4654 22948 25292 27989 44178
2641 1937 6450 15653 16167 17172 26735
2642 10837 16998 18400 22076 38339
2643 9212 10139 36206 36381 43729 44210
2644 4093 10039 11710 12692 14300 21647 31748 36245
2645 9857 23348 25866 40624
2646 7402 15459 23961 24681 31474 31848
2647 8991 29002 34953 36388 41055 42973
2648 1562 9134 12943 15313 15382 27980 30377 35713 38948
2649 2658 8253 8633 12446 24971 31473 44756
2650 7382 25520
2651 3580 6349 12894 20704 31222
2652 10443 11938 12944 17461 19006 22328 28160 29836 39497
2653 1318 2001 4187 8062 10991 16726 20723 27784 28688 31537 35383 36638 37400 44296
2654 7899 9203 14749 32409 32875 35719 43332
2655 6086 13746 34627 35358 36403 37107
2656 10174 23041 24787 35955 42090
2657 10204 14633 19353 31149 35852
2658 1840 8779 10540 14500 22378 27932 30155 37509 37510 40723
2659 577 25096 32249 34838 35202 36196 37564
2660 6006 13587 18185 23976 28377 28552
2661 3910 15563 18844 22731 27379
2662 13455 17341 21626 28886 42379
2663 11383 22775 24509 33403 39397 39404
2664 3746 7292 29352 33492 44590
2665 2166 9131 22921 27174 38612
2666 16851 28746 33210 40342 44882
2667 1526 5961 14074 27706 40498 43616
2668 623 9225 10771 17626 29407 35729 39792 41170 42686
2669 3318 7672 14008 19871 25495 35519 36658
2670 4369 16371 18465 23255 23544 26078 26443 27427 39482 39654
2671 3204 19199 24332 29810 36166
2672 4310 9577 24401 33648 38259
2673 5820 9646 14162 14228 16450 18042 18043 19326 23314 24405 26749 27667 33719 33773 34174 35814 36730 40655 43709
2674 1098 12580 13923 17747 20481 23039
2675 19794 28072 30452 39108
2676 575 3251 21396 24720 27883
2677 7770 9205 16342 17259 21299 30658 33391 34689 36310 41703
2678 19609 23275 27820 30897 40967 42050
2679 21805 22859 32282 40664
2680 6978 12915 28486 36075
2681 29 6245 34690 42254 44319
2682 5556 8769 8771 12027 15569 21039 33515
2683 867 9038 12258 15120 19300 24891 26549 34145 40594
2684 21448 22732 28230 28664 29356 34627 34807 39364
2685 1382 6386 19314 32512 38723
2686 22723 23051 27191 37341
2687 17049 33182 36063 36980 38099 42360
2688 6577 21385 23804 37113 41420 42732 42951
2689 12070 12523 13311 19847 21876 24560 28680 33083 35120 39234
2690 18786 32682 35603 41384
2691 3450 7320 7321 11870 25267 31008 42331
2692 3839 17515 18758 30729 36506 37111 43645
2693 12925 23450 32859 33578 42914
2694 4512 9473 13587 26843 42895 44252
2695 688 1235 2304 3520 13528 25122 39723
2696 1108 1284 10143 13478 27805
2697 5566 9899 10423 11038 15752 21010 21540 22722 22866 23370 23585 25759 26826 37676 39855 39859 41477 41798 43758 43899
2698 225 8175 20671 25167 32247 36966
2699 9725 11316 25946 40147 43283 44864
2700 5040 10452 16444 18103 27701 29682 44217
2701 5598 5960 8821 10228 12230 19822 23469 28328 32102 33014 35563 35635 44274
2702 4592 7794 11105 14671 16447 18963 26070 38966 41801 42823 44541
2703 1961 5413 14173 14354 19004 23411 32057 39562
2704 4750 15316 17628 19323 22911 39024
2705 504 19842 21236 32896 36483 38895
2706 1967 7806 8663 11553 17197 22453 24219 26874 30578 38018 41038
2707 17797 19079 31384 32276 43063
2708 6121 17937 32818 44471
2709 102 6723 9000 15445 17043 25100 26435 32976 34176 37144 42717
2710 47 20145 26104 37393 44836
2711 3442 34196 39659
2712 6827 7410 13218 16208 18817 23179 28446 41606 43631
2713 6804 21104 21126 22622 27697 30245 32027 33018 36131 38244 40605
2714 488 6373 7243 26805 34909 36230
2715 3988 4680 6069 12722 21076 30177 42161
2716 13576 15864 26114 41612 41634
2717 1229 1307 4280 6096 11852 13755 14656 42541 42614 44113
2718 5981 9445 12293 12297 13117 14558 14981 16070 33268
2719 4408 10858 11420 14222 28032 31123 34354
2720 6317 11676 33739
2721 7050 14306 25976 26447 33134 36498 37317 44576
2722 1411 5511 18627 30941 31111
2723 5885 7270 8377 26797 41308
2724 2645 15298 16674 19188 23346 31600 38401
2725 23206 25750 31727 38871
2726 2528 8750 15548 16209 23208 39054
2727 1960 5188 7207 13894 31326 43718
2728 168 3877 5487 23847 28797 31469 34372 38908 43328 44711
2729 1184 2664 4977 24580 30559 32736 32955 34676 38223
2730 3180 8924 16538 17918 24293 35913 37884
2731 938 23939 29328 31141 40683
2732 9707 19585 25468 27370 31547 37710
2733 4230 8477 21901 28162 38414
2734 4830 7175 12985 17689 18022 18780 20114 22858 24486 26960 28841 30989 32722 35284 40463 40481 40992
2735 29106 30915 38175 42145 44490
2736 15602 21662 29582
2737 14268 22138
2738 427 13098 16622 28858 35042
2739 7222 10800 12159 12690
2740 30534 30690 31942 35190 40239 42189
2741 10288 10641 15764 24145 25784
2742 8956 13942 28207 39380
2743 7210 15283 17760 19921 40711
2744 2693 19645 28526 43444
2745 5081 9470 9767 13290 24044 39194
2746 4839 5384 18553 19490 27322 27352 41776 44857
2747 1915 3440 15805 19662 35832 39974 40834
2748 1499 1841 8589 10256 32217 32969
2749 18551 22259 26313 29192 35504 43871
2750 3403 22667 23972 29291 35725
2751 1949 3314 12866 29493 35592 37858 37974 42639 44480
2752 3074 8609 18706 22028 24303
2753 5128 6189 25470 38790 39337 42555 42595
2754 731 9254 25501 40792
2755 1638 1812 3360 17754 23040
2756 10286 28027 30235 36471 41739
2757 4704 20511 23245 36218
2758 1252 9530 10021 11341 11686 15081 15979 17270 18655 19344 22124 23841 25137 28616 32058 32426 36492 36897 40386 42543 42663
2759 29300 37614 38155 43321
2760 735 10399 10555 19174 21705 28742 36612 40678 44409
2761 16700 18617 21525 23560 27910 35152 36227 43655
2762 7295 18902 26065 37119 41938
2763 9796 14637 18665 19778 28839 30455 42834
2764 4365 23247 23486 23747 25353 26694
2765 17840 23110 41156 43983
2766 988 8210 9603 26243 39912
2767 2967 9397 15100 43742 44452
2768 1255 2501 5092 7090 9434 10736 12334 13106 16850 21074 23934 24234 25970 28422 31545 41063
2769 4747 29987 33991 36457
2770 3381 11708 12933 22721 30720
2771 6999 12809 13120 30574 31973
2772 3223 5359 6545 6859 24644 28714 32647 42861
2773 2455 4242 7124 10248 14235 15915 29615 33371 37044
2774 4552 16610 30541 32916 42027
2775 992 28376 29205 29564 31158 33511 39267 42162 43398
2776 1518 7532 7553 7674 9965 13666 16576 16939 23599 35414 38865 39874
2777 5284 5998 13655 19912 21699 30398
2778 19474 19582 20367 26291 36343
2779 1375 6713 18234 20978 22075
2780 9748 10603 30696 42324 43625
2781 7534 10549 11215 13836 25163 34880 36871 42330
2782 738 2405 6184 11178 31626 42917
2783 2133 5853 6078 27523 38555 40648
2784 2599 4916 5846 8636 10703 17537 18912 27098 41328
2785 11315 14912 18400 34716
2786 4431 22910 32279 42186 43604
2787 31283 33065 34227
2788 14170 23559 25643 33375 36277 39222
2789 8491 22738 24983 30938 31691 35321 41294
2790 7537 12512 38948
2791 5791 15709 24908 30408 39326 42322
2792 10699 11787 11949 15943 28585 36313
2793 5702 13779 20141 20268 26695 28170 28793 37586 38312 39275 41757 41828
2794 11337 15802 15877 17066 40059
2795 10420 11333 22048 24282 27395 29957 34789 37346 38460
2796 5130 11800 15151 33412 34165
2797 3507 7360 16325 22669 26398 34848 35787 42437
2798 1204 3874 17646 18747 19532 19911 20945 27063 37966 38720
2799 19958 29746 32074
2800 1012 12224 14124
2801 2703 8937 16535 21976 25367 30130
2802 5171 12706 18545 23148 24947 25142 41580 41676
2803 3773 5125 16343 36718
2804 1481 17694 18084 28302 37168 38745
2805 2833 6624 14237 14263 17697 28862 43317 43336 44718
2806 8787 14291 15758 17910 24110 28318 29896 29905 30640 31559 42173
2807 2421 3632 4231 41036
2808 3508 5652 8074 10011 11213 22680 36347 40301
2809 2492 16815 21414 24420 25763 36849 38251
2810 1817 4429 7810 11994 16473 17079 20803 27368 39418 42565
2811 1969 24426 34136 43603
2812 3538 4590 41412
2813 10481 20266 29675 32897 36831 44534
2814 826 3607 5773 8230 8435 10981 16278 19623 21072 23784 24844 25779 29408 31244 32456 36806 38858 40930 42883
2815 7072 8239 11362 16905 17439 25397 28462 33524 38616 39670 44789
2816 5480 7363 11419 12984 17005 28224 38190 38907 40628
2817 20354 28409 31827 35106 36531 40642
2818 123 3962 4290 9222 10616 13701 17408 23597 29820 34421 41480 44683
2819 7836 15234 18116 23004 38638 41283
2820 894 1903 5135 6436 11009 13302 13845 18560 22430 33244 33506 39088 43565 44316
2821 5726 10419 19225 24817 28135
2822 73 234 9917 12855 14490 16214 16591 17062 22022 26725 31052 31556 33721 34232 36520 37680 42537
2823 11147 16078 16369 33479
2824 4505 18092 23917 32072
2825 4154 4486 16101 17791 44614
2826 8655 22400 30397 34669 42091
2827 2786 5257 5491 25695 30613
2828 15527 16814 30420 31337
2829 4594 8070 10704 11955 18402 28352 37482
2830 7141 10069 11867 20926 27074 30317 37942 41674 44094
2831 14431 15090 21736 29926
2832 2197 2479 5824 11631 15549 19508 34285
2833 231 15572 19587 23238 30282
2834 2979 6100 8945 12239 13284 15036 27363 34711 41756 44047
2835 409 6128 11890 16424 24165 26277 35716 41497
2836 4336 5117 35607 40597 42224 43575
2837 7675 12461 22275 23106 28582 30021 36126
2838 13679 18967 28244 34547 38220
2839 3905 5473 7030 12684 13177 19262 19362 24727 29154 30754 31899
2840 10227 25400 26485 26790 33517 44429
2841 2215 6700 6723 22854 25210 26650 41490 43660 43780
2842 4540 15708 16187 19631 21189 22925 30175 39113 39204
2843 3726 8800 12732 17462 21278 22401 25418 30176
2844 16563 17610 19965 24594 25770 37922 43770
2845 12667 18698 44445
2846 1308 1811 4496 4928 17321 19048 20035 20857 22901 27749 29547 32076 36660 37786 38345 42589 44870
2847 1267 4111 5759 6212 6849 7968 11258 12775 14814 17054 17147 18445 22336 26028 32229 33483 35492 37881 44527
2848 321 12589 23007 30968 38762
2849 18674 23909 32581 33700 35382 38310 42816
2850 10489 25510 34159 35849 39101 41006
2851 12544 17170 18782 19400 39758
2852 1361 3119 11825 12896 20241 24140 25599 32625
2853 8456 9004 19638 31320 39247
2854 9544 16134 17493 30386 41700
2855 2966 7652 17578 21146 28161
2856 1618 8357 17202 20680 21415 24997
2857 13450 23211 27891 28871 29953 34986
2858 727 6433 9135 10938 20489 22994 23379 27922 35271 40527 40529
2859 6312 7165 12317 34419 41483 44766
2860 215 692 1985 27282 32054 32953 36201 39793 40506
2861 8661 15471 19121 19399 29655 31941 32066 42905
2862 13719 25703 31336 34215 36911 38938 41021
2863 26132 32669 40081 41042 41128 43447
2864 13468 23005 31963 41701 43865
2865 1545 19033 28624 36755 40022
2866 5570 6890 23052 32602 36550 42564
2867 12506 16842 30071 31489 40328
2868 4306 8937 13200 38423 38791
2869 1135 21251 22384 39844 40238 42519
2870 2644 3899 7101 12965 13340 21133 26135 26195 26564 30432 33734 40486
2871 3771 11661 16606 24493 26444 30532 31689 34436 34758
2872 4715 4994 7375 8620 11969 17145 17398 19159 25050 25125 26044 34484 35298 35858 36890
2873 1719 1761 9382 9391 10305 12063 14575 16846 21893 22421 26694 27504 30009 30205 36145 41340 44908
2874 725 7229 13024 34814 38120 41253 43415
2875 2935 5968 8513 12629 34844
2876 4327 6149 18687 26269 28137 29032 29390 29600 32799 40532 43586
2877 12468 25838 29424 38879 42631
2878 2751 11328 13262 20889 44813
2879 17555 30087 36917 42056
2880 2224 13742 22409 31064 33187 39201
2881 21056 23227 29219 34857 35596 35888
2882 20881 27933 32261 38666 40897
2883 3567 8520 11646 28559 31101
2884 3467 10583 13603 18760 22540 22555 23911 24278 25216 35911 37923 41474
2885 1891 5106 5168 14932 18348 27441 32303 38511
2886 10216 26422 27882 31877 36298 44433
2887 137 4446 4792 12488 18042 34216
2888 625 1065 20883 21846 30060 35541
2889 5574 24755 25679 32643 32803
2890 4910 8849 19113 24695 33042 33529 44686
2891 2512 22146 22246 23083 37885 39208 40627 41538
2892 12712 16745 27381 39512 41467
2893 1690 9935
2894 11109 17598 23033 23884 24253
2895 9126 14672 14846 19388 29602 32400
2896 3032 12768 13823 24119
2897 9030 9788 12257 21314 39922
2898 9291 9360 23767 30705 35069
2899 1233 9279 24584 38698 40586
2900 44 11675 12213 19080 32829
2901 8649 9205 10690 22270 25650 43842
2902 12071 19481 21854 23951 39043 40253 44129
2903 2103 10531 16501 31423 39064 40805
2904 13589 18106 18757 22214 22952 31867 32051 32604 34981 36689
2905 14002 15817 23650 25494 29089 33258
2906 2496 3488 9150 12032 15528 17273 18519 22651 22973 24546 25033 39373 42120 43367
2907 3067 5064 34313 35314 44400
2908 21184 31007 32227 33486 42535
2909 10110 11312 15905 21447 24123
2910 4806 10935 13208 13608 16739 18282 19967 28412 33902 37955 38098 39006 44199
2911 14402 15334 28204 29938 37061
2912 5665 19148 21336 29421 35445 38444 43156
2913 7567 8312 17314 23271 27520 28047 36882 39641
2914 6406 7066 12620 22077 32067 38166 41850
2915 7363 11877 17114 22855 32468 41369
2916 5414 5748 6073 6742 7561 10114 13017 15078 15939 17730 20167 21644 22670 23223 23960 26016 35891
2917 1760 9805 22936 28015 38053 42249 44900
2918 7586 9111 11098
2919 23944
2920 680 5122 5871 7637 11015 16590 36485 38279 40905
2921 8220 10447 14360 18675 19620 36723 36923 44271
2922 3356 5937 9563 12036 22569 22750 29569 38126
2923 1081 9879 11833 11987 12536 14670 21161 24955 29351 30529 40018 42620 44198 44584
2924 373 29494 29495 34198 42969
2925 891 1072 4773 6954 20928 30011 38315
2926 3585 10562 22387 24247 44640
2927 4051 6034 6441 12479 12966 13905 14607 20839 25116 28092 29670 31634 35826 35975 37082 39601
2928 5096 11878 15523 31617 31797 33000 38470
2929 11159 22111 28063 30492 36553 41743
2930 15893 18121 23574 28489 30667 32792
2931 11812 14634 16390 18293 25929
2932 3045 8531 24857 30145 32464
2933 8013 14681 16743 25572 25573
2934 7940 8320 10249 38046 38557 43341
2935 461 526 2756 13245 34800
2936 2079 5550 8808 14396 16382 19655 21802 24448 27469 31370 31615 35157 36486 37330 41349 44422
2937 7946 19652 26035 33261 38815 39568
2938 6200 10832 14191 16796 20446 33380 40335 44308
2939 10371 14765 16330 21353 31758 33270
2940 3473 4375 5456 5599 11907 16644 22435 25467 36656 38493
2941 16735 24850 30694 36450 37718 41227 44467
2942 3996 34392 38216 42566
2943 1479 21642 29918 32265 35547 44582
2944 4007 25258 26887 30008 31843 31965
2945 4847 13636 25913 26248 28285 35933
2946 3534 7063 7961 9653 11608 15689 16449 19720 26957 28638 39299 41328 43513
2947 3447 10236 17422 17830 43625
2948 3189 4055 6016 13070 13643 14825 15775 16489 36560
2949 528 2327 5190 9260 13983 14852 15069 25018 28100 29719 36668
2950 2372 15743 19248 21976 26242 31562 33341 35178 37534
2951 11765 21879 22086 29127 32713 39552
2952 16630 22933 25060
2953 6976 14495 16029 21331 24725
2954 8497 10404 19704 20283 22685 31754 32381 33094 33955 36982 37342 40686
2955 7821 16171 19773 32776 35162 41819 43728
2956 8226 12216 14638 22242 28762 36277
2957 7303 20552 26515 27951 28621
2958 8189 8877 26905 29158 35792 38267 40782 41914
2959 16642 23647 25471 26905 30715 30727 34519 42230
2960 11284 16557 25744 27600 34060 34439 37986 38177 40414 43570
2961 21662 21860
2962 4131 11201 27596 30162 44235
2963 175 5843 8054 15632 16030 25516 25919
2964 10358 12701 13358 13879 22527 25178
2965 5761 19832 20605 28010 28663 29680 32478 35560
2966 7613 14469 21599 26886 28445 39559 43370
2967 318 2313 7117 14604 29068 30642 38004 39471
2968 1223 2815 9227 21147 31417 34135 35998 41959
2969 2299 18428 22294 24773 27507 32922 40487
2970 4403 7820 26469 31409 31762 40067
2971 7447 9741 14121 42030 42539 44825
2972 542 9233 24976 29672 44125 44354
2973 5514 6468 8508 15671 35690 36540
2974 798 14615 32516 34614 34615 39674 42345
2975 4142 7449 19781 29748 31716
2976 24078 24265 27872 37569 39304
2977 10903 19826 28246 34915 43150
2978 800 2310 16790 27930 39709 41412
2979 12 3276 16833 21314 21480 32780 34830 40780
2980 1935 3714 10551 15020 20400 22287 23472 29284 31644 32806 33552 33907 35357 38836 43266
2981 5084 6412 6589 18546 42022
2982 17721 28645 29401 29983 42401
2983 3888 16503 20983 34217
2984 12219 15407 22920 25638 38424
2985 954 2026 3496 6795 31570 34770 42998 44572
2986 2339 5116 17993 21751 35235
2987 12180 12199 22283 32987 44672
2988 4520 28996 31221 33850 43919
2989 1668 10680 11324 24646 25073 30854 36610 36779 38289 40917 43639
2990 8246 10654 18589 27075 42586
2991 3643 21369 22967
2992 5817 14219 16012 16019 20590 35649
2993 2849 11637 25520 41412
2994 8379 20329 23573 31378 32785 35336 36412 41465 41466
2995 11190 14641 21313 26156 34678
2996 2558 5416 24476 37730 38114 43264
2997 196 676 4626 4794 19721 22780 33278
2998 352 4640 20560 23672 43497
2999 23999 28477 38786
3000 2470 3468 3525 4798 34913 39773 39985 44362
3001 13530 17553 22468 39322 41185
3002 828 3018 10212 17026 17112 21381 21919 24964 42295
3003 7378 9066 10004 14782 15677 20082 21148 27512 35839 37093 37266 44020 44033
3004 15388 15560 20694 37711 37907
3005 14923 16787 29932 35994 37684 43733
3006 3292 4412 20448 24192 29837 32699 34883 43441 44513
3007 2196 4506 11121 14493 15301 18615 36664 40380
3008 8058 43787
3009 6425 11844 26073 32384 35568 41246 43600
3010 9929 15427 27413 35558 37129 37745 44466
3011 1908 15949 16640 21894 22627 23985 25243 25985 43648
3012 4671 7573 9477 12860 20838 25149
3013 237 1922 7327 21800 25649 28860 31937 36479 37702 39694
3014 22433 23107 23108 32138 42047
3015 31454 33583 36487 37428 38892 44160
3016 531 1228 2639 3389 3871 5358 6726 7347 8876 9622 9828 10870 11513 11514 13423 15063 15978 16238 18123 18576 20601 21360 22560 23002 23826 24559 28311 31817 33712 34243 34287 35636 38371 40546 41282 42691 42693
3017 1073 8316 12802 30415 31475 35637 38207 38774 43855
3018 423 15913 22565 22868 26011 28776
3019 18524 22142 26917 29152 40426 42110
3020 1182 14464 29084 33220 42951 43515
3021 22216 26284 32996 40548 43934
3022 3465 5738 8207 15239 19607 23334 25213 30300 31264 33594 33913 35925 36986 39860 42004 42211 43408
3023 1713 5604 10194 22168 31837 42461
3024 1873 5328 8575 18351 19885 25124 25917 28641 44412
3025 7645 23525 29755 40622 41593 43657
3026 1913 3851 15818 16179 37903 39148
3027 875 18244 25584 27426 32657 40043
3028 1013 2578 4123 13932 23783 36088 37303 43568
3029 10270 12974 13084 24207 24833 31230 37262 38026
3030 10904 11820 20783 28185 35661 36701 42282 44512
3031 16720 22502 30421 32947 38437
3032 15756 15916 17027 20186 35941 40422 44054
3033 10994 20430 21726 39293 44173
3034 1495 6418 7096 7214 8303 8971 9314 9724 10224 10244 11142 12363 16406 24805 30331 33891 35439 37729 40354 42153 42303
3035 13225 17532 22472 26993 36893
3036 11408 13526 18001 19140 22616 40314
3037 25980 40087 40260
3038 1981 4322 4645 8001 11652 13277 22696 29601 31179 31190 33120 36734 40970 41050 41967
3039 3818 20873 23010 35015 42903
3040 389 924 1603 2745 5095 12751 22504 37109 41112
3041 13978 15440 16535 19179 34253 41244
3042 3040 22519 30586 39335
3043 8823 21355 22137 35572 36275
3044 80 2032 10210 17096 22254 25092 29178 33607
3045 15481 22548 35380 36596 41319
3046 5603 11065 27044 27514 38393
3047 19891 22626 27257 27358 30491 39962 41704
3048 1154 6908 10448 14472 17092 21050 22394 28562
3049 8568 14874 34275 34318 35187 43713 44273
3050 9038 24685 25463 30714 30972 43686
3051 12769 13134 14176 16624 44333
3052 4388 6243 11671 21098 23501
3053 4787 12970 21162 26940 37036
3054 3710 16240 24474 25201 26477
3055 4096 6950 10527 10529 25030 27313 41396
3056 1002 1240 1285 1367 5698 7661 8580 8817 9246 9366 10014 11299 11355 16888 17704 18906 20062 20078 21392 21475 21593 22824 27054 29415 31705 31764 32963 35670 36291 38183 38816 39778 40157 40614 43275
3057 15646 25063 25094 34910 41326 43621
3058 12323 26348 26418 31761 36631
3059 8430 20724 32100 39376
3060 10507 14037 18980 33269 42949
3061 9438 12490 18226 19531 20042 25307 25857
3062 30 12694 13519 14898 41977
3063 3641 12077 15959 17171 17869 20782 22085 23498 25271 37383 40485
3064 1339 16405 20157 22006 23399 26257 30524 33334 35650
3065 7886 9975 14586 16801 17146 18002 21799 22444 27996 39406
3066 5041 5221 13762 16611 17971 18630 18632 20541 20829 20874 23522 28823 29379 37889 42392 44273
3067 7125 7713 13408 19291 25079 32149 38915
3068 9688 21133 23693 26394 29163 36087 40704
3069 2386 6160 31912 32414 36056
3070 3393 9729 16282 16521 29835 43257
3071 9925 30173 34428 35742 38665 39870
3072 8104 15885 31059 43988
3073 327 25847 26298 36119 37254 37979 39604 41749 43814
3074 11657 16204 24244 26230 33294 40178
3075 6653 7762 9826 20431 23860 31316 41197 44168
3076 7283 10976 17105 20355
3077 1561 14676 19853 20594 31983 39743
3078 3054 16713 16970 17042 36609 37486 40244
3079 991 32630 37372 40411 44110
3080 1594 3509 10882 20472 22781 23536 33630 35289 36830
3081 10663 12644 24379 38888 39724
3082 3089 11166 15083 19455 43270
3083 2938 8576 8734 34564 38394 41278 41978
3084 31693 39699 43611
3085 9802 13003 18966 23159 28531 32521 35629
3086 1068 2324 9844 13518 14594 17854 18960 29529 32225 34251 34949 41556 42067 44221
3087 7999 15690 24484 24549 27034 34027 34393 38049
3088 2108 3463 17182 18168 23562 25563 30262
3089 16638 21731 22285 29469 36202 38205 39889 42444
3090 3916 8731 10918 12043 13023 17052 33532 43046
3091 12417 28823 40935
3092 6297 6682 26231 27962 40755
3093 2922 16358 20905 28904 29412
3094 1410 3838 14821 16025 21095 23344 23982 38565
3095 15490 17415 24053 24330 30296 36518 38604
3096 4938 24527 43651
3097 197 23704 24423 29148 35309
3098 1366 5434 6697 15050 20693 29787 31585 34664 36637 40761
3099 14869 15917 18251 20100 21957 22334 28991 34274 34589 36721 40361
3100 237 3990 13125 13394 22177 30495 31153 31844
3101 8333 10929 41017 41064 42285
3102 2287
3103 3950 4864 5573 28720 39853
3104 2348 3967 9922 10769 12708 27929
3105 7316 11361 15121 18196 43484
3106 659 2167 3587 4597 7038 8401 9358 13281 13613 17972 31925 40218 41506
3107 11709 24195 24649 26941 33922 41405 42884
3108 3778 13429 21295 22014 22760 33459 34799 36621 36778 38466
3109 2585 14473 23060 32435 37161 41044 41620
3110 9398 10158 13497 17034 23116 30027 37692
3111 3086 10983 17399 21706 30949 33191 41715
3112 4160 5900 6410 21057 21343 36262
3113 2222 11949 20958 22466 27942 31203 32632 34953 38839 42084 44213
3114 4669 29010 40370 43906
3115 7573 12659 15867 34133 38931 42879
3116 3489 12786 16647 35616 37443 37992 38802
3117 1627 7462 18229 19227 19602 21042 26281 28315 40042
3118 17917 27202 27396 39069
3119 12138 26676 36190
3120 1749 2637 3498 3678 3747 3767 4778 8183 8403 8930 12054 12160 12404 12566 14295 14930 17998 18970 21345 21667 23930 23959 24617 24724 25303 25745 26225 27798 28395 29097 29310 30051 31201 31635 31813 31830 32600 32681 36055 36334 36868 38490 40404 40640 40899 43334 44914
3121 3019 11526 28130 29216 30677
3122 1856 5486 9700 10000 14371 25348 26188 29966 32197 36809 40934 41178
3123 22336 37845 38767
3124 7644 10353 22357 26331 29676 32222 41152
3125 4192 6982 16700 33367 36513 37190
3126 2081 13361 32179 39458 41343
3127 1588 4279 6075 8431 9305 13783 14042 15085 18133 20548 21916 23760 24314 27346 29782 30940 31054 32390 34811 35476 36519 36786 37376
3128 13954 19981 22350 37239 38736
3129 1263 13388 30824 30919 33006 35489
3130 3334 6061 14985 31982 42206
3131 3116 9918 12571 16798 32491
3132 6828 12298 25859 27514 38392 39767
3133 9670 11265 20832 32744 37295
3134 1690 3765 4107 10564 31916 32738 32988
3135 17698 18790 23162 27814 30442
3136 3665 4650 13928 22836 27952 27994 28195 29092 32188 32853 35753
3137 653 1936 3017 4453 5863 6072 7702 8711 10885 12325 15107 20994 22134 23509 24949 26609 28558 28988 29874 30276 33503 37110 39323 39401 39790 39992 40130
3138 10971 16378 16704 40866 43610
3139 446 1386 2887 3224 4863 9141 9500 13400 19610 21515 31150 35516
3140 17060 17478 18429 19110 22282 23983 38413 44498
3141 6486 25056 27610 33810 35556 37631
3142 2053 3630 13293 14727 18343
3143 12224 13548 21662 23015 24252 27120 31686 35111 38988 43285
3144 3068 5751 11680 25591 32814
3145 11951 15554 20074 20264 23466 26335 43288 43635
3146 2231 18619 20153
3147 3035 7277 15517 17624 17669 21265 22022 25169 26497 35546 37531 37934 39812 42366
3148 4243 17752 21339 29248 39453 39909 40954
3149 780 9489 18467 29353 35926 38608
3150 20007 31104 33646 41409 42146 44608
3151 19301 27495 31131
3152 24405 30199 31632 35300
3153 4901 9651 25537 40978 42931
3154 3576 17775 20500 29341 35342
3155 12696 20409 33933 36347 38230 44841
3156 6194 9507 15105 19647 27864 36195 37421 43338
3157 2667 5224 6255 7013 13870 17187 19258 21870 25448 28537 30357 37841 38503 42624
3158 14726 36083 42104
3159 371 18670 32330 42403
3160 2375 18316 36958 43871
3161 14480 19622 19678 21594 27830 37997
3162 11062 24970 30769 33708 34345 43619
3163 8223 14136 27210 31746 35187 40112
3164 10 16736 28483 34620 40039
3165 5445 6771 21679 30389 41920
3166 6723 10719 15290 16823 42942
3167 16292 30784 37901 38948
3168 6198 20566 21664 29630 44155
3169 1419 14079 15342 18077 28142 31662 41177
3170 19977 26115 32210 41612 41742 43898
3171 9231 12801 16955 23840 40131
3172 3248 4748 5180 16443 28623 38567
3173 33 2503 2728 8780 27228 39784
3174 7431 17982 24307 32095
3175 5248 17148 26817 32424 38407 38685
3176 10912 11360 19367 22449 26221 26774
3177 2165 2692 2874 4481 9130 12165 33136
3178 6342 16498 18563 23282 28888 38827
3179 3931 13125 19035 19190 22797 28056 36127 39496 41988
3180 69 1129 6537 27201 41484
3181 9181 9739 15584 23479 25628 36101
3182 2053 10762 13996 15042 16301 32067 38526 40600
3183 1674 15755 25677 29707 33478 35329 41307 43375
3184 3722 6199 29005 29451 32264 36384 43554
3185 5983 12115 13119 17536 24702 33143 36227 36536
3186 22935 28436 32024 43777
3187 2800 3278 6602 15799 16466 22084 25666
3188 5354 19381 25166 27661 36563
3189 23805 31498 41221 43337 44559
3190 7339 13960 14697 22219 28265 36256 38603 40224
3191 6274 11968 16215 20997 41778
3192 15772 19304 26154 26337 39030 43765
3193 13948 28882 31219 39004 44438
3194 3094 14783 23138 28234 44518 44535
3195 1921 7919 14359 19898 22030 22458 31832 33982
3196 3012 14106 31020 31204 35164
3197 9079 13385 15822 25858 35677 39755
3198 989 4466 21973 33527 38059 38420
3199 18264 19594 20869 27699 31747 36272 42986
3200 675 2495 5994 9021 11735 18218 20027 21094 25181 34685 34957 37774
3201 6467 31484 32910 33994 36529 39105
3202 1227 6817 7677 8329 9102 9937 10311 15674 20738 21367 21476 22621 23696 25125 26953 28612 32183 34142 36175 40726 43964
3203 6418 6836 9940 10415 12758 13763 26968 32153 37603
3204 13055 18117 18503 27165 31382
3205 12462 14206 35813 36676 37441 43661
3206 2481 16360 21423 23866 36365 36981 40560
3207 4923 7282 11188 11919 24888 27813 32819 33379 37042 37571 38512 39037 41298
3208 4008 13284 14269 26618 30272 34841
3209 2376 3209 3210 7053 11851 13210 14529 17454 19433 24470 28709 29012 32439 39491
3210 1373 5182 7114 8076 14210 21333 21492 23263 24540 24914 25896 28086 29838 31592 35130 36149 36208 38507 40684
3211 1032 13349 23331 29484 29684 33447 37274 38163 42098
3212 20633 23160 26952 28975 42787 43588
3213 509 9037 11399 23115 27421 41148
3214 3730 7876 8405 10099 32985
3215 5857 9645 14044 14723 15614 16625 16839 25512 27837 31286 32717 37843 41397 44031
3216 7161 15953 20896 28310 33452 37605 40621 40833
3217 7221 9680 10234 14834 26076 26619 38418
3218 3577 11290 11534 18867 22551 23746 26278 26452 29204 31022
3219 6617 8660 15562 17297 24630 41086 42938
3220 5753 7971 11327 16096 27212 27776 33347 37022 40060 44117
3221 3107 7240 30390 38980
3222 23949 25831 30892 32158 44513
3223 3747 6816 13973 34890 43260
3224 3141 4258 10470 16773 31141 39968 40493
3225 6991 9413 24023 25121 25473 39954
3226 2727 9255 21249 31835 44387
3227 4145 8825 22242 32142 32445
3228 7305 24673 33367 34726 38870
3229 1291 2810 8295 11474 22190 24435 27678 29536 37951 38488 40188 40469 41249
3230 2670 7572 9803 23101 30713 31147
3231 2852 4592 13718 27430 31988 33102
3232 20627 23380 31193 31839 32766 34596 35099 40233
3233 7246 11489 15171 24203 31672 38741 39996 40297
3234 5089 12222 15311 18947 20287 25881 28259 34115 38300 43720
3235 837 12232 16938 35382 41511 43557
3236 3004 11952 19495 29077 42619
3237 1949 7446 13250 19757 24743
3238 2885 9000 12869 27178 30326 32606
3239 311 5008 7217 12733 16005 18680 29742 43576 43578
3240 2713 5202 5907 8692 10409 11829 14060 16852 20617 28643 31821 32727 34308
3241 322
3242 7887 11751 22778 27129 27990 29099 31853 36833 37214 39410 42233
3243 13802 14713 15296 28727 31432
3244 8690 15821 20453 33631 38783 38921
3245 4056 4929 23277 28205 28422
3246 22496 29426 32671 35608 44315
3247 3038 19439 22212 28698 31391
3248 8227 15819 35103 36696 41309
3249 323 15157 16358 17540 20924 24743
3250 5735
3251 347 5379 12358 12823 14445 16554 21422 24222 28974 30620 31308 34266 35283 38077 39104 39781 40830
3252 7704 9075 27048 28929 42367
3253 957 17844 25273 30585 33022 36227 44748
3254 1171 1199 2959 9385 13149 21346 22439 35227 44606
3255 7142 7780 13671 17721 28653 36354 41333 42470 43279 43567
3256 2203 2523 4522 6702 8224 9692 10036 10637 11584 26833 32759 35887 37738 42536
3257 9878 11669 19790 21263 23260 30544
3258 1200 2911 27611 29467 29513 34334 34566
3259 1030 2110 3162 4191 4583 11027 16499 24418 29291 32236 32503 32572 32927 37429 42101 44691
3260 16827 19127 23134 27319 34559
3261 4304 15705 23947 26997 27927 31213 35546
3262 3602 17443 22210 28308 38122
3263 9009 9250 12061 24442 25689 29122 34483 43140 44189
3264 9296 20846 22643 29450 34058
3265 15156 18368 27686 29327 31481 38760 43698
3266 15291 16289 28188 28771 34170 40823 44854
3267 178 6193 25102 25609 33353 34893 36800 40590
3268 1236 1432 6246 25314
3269 12097 14447 21633 21785 22130 34907 40825
3270 10413 25460 26397 27694 28927 29478 37981 44030 44778
3271 1004 8292 10505 12911 13515 21466 43133
3272 11777 16706 28744 44523
3273 2821 13334 14612 16288 24547 33995 37820 40996 41381
3274 996 1145 1293 2823 6121 8961 9147 10361 11466 13594 15956 16419 16783 20882 21426 21763 25397 25534 26352 27919 28138 29207 29509 37337 40028
3275 10211 14751 27881
3276 539 1721 9437 10006 11194 18035 27829 28796 33580 36831 38340
3277 140 16556 18671 22873 23661 24900 32070 34511 34782 38636 39254 41543 42064
3278 7884 8893 14938 20577 21562 22268 34502 35595
3279 2724 9029 10488 11122 15514 18179 19486 23978 26584 28066 29637 32691 33390 35898
3280 18065 20102 21297 22771 35301
3281 3483 9958 23799 36116 38750 40475 42261
3282 4358 6912 13346 14343 24131 25506 38215
3283 8631 19459 20597 33358 37722
3284 14536 16263 18088 19448 37559
3285 10840 16688 28551 40819 41846
3286 2572 12079 17687 23657 23943 30860 41720 42660
3287 10554 21699 28538 32495 33454
3288 3732 11670 12093 15380 22933 28294 32243
3289 9153 11471 19608 31356 42944
3290 9892 19220 22218 23396 25389 44621 44793
3291 16320 16792 20284 21136 28242 39494
3292 19541 26761 29442 35326 37991
3293 8346 19060 25410 31359 39016 40369 41611
3294 439 10601 22010 41082 42683
3295 1591 8633 10887 13700 15322 18246
3296 1850 3584 6738 6740 6907 7471 7477 12729 13201 16675 17261 17362 23765 27775 29967 30600 33343 35183 36264 37731 38060 39810 40413 41479
3297 29944 31900 32586 33235 38299 39149
3298 2336 19948 26967 40195 41808
3299 7099 12224 24480 38733
3300 19727 32878 38939 40670 44746
3301 13347 21938 22997 30868 36587
3302 24671 25288 28386 28448 43247
3303 8034 10257 25365 28889 29964
3304 1706 3318 25111 32291 34422
3305 905 14710 17028 22100 34742
3306 14215 26720 31460 41735
3307 752 7510 11935 14067 38592
3308 5903 16049 18481 18484 22159 25899 35133 41456 43664
3309 3847 6083 10235 14409
3310 398 932 5932 10992 22407 22659 32628 33840 37396 39121 40569
3311 4031 6241 16861 27341 33613 38610 43374
3312 2130 13573 28855 35371 37645 39127
3313 10430 12563 21329 22365 27156 29918 34094
3314 729 857 1039 3139 4390 10151 19198 22950 25275 25382 35600
3315 9340 14532 41491
3316 4811 9269 9286 16707 22732 42815
3317 6066 15649 19335 29236 38537
3318 2289 9809 21930 31148 35402
3319 4435 7623 10997 16945 28187
3320 16777 28639 37664 39298 41792 43536
3321 1834 5228 13438 21051 29160 32832 33920 35881
3322 36087 39542
3323 999 4862 21651 34434 41321
3324 16314 16546 17575 22905 27330
3325 7303 9377 12396 21694 26309
3326 19282 19288 26133 27064 31778 42725 44847
3327 944 10066 13434 23190 24047 24638 31342 32747 37689 41072
3328 8483 11405 14955 24535 24713
3329 7096 10713 13182 20014 23129 24268
3330 2030 3968 10263 11531 12201 29573 37934
3331 5535 20830 22042 33058 33684 34518 35201
3332 3052 8984 16056 32786 37546
3333 5427 5498 6765 6832 10700 19103 21504 27305 37693 41071 44174
3334 10853 19664 24714 34562 43866
3335 1086 19680 23789 30234 34065 39224
3336 289 8083 29425 30010 33377
3337 1452 5047 18286 22542 34613
3338 21727 22811 29822 37865 39241 41353
3339 6790 6791 13501 18569 26914 33381 37647 40461
3340 11855 21612 22678 43457
3341 12135 30538 34321 35748 36719 36726
3342 6191 11004 13288 13818 38881
3343 11998 23885 35847 37081 38201
3344 8493 8673 8860 9812 27840 29688 32891
3345 573 3535 10997 13005 17489 17969 18612 39980
3346 864 4389 7327 10071 20567 22623 24901 31366 33752 38873
3347 1405 7234 8164 16356 18076
3348 683 2605 16139 21217 37190
3349 24317 26327 37208 37648 44143
3350 1746 3406 6987 18389 18835 38550
3351 12224 19689 24838 34464 38125 42546 43872
3352 276 7977 14544 20696 27176 29263 34277
3353 3100 5687 7265 8676 10857 15227 36060 37159 39533 43933
3354 1470 5758 14541 24243 24652 31239 36799 38675 40229 41301 42125
3355 2075 27511 35224 37425 43704
3356 8709 9014 15948 36962 44206
3357 26223 27535 35537 42865
3358 11754 16146 35461 36376 40107
3359 11082 26213 37855 42903
3360 1846 4886 6737 11983 15375 22892 25937 33908 42527
3361 6439 11875 35387 37563 44297
3362 5821
3363 1555 8402 8413 12042 12197 35006 38926
3364 3975 14943 24689 25345 26898 39918 41351
3365 11637 18676 20443 25876 26879 28425 43284
3366 6598 23741 27873 28067 36229 37842
3367 2698 7841 8683 10398 19147 20164 21593 29035 33087 38755 43000
3368 4194 11693 11916 27013 35043
3369 3070 6819 7598 10609 12074 12815 17140 18075 22694 27641 41191 42680
3370 395 6592 12217 21889 27969 35794 36150 43090
3371 894 3666 15785 30908 35595 40451
3372 1616 4087 12846 16281 16828 18077 20217 21527 31089 34677
3373 6125 9740 11905 11924 12241 15096 20970 21654 21674 22765 27012 27283 29321 35401 39967 41363
3374 1676 2329 3552 7208 16731 21468 31067 31574 34042 39596
3375 169 25901 26614 31802 32169 32462 41080
3376 317 1217 3181 9480 10685 11269 17030 26983 39744 43539 44767
3377 43437
3378 724 3669 4587 15633 15665 21740 22518 26728 30608 30716 31301 33794 41747 44356
3379 25615 26505 26671 32650 41111
3380 1507 17215 17615 19383 20130
3381 2871 10300
3382 637 3217 3559 4659 8400 8716 11656 21217 21449 25590 27152 29570 31733 34414 34706 38970 40745 40913 41289 42862 44256
3383 20322 22248 32406 33852 37554
3384 8485 16094 19444 24091 25388 27000 28158 33514 42895 43926 44668
3385 1152 9590 11959 16670 32431 35928 40315
3386 9770 17679 30069
3387 12270 22608 23542 24142 24497
3388 2816 3445 6807 15623 15972 16158 17130 20243 22123 23952 29446 33643 34721 43665
3389 7765 15672 19768 21230 27369 42651
3390 564 3136 3367 11263 12820 20487 24074 26161 26741 29096 29320 29939 32686 33044 35276 39966 43509 44360 44717
3391 379 23242 29240 31721 34656 37721
3392 16818 17212 20871 21870 31584 34836 39211
3393 1544 20967 22998 24933 42275
3394 908 11382 15609 16383 23280 23820
3395 26358 28601 29428 31903 39726
3396 248 2361 5058 8035 9756 9911 12189 24853 25909 37532 38943 42814
3397 870 1623 11673 20917 24700 26090 34067 35047
3398 5954 7483 18710 21242 22578 24778 25612 35163 40425 43730 43893
3399 2830 3506 3824 7370 14250 22684 33025 33089
3400 7783 7837 13769 14823 17500 17681 18866 19917 20781 23025 31864 32783
3401 2189 8619 27966 40929
3402 8118 14712 27231 29151 34220
3403 3260 17487 20513 23296 29423 32519
3404 2207 15907 24981 37530 44065
3405 4800 5361 6927 12179 43752
3406 4735 19523 22423 27251 33024 33202 35785 38880 42194 42280
3407 4529 8946 38975 39173 43940
3408 8650 9101 23528 35292 40345 44570
3409 19835 27646 28216 32312 38022 39228
3410 2553 19599 22729 30507 36604
3411 3618 6760 7021 17119 17194 18330 20827 23090 38390
3412 12759 13710 14760 14800 20053 21123 21940 27684 27870 32357 39283 40120 41903
3413 2206 2695 2921 8859 11668 15926 16933 19946 21766 21870 22098 22861 30310 30647 32221 38263 39646 41555
3414 5854 6594 11032 11370 17154 17230 21749 31429 31652 32451 34490 43316 43800
3415 1326 34621 36021 37187 37755 41996 44206
3416 95 388 5254 7015 9361 10128 14230 15413 17128 22054 26324 29539 29981 31071 34665 35567 39863 40180 42038 43439
3417 1000 8941 14310 15206 31884 36748 44124 44460
3418 4695 18291 21260 27188 32805 36969 39157
3419 10575 21608 28017 29185
3420 9200 13104 35735 37844 40236
3421 5045 9444 14209 14320 25424 36171 40317 40828 41819 42191
3422 939 5736 6156 9208 13627 28725 29577 41648 43598
3423 17276 17458 17629 18522 19081 26854
3424 13140 13508 26988 29061 34333 44912
3425 2910 10118 11111 16915 22631 31555 35686 37070 37953 41682
3426 5209 29343 34377 38228
3427 5213 14814 21885 22853 34884 37216 39046 39239 40009 41470 43858
3428 2424 22928 24864 29087 43830
3429 7647 14874 15406 22230 41090
3430 24321 28428 29255 33562 35117
3431 1751 2283 6992 14608 24010 39081
3432 8071 8446 9091 27816 33458
3433 12420 13230 14333 15868 27230 30529 34281 38828 43618
3434 16947 22068 29076
3435 4500 15404 17110 19338 20154 31723 38618
3436 678 1364 3096 4575 4645 8462 16766 19813 21377 24290 25802 26784 31271 32461 33833 34863 36156 36665 40464 42873 42874
3437 10848 13161 14618 25323 30447
3438 13649 22524 22759 26219 29711 30921 30975
3439 9206 12449 29644 35417
3440 615 1559 16438 23668 27078 40300 41164
3441 12136 13791 19115 23153 28891
3442 1279 5357 22515 28716 38766
3443 1995 6187 13296 18907 25828 38331
3444 5435 6567 10336 20558 32563 39430
3445 9551 17105 24831 27595 28151 29177 36107
3446 218 2237 13829 35207 40770
3447 3413 8861 9928 11410 33787 40620
3448 3836 9609 36988 41372 43299
3449 6615 21108 26967 27442 42749
3450 1333 12385 43590
3451 337 1899 4644 5373 9542 23589 24259 25496 35421
3452 14135 15737 22897 40401
3453 1583 15028 15190 15997 16541 22167 25597 26079 39273 41062 43895
3454 16848 24158 39307 39634 41942 43043
3455 183 18101 22099 32536 35658
3456 5471 6343 7734 9542 10240 13694 19976 24776 26292 35735 43411 44744
3457 13344 15702 19250 29218
3458 11573 14046 17507 18358 20804 28049 36255
3459 1463 5299 7969 10307 12289 13669 14744 29157 31128 37205
3460 6994 8992 34032 42307 43828
3461 4006 4970 8193 14790 21236 39472 40599 42838
3462 323 19501 21279 22311 44396
3463 2508 3391 3986 5697 10985 29047 30152 38834 41621
3464 5602 7693 10469 20938 32296
3465 831 7540 20637 27877 32559 32732
3466 6004 11371 14096 14438 35443 39233 40027 43789
3467 4790 14262 31311 32186
3468 4439 8685 9616 11945 17874 21167 31012 34200 36232 43165
3469 18416 18926 20086 41697
3470 1150 5392 8182 12381 19784 20165 23757 27394 30844 31037 32602 35167 37917 38678 43432
3471 422 13286 19238 21767 35039
3472 17411 29332 39982
3473 2200 10265 29221 37936 40041
3474 3890 23265 23443 32124 38040 40841
3475 3276 8466 21314 44428
3476 2309 26786 36080 37606 38955 42128
3477 9257 9627 24566 27683 37275 44186
3478 9841 18230 23675 32523 38583
3479 4448 4620 23012 36866 40653
3480 26412 31731 38581
3481 11930 15117 15890 16797 18682 25073 26998 31909 36860
3482 143 977 3575 8194 13417 14203 14870 22594 24501 25436 30675 34325 37736 39675 42341 43037 44761
3483 652 12224 14898 22048
3484 1347 24553 39995 44620
3485 1757 26350 28763 29942 33798 34902 35644 36697 37592 41184 41574 42946 43333
3486 8486 10284 22469 26696 38492 39698 42618
3487 20433 25506 28611 28787 38559
3488 2851 6295 11260 13387 38856
3489 795 15160 21673 29847 31660 32581
3490 4156 17100 24793 28745 36177 37968
3491 7525 23468 32694 38350 40286
3492 1134 1744 6222 9051 10278 10508 12633 14013 19255 19856 33783 39948 43839
3493 19182 23157 27432 31310 31500 39774
3494 6107 8885 11585 19197 20968 23292 26811 30660 39584 42221 42247 43823
3495 19289 29209 29888
3496 6564 12318 12685 23569 34959 36560
3497 7514 7753 11031 32912 33449 37286 42620
3498 2258 3833 8103 27975 29635 44161
3499 1076 1370 2408 17826 24500 40379
3500 366 15844 25355 35940 38662 44209
3501 25530 32605 37917 39668 41848
3502 14092 17095 24907 31254 35693 38293 44814
3503 8421 10500 16974 26861 35739 36853
3504 20 11223 13604 17598 31546
3505 5093 6144 6803 30009 43052
3506 7467 15901 16276 18112 20884 23405
3507 5546 8995 17518 18717 21581 22457 23199 28430 28675 30887 36856 40710 43180
3508 10103 10995 19428 19687 29046 30190
3509 967 2152 17213 24059 25905 31713 44223
3510 3625 5038 15065 16228 31322 32704 44043
3511 4103 14679 17997 22598 27333 32373 34119 44397
3512 6427 22291 31610 35628 41474
3513 11299 12672 14115 16510 29996
3514 274 2988 6031 6998 16502 25681 27117 35060 42611
3515 8125 14238 16152 23309 24736 26943
3516 3291 12095 42251
3517 1458 4851 7412 20465 21374 26603
3518 807 5588 16075 17258 22741 26657 38660
3519 16887 18672 22222 31507 39150
3520 4083 22254 29980
3521 3474 14906 16111 37069 39057
3522 7568 25504 26579 31138 40159
3523 2191 15846 30668 33420 33520
3524 17185 32641 34306 39167 40540 44244
3525 4744 12509 33340 42416 43644
3526 5039 27172 28121 41041
3527 14893 17963 19032 25959 29065 29591 39141 39696 42556
3528 2881 5115 6882 28382 33698
3529 814 2898 19979 28598 32988
3530 5060 15199 19938 31809 41092
3531 10651 11550 13297 14560 16396 17124 20744 21078 21632 21670 23259 23960 26274 29789 32664 32845 33372 39708 41123 43959
3532 12804 20257 23293 27865 35963
3533 3829 15455 19613 19849 33591
3534 9238 15811 21918 22130 22938 29116 43387
3535 2887 3374 3601 6111 9316 15573 23218 25582 28487 28719 33331 37128 38123
3536 7351 24349 33252 40522
3537 6226 12693 17598 27148 30693 44886
3538 2703 6127 11993 15865 22563 41754
3539 905 4985 6831 20769 22981 23496
3540 1462 11078 22157
3541 2368 9658 10961 15837 33855
3542 5409 13781 19484 20533 20713 21453 23001 24108 27197 37167 42420
3543 1230 14974 17543 31487 32527
3544 135 1496 5660 7358 12657 14036 14617 18605 23074 39759 40907 41014
3545 4727 17824 24183 33253
3546 10326 22143 22972 26173 28935 30301 32493 34866 41853 42827
3547 35319
3548 9640 19283 21562 22482 43517
3549 11482 26080 40292 42337
3550 4803 13758 16453 22662 26104 26162 27497
3551 816 12273 13621 24063 29175 37445 40990 41620 44069
3552 2131 12765 14474 20008 23725 27552 30290 40973 42932
3553 154 6260 7539 13138 17233 19026 19705 23998 24002 24917 25246 28353 29453 30421 30746 32575 36305 37635 38733 40792 43667
3554 1101 3715 5616 8077 9856 15844 17596 24111 24668 37854 41067 42641
3555 10774 27391 38468 39159 40035 40164
3556 1872 23781 30191 34026 35114 37003 38143
3557 242 1827 25757 28126 40902
3558 2192 4889 5067 5727 17291 20805 27584 28594 28810 30139 33629 40303 42612
3559 6917 10599 18859 27389
3560 27700 29335 32343 35281
3561 5024 8792 10566 28501 42369
3562 14701 15579 28891 29616 38850
3563 13570 17188 17732 22979 40852 43029
3564 6510 10052 19760 20300 22044 40896
3565 2531 18284 21569 30076 30703 38161
3566 5441 9603 16776 37218 39136
3567 5503 9801 12167 28823 30421
3568 1190 16279 19001 20646 30689 40094
3569 161 801 7016 8017 8018 10370 15506 21722 24215 31214 31720 40542 40890
3570 7549 16506 24183 26325 30421 42277 42475
3571 4161 10232 21557 26982 38735 40109
3572 85 2031 3928 5253 5437 11664 12586 14103 15187 22452 33860 37557 38132 44225
3573 452 5403 7060 34640 36411
3574 1303 2615 3307 5321 8211 8848 9400 11056 12485 12519 13067 13503 15371 16469 18008 25551 30067 33782 40311 43119
3575 11217 11944 12892 13200 13521 24570 43679
3576 5448 16657 22846 23587 24562 34200 40226 43334
3577 1530 2779 9993 11980 18060 20408 22060 25973 27651 28393 29108 40289
3578 10439 17598 21242 26996 38084
3579 3256 5501 15611 22931 27976 33199 37963
3580 9129 10454 14418 17896 18538 18683 26800 40674
3581 1447 1878 24573 26405 38568
3582 929 9098 11264 14627 24951
3583 8623 19452 28518
3584 475 2686 5177 12326 16353 22153 23533 33287 35305 40680
3585 3648 8369 15009 29941 34040 40162 40308
3586 10440 15425 37945
3587 813 5579 9155 10427 11697 13069 18128 18394 18489 21637 24117 25115 31223 32262 33146 44111
3588 7759 7769 25157 26410 33441 38582 42466
3589 2123 9174 9890 10765 10943 29288 36589 37533 38182
3590 17921 28108 28854 30267
3591 1678 6913 9339 15113 17587 25673 27876 35553 41987 42493 44115
3592 1232 3179 5488 7145 11855 17367 19767 22368 22483 22959 33309 36847 43302
3593 8810 10169 18477 28523 30308 31238 43127
3594 8647 12930 14927 19480 36118 44490
3595 7436 8865 17256 29833 43485
3596 3234 27031
3597 1011 4407 11404 27889 40861 42886
3598 10808 24990 31170 32749 41331 43727
3599 5237 10581 15602 22857
3600 9560 12049 24135 34654 36140
3601 20475 23036 25958 30544 34663
3602 8614 10677 27912 40901 40935 42350
3603 2799 3736 24794 26915 27463 34779
3604 7922 15122 19672 30748 31774
3605 5676 12632 22247 38187 38732 44373
3606 207 11966 27898 30979 35973
3607 560 7020 8290 11029 19470 20407 25854 33634 38150 38764 41767
3608 14307 30294 34577 39716
3609 10796 18432 19581 25006 38079 40714 40796
3610 2801 5629 7189 9629 9970 14571 28228 31609 37784
3611 1752 5875 11594 28227 42616 43106
3612 20352 21115 24994 26622 28633 36141 38117
3613 1851 7420 10055 20306 20310 24988 38290 44074 44769
3614 24664 25969 28623 33362 36460
3615 13102 26561 28902 39951 41736
3616 4721 6885 11967 16231 30493 31248 32020 36937 42472
3617 3850 4701 6555 21812 25209 39655
3618 3672 6244 8186 11567 13151 21652
3619 8073 12409 14919 34222 39994 43083
3620 6942 9453 16381 20748 26948
3621 10768 14985 32013 35820 39905 40493
3622 843 16676 27243 30907 39597 40457 42950
3623 824 5006 6064 7042 11186 12582 22465 24289 42299
3624 5845 21672 23697 28534 40799
3625 6126 12451 14866 25761 36605 39648
3626 335 23976 36662 40652 44473
3627 7989 9103 12152 13568 15012 24050 29621 30291 39318 43239
3628 6384 11667 18626 19155 35947 42105
3629 174 16978 22838 27867 42757
3630 12235 28122 28838 34556 35570 38145
3631 6473 9404 14778 16677 20962 39599 43825
3632 24302 26836 29049 31741
3633 9654 15373 17380 17691 18247 19024 41210
3634 4678 9968 25845 28554 43389
3635 2143 21615 23926 28176 28450 28519 29530
3636 3467 13807 14155 15934 17121 20742 23021
3637 2073 4020 23114 23276 32596 34861
3638 4276 5827 11535 16668 25960 26758 29309 31777 34934 43173 44510
3639 3371 11676 16998 19826 33171
3640 13341 26801 29362 29928 33048 34257 34548 41851
3641 3423 20401 22189 25282 27082 28152 36554 43072 43357
3642 11547 11902 16534 18904 20470 29923
3643 1091 4623 7883 12427 16011 38164
3644 10102 14381 20518 24402 34741
3645 3691 8706 25111 35409 42710 43349
3646 23473 24766 34332 41557
3647 2905 4532 11529 11706 32097
3648 897 12507 18800 32039 42217
3649 1994 10764 12351 17430 22619 24704 31198 31605 32316 33882 34504 35606 38959 43012
3650 4610 13527 13861 15996 20016 24730 35830 38229 40342 44355
3651 86 2914 13091 15920 29235 36626
3652 5122 21437 28495 31220 33959
3653 20577 39237
3654 22393 28856 31356 33117 36225 39254
3655 2996 10510 11979 17491 22682 23686 24368 30265
3656 3991 12866 17277 17842 33295 33566 41868
3657 6305 14987 28411 30261 36351 36511
3658 210 4100 4165 5474 6786 6936 7479 10854 15903 17676 30345 37996 40501
3659 21952 22525 25949 29695 32560 32973 41897
3660 3214 27938 40562 41553
3661 649 656 902 4636 5322 9264 13557 14250 18448 18638 26583 28524 34011 41010
3662 6892 17281 27365 33731
3663 2285 4588 4614 8261 11296 13899 15198 20228 36344
3664 6690 8543 19917 30886
3665 9237 14231 21233 27914 33435 34871 42840
3666 10327 11388 17845 22845 36839 37787 42234
3667 18714 19916 26859 27713 40759 43433
3668 217 1423 28846 33422 41796
3669 2087 9684 11412 17740 24781
3670 5938 11518 16923 18032 22119 40049
3671 8810 14700 23191 35631 38700 39545
3672 2792 20220 27065 32850
3673 4114 23288 24022 33623 39926 40108
3674 2954 3303 10177 14585 25810 27455 27986 27990 28368 43569
3675 1820 5904 9136 14362 22890 29371 33879 37727 39716 41659 44632
3676 9147 11348 18728 19641 29779 36024 40907 42889
3677 9114 16372 17695 31524 36948
3678 10115 13386 17076 23351 30655 39848
3679 10211 12835 17286 18248 25054 34660 41548 43963
3680 11129 25359 28827 33318 35899
3681 15645 22416 24890 26174 26522 41360
3682 1441 11231 11945 12728 23712 30421 31969 34389 35833 37780 37811
3683 6538 15147 18148 21066 31405 43942 44275
3684 6680 8645 10781 19970 23617 23880 33090 41430 42744
3685 3407 4355 30167 31749 33728
3686 3103 5559 6388 10821 40948
3687 3867 9431 20256 24371 26564 27435
3688 8834 17989 26875 29790
3689 3168 4231 25483 29668 32472 35388
3690 351 10594 10886 11883 12987 17110 19083 24631 31552 32073 33190
3691 3373 11717 18066 41226
3692 3972 8294 18964 25738 28699 36995
3693 122 5897 10136 10308 13988 18810 21442 28498 29794 29930 30889 33163 39036 42929 44254 44565
3694 2394 10347 11784 36336 37451 42258
3695 421 5756 8181 8814 10292 10751 17748 17827 18090 19759 21603 25627 29991 35578 38754
3696 7085 8209 12724 14126 16085 20644 23181 23764 24106 25702 28848 42540 42820
3697 8048 8778 12041 16866 18877 19263 32201 32970 33489 40729
3698 8195 9000 11532
3699 966 1148 3018 16912 18296 19633 24146
3700 6161 18027 20361 23421 25232 37749
3701 9829 16149 18045 26558 29617 44017
3702 7501 16185 19054 29194 35672
3703 15358 20208 24665 29619 36400
3704 793 2535 5905 16749 18819
3705 6652 8254 14566 29511
3706 13027 16091 37311 44583
3707 55 1656 9025 17203 22474 28604
3708 15258 17637 19628 28516
3709 2994 9937 14059 24655 43103
3710 7113 12110 20940 21390 29706
3711 17986 28083 29138 31312 32309 36470
3712 1629 3916 9685 11148 19496 20675 21635 21662 28104 28506 33739 35181 39521
3713 4595 19716 23502 29493 30235 38003 44183
3714 5455 13637 14385 18561 23646 37977 40103 42338
3715 1034 10138 20022 39561 40765 41329
3716 12065 24354 29110 42213
3717 13243 18690 33713
3718 6519 8205 8777 9321 17241 19063 20147 26650 28131 29562 34787
3719 11672 31791 33961 35058 40280 41633
3720 6869 10271 13917 14833 17041
3721 8728 9376 15613 19696 37970 41761
3722 22244 24599 27348 40389
3723 9416 17002 36679 37606 40826
3724 4004 5802 18736 43970
3725 2809 4834 5281 6103 7620 8763 9994 12474 13153 13332 13875 13931 14205 17033 21712 21989 23996 25005 27089 29479 31992 36510 37268 41073 43749 44368
3726 2926 11533 14956 17459 27797
3727 4462 16574 20125 21218 26828 34994
3728 2244 26033 30244 36527 37424
3729 1163 10598 10777 16980 35818 36096 37358 44799
3730 809 9380 15669 30891 35576 37033
3731 5668 8136 20628 22831 29140
3732 8038 13010 15331 17619 19795 24823 27022 27626 28707 34024 43249
3733 4205 7313 23446 27619 31589
3734 10569 22263 26508 26798 32944 37121
3735 144 13580 21986 28575
3736 13916 22800 29226 37744 44457
3737 815 2489 2691 33178 35877 38416
3738 4478 5708 8566 12191 21868 25912 26471 29540 35708 41660
3739 6276 14274 25126 43647
3740 1066 11001 12594 25848 31447 32132 37577
3741 580 12064 14927 30224 37222
3742 9373 13288 13824 19912 43628
3743 13591 14098 21520 23382 24708 29673 35643 36359 37499 41883
3744 4460 7029 7597 21584 25900 32209 34234 35480
3745 1374 10652 10823 17477 35203 44706
3746 13984 20908 22063 34530 41174
3747 9769 16952 18342 27248 38705
3748 6024 17891 21943 30193 36658 43459
3749 7048 21070 24661 29589 35023
3750 1083 4594 13843 25404 36183
3751 1699 7688 15688 35208 43989
3752 279 3262 9690 11723 12419
3753 5235 25604 41787 43571
3754 17938 18868 28098 35559 39826
3755 20158 21253 24633 27177 31036
3756 15340 25338 28407 36530 38209
3757 7963 8374 14085 19019
3758 3864 4119 7464 17302 19346 24758 25411 34114 37099
3759 756 9472 15353 23150 33636 41175
3760 10184 10698 14436 14779 20076 36666 37067
3761 12581 24308
3762 1335 5582 9540 11319 18870 21208
3763 5470 16428 32156 35979 36669
3764 2453 12057 14194 36843 44689
3765 92 12648 13563 24389 27728 28630
3766 7474 19571 25945 28587 29711 32224 37117
3767 6802 7101 10803 31282 32158
3768 12661 27516 35098 39198 41578
3769 1309 9761 19265 27729 28853 29666 31014 33559 34586 40444 41968 43596
3770 1114 1732 16536 25172 29360 32285
3771 98 3858 5490 5659 9012 9526 11546 12654 15186 18478 20456 22735 26007 26272 29603 29829 31392 32369 33802 35483 36613 38094 39286 43564
3772 2618 12637 12913 13446 13896 23829 34403 37484
3773 2059 3090 18297 19322 24858 25578 27164 34117 39784 41993
3774 10712 24405 41133
3775 22666 32899 40144 42446
3776 2088 5892 7421 15651 32160 39124 42498 42607 43212 44516
3777 11681 23566 27691 30205 36712
3778 18493 19458 33512 33548 40552
3779 8479 12442 21676 25995 28045 32683 43535
3780 1614 4098 5304 7942 8330 12827 16029 17190 17731 20571 20635 21967 24042 24358 28463 30623 33470 34932 40808 42887
3781 709 4417 13535 16786 29665 31139 34532 35151
3782 2199 5502 20365 26280 28938
3783 8003 9677 13374 20956 32705 34953 37140
3784 3129 3131 15536 20303 25602 36865 37810 41079 41970 42602 43310
3785 4291 4710 9487 18824 20305 23307 24828 35812 36873 37352
3786 8463 8464 26897 33040
3787 3167 6891 7266 7660 21250 25755 25756 41657
3788 316 9151 28752 35398 43224 43226
3789 1464 2764 5082 5083 18452 20745 21904 24723 28780 30942 30945 31292 32827 33008 42082
3790 1498 1836 5654 6889 10632 16930 23674 26096 36687 43136
3791 14860 15352 17528 18442 18895 19025 21725 22043 23062 27884 31945 35149 39025 39334 42314
3792 11826 12600 21157 25134 41321
3793 1300 1675 9732 12387 13020 17919 19436 20311 20894 22226 25767 27410 30521 33185 33485 43834 44772
3794 602 1627 9124 21783 32228 37805
3795 22045 23794 26120 28410 36363
3796 11528 17802 22745 29831 34098
3797 6613 16331 30582 36167
3798 5743 9335 16252 16414 16589 23596
3799 9609 16658 26364 40297 43838
3800 1944 10880 13158 18299 28304 29330 30517 40658
3801 4965 6639 29445 31847 32027 32525 44758
3802 1094 3317 11963 19352 39459
3803 1789 10218 26360 28367 30219
3804 9018 11560 12136 18061 23824
3805 631 1740 7874 9495 36328
3806 5952 9315 22768 39814 40544
3807 16205 24560 26055 26321 27218
3808 25597 26297 26626 31730 32090 36034 39649
3809 9900 13252 17206 32786 36030
3810 728 1506 8457 8503 13959 14885 16254 22023 32441 33195 36074
3811 35694 36286
3812 517 12762 23636 37406 39661 41559 44680
3813 3561 20657 25090 25179 26354
3814 12800 22025 26364 31881 37132 37929
3815 499 8266 8678 17658 26151
3816 1857 5367 10563 17737 28449 31816 37673 39523
3817 139 3143 3640 12008 15475 18359 20274 20767 25923 27561 30622 36180 41078
3818 5307 22715 24194 33986 38245 40002
3819 153 2960 7700 10185 10678 12938 14009 18180 18599 26005 35645 38594 42740
3820 13616 21209 35004
3821 4005 15379 26086 40756 42736 43747
3822 1070 2672 7990 14606 19878 32222
3823 2707 7821 13936 14848 19041 40718 41068
3824 3200 20461 21247 35458 36152
3825 1679 4315 7825 8774 21204 23412 24126
3826 1582 1792 20788 27291 30229 35422 38695 39115 42924 43438 44391
3827 2275 4067 7955 8691 11434 12949 22315 23854 27104 41928 42072 42279 44024
3828 10501 16580 20072 24445 24508 37065
3829 1273 13326 13399 15595 16986 20646 24065 26712 27344 30646
3830 28 11843 24991 32949 41435
3831 8159 13994 17539 21093 28993 34513 37686
3832 630 4780 13048 25399 43262
3833 410 4264 19723 23868 29496 31755 35562
3834 21463 34941
3835 414 14673 28951 33499 41247
3836 12322 14549 39750 39996
3837 1112 7791 8172 32580 33075 35704 36947
3838 1769 2111 5114 6970 9588 10016 18420 20030 24939 27675 31165 39412 39758 42601 44536 44739
3839 292 7315 10965 14512 26526 33206 34683 36303 36648
3840 3331 4613 14484 41811 43863
3841 17978 20051 20104 21116 22499 25849 28178 30931 31120 41376 41782 43993
3842 11884 17129 22016 32450 33091
3843 18252 33079 33832 42114
3844 6460 18233 19339 27112 42628
3845 7508 8457 12245 12973 28756 30610
3846 5100 19305 20093 28897 33748 43096
3847 2860 18822 21445 29048 34100 35162 38116
3848 4696 15894 19413 26102 26483
3849 3280 8091 26371 28254 35585 36368 37587 41906 44517
3850 4579 12937 19846 23317 37021 37284
3851 1971 2500 9484 15013 18815 20674 21843 26062 29516 32231 43544 44399
3852 2689 5458 6252 7859 11572 21101 24425 34505 34860 41195
3853 2616 11202 12950 13839 21543 26037 29443 35582
3854 9580 16292 25633 30013 35957 41136
3855 11089 22674 28759 33223 33415 34003 35449 40799 43132 44724
3856 5316 8088 32484 39028 39425
3857 12564 12849 17788 20172
3858 17169 23338 25680 37087 44529
3859 859 9235 23173 25866
3860 3359 20317 25914 26082 27362 29015 29725 32765
3861 10313 13819 16547 23676 34264
3862 11804 23506 26942
3863 847 1955 7966 12055 16173 16946 20247 22478 22781 22848 25751 26747 31252 33929 34172 36120 38506 41533 43885 44318 44569
3864 12224 15435 19012 37817
3865 40 8902 17890 27876 31661 36912
3866 1097 3321 6666 16857 20826 30096 39492
3867 9392 10836 11742 12084 31608 38921
3868 21320 32068 32172 34512 42148
3869 14065 16603 21578 24842
3870 12714 16963 22005 25933 28878
3871 26881 37576 39232 40095 42228
3872 1778 3387 4810 12140 14339 18808 24025 28695 33829
3873 445 806 19090 19710 20790 25579 38206 38316
3874 775 19380 38116 39276 42999 44780
3875 1064 6707 7542 7879 12951 13734 14314 17494 23540
3876 628 3593 17254 21837 29030 32793 34304 34794
3877 6883 12703 20971 25076 25182 26538 27907
3878 1856 24763 35889 36725 38453 40077 40372
3879 5628 13897 22058 29815 33231 36958 40585
3880 1334 15583 17351 41287 41672 42546
3881 4254 6455 9625 10355 23047 23504 37830
3882 15211 18038 22819 31449 32846 33790 35094 38159 39425 41696 41872 42583
3883 9866 12656 17990 23349 33417 34660
3884 18638 20836 21583 26126 26782
3885 1397 10811 14223 25967 39886
3886 3011 23166 24712 30091 42117
3887 2187 4497 14686 19821 43919
3888 1130 15597 20989 21280 21860 33633
3889 5866 33060
3890 14460 15871 18836 19138 22191 27558 29858 33207 33688
3891 10268 16256 16584 16918 18318 19800 24115 36610
3892 2410 4395 12646 14745 27637 31448 33388 40455
3893 313 5879 11485 18795 40630
3894 9996 22918 36494 43654
3895 9481 9483 10900 40690 44204
3896 5764 11537 12328 14812 26672 33544 38135 42561
3897 585 2939 12243 14559 14804 18547 19717 40163
3898 1102 14510 19986 26493 40416
3899 2675 6274 6853 7460 7578 23667 25936 28423 38549 38580 43098
3900 3227 13793 31356 32617 41457
3901 9630 11369 12573 15417 38617
3902 372 10191 16328 36314 42371
3903 2947 3365 12073 13658 32131 34746
3904 2212 3596 10247 14890 30362 35363 37173 38942
3905 8765 16159 28002 34691 36173
3906 1141 1296 6551 9519 10231 19745 31715 39518 40294
3907 5651 8264 22980 24678 25993 32866
3908 908 5730 6933 17984 21816
3909 1913 4063 10688 16315 18355 20915 23296 25795 28915 31258 31621 35426 44776
3910 20454 37862 40350
3911 10463 12238 28525 35778 40248
3912 2993 8131 10783 10872 17067 17530 27286 33870 38218 42678
3913 13994 18526
3914 14178 23105 35263 37777 40483
3915 16722 26242 34311 38461 42689
3916 2971 7708 11050 22365 31670
3917 4182 11622 13056 38005
3918 160 853 970 6480 7965 11057 11467 11634 14069 16782 17785 19052 19477 21227 22151 22187 23490 24394 24529 24613 27360 27438 28412 33168 36499 37217 37288 37475 39769 40666 40845 41205 41228 44562
3919 181 20807 25843 27088 33792 35285 35843 40606 41946
3920 23571
3921 1835 2364 35513 36248 38574
3922 9178 15954 27052 30035 31078 38534
3923 2086 4748 20432 20936 37442
3924 15376 28190 33610 44311 44602
3925 8051 8304 8653 14016 15489 36686
3926 1327 1342 7552 14328 23239 23527 24287 28568 33618 41335
3927 7531 17480 24400 29345 39713
3928 868 4740 8840 24514 24686 39917 42226
3929 592 1804 13207 13841 15200 35579 35776
3930 33975
3931 13499 14350 15198 35538 40009
3932 1948 18495 25950 32970 36572
3933 4227 14470 43191
3934 3760 5222 23236 32611 37511
3935 4585 10490 15314 18029 23891 44347
3936 7530 8570 8905 9039 9133 20285 34774
3937 5453 16297 24895 26673 28354 32704 40143
3938 9706 10130 19676 23513 27502 28592 41260
3939 7827 9392 15394 17474 33896 38643
3940 515 14389 17133 23654 28932 33765
3941 8185 8717 13050 14437 18858 23598 40138 43757
3942 2290 11798 33378 36357 42272
3943 4693 6119 20701 24284 30876 31381 31936 36077 37349 42830
3944 1210 1379 2064 8454 8637 9579 10476 14922 17132 26530 27444 40944 42915 43625
3945 2548 4723 21373 25656 38185
3946 10967 11516 14515 25000 33847
3947 1251 9428 14620 24197 29503 31291 36512
3948 4547 8807 18820 26311 27040 31076 36457 37551
3949 18889 20939 25611 28159
3950 18033 25844 43121
3951 2703 6756 10012 16721 22354 23955 35356 41872
3952 5661 9496 11046 12962 22203 30125 30604 40876 44430
3953 1521 1630 3557 5892 10204 10401 12200 16754 29215 32399 39817
3954 5712 8488 26261 30225 34438 44513
3955 4903 4978 12747 22985 31063
3956 2465 3682 7948 8129 9420 24873 25135 31478 36402
3957 4917 25528 36508 42897
3958 9291 18085 19752 22176 25546
3959 1503 3077 7687 11288 13244 15468 23220
3960 10638
3961 5669 19150 19699 23006 37437
3962 14004 19648 21480 23311 29268
3963 6122 16421 28089 37264 39526
3964 2176 9514 18235 21995 33874 34154 35715
3965 3235 33680 36745
3966 915 4235 6077 9864 26527 38038
3967 6485 11633 11638 24230 32297
3968 5678 18739 21545 26523 28910 31819 32845
3969 5 3859 5129 6013 8613 11025 11406 11430 14960 16649 19132 21141 23475 26193 27019 27135 31450 33596 34168 40624
3970 26207 29481
3971 905 22633 27046 32155 32579 35290
3972 18737 23805 29302 30421
3973 463 3575 7823 21205 30829 41085
3974 10583 17598
3975 4789 6289 23688 30558 34546
3976 3537 7586 24406 33410 36021
3977 7601 9418 19184 23730 37320 37678 41047 42649
3978 15973 21534 30199 33128 35958
3979 2645 3127 4240 5149 25125 27838 30382 40968 41708 44196
3980 8146 10725 11266 28541 38595 41337
3981 10093 18762 32326 32526
3982 7927 22395 24162 33030 41992
3983 9730
3984 10168 15927 35498 41068
3985 13839 20449 40972 41949 42021
3986 2648 8115 8939 15813 16488 24172 28960 33928 34366 41799 42319 42431
3987 4794 5040 12132 16738 16910 36974
3988 1394 2772 3047 10077 12561 15710 18458 20397 20488 22234 22628 23176 25786 26265 28177 29074 30237 31610 33938 34002 36132 37334 38067 38255 40821 41424 41515 43104 43203
3989 3037 8559 39332 41166 43206
3990 9192 27805 33211 33386 34864 40101 43451
3991 2484 17379 17603 28720 28939
3992 3562 16062 22554 24069 24811 39245
3993 2478 7565 9078 10360 15680
3994 4212 11222 11350 22117 36130
3995 4331 4452 8319 10907 12709 25580 35074
3996 736 12604 27095
3997 5614 8920 14169 17650 26059 42528
3998 1402 5446 16614 22764 26143 44232
3999 7654 14961 20615 21753 22286 23014 23086 24261 29296
4000 11808 19912 32195 34400 38402 41019
4001 2072 2946 11011 11068 20569 21878 32295 33754 43840
4002 2181 7245 26461 40715 42160 43388
4003 1800 17780 22888 34533 36239 41656
4004 6469 15686 24328 24752 30412 41927
4005 3687 12825 14164 14767 26377 31165
4006 25811 43984
4007 2725 8762 30002 30104 32109 36704 38268
4008 13448 15673 31261 34729
4009 922 6893 8880 24526 32567 36694 38778 38897
4010 16463 20965 21354 25128 27650 39449 42948
4011 13865 18053 25570 34786 37276
4012 15746 17813 24979 28990 29062 33127 35757 38057 38795
4013 14031 31360 32231 35147 39132
4014 1568 5895 29036 33339 38171
4015 4207 21609 24337 37201
4016 894 17534 21352 21738 23561 26990 27502 44687
4017 6129 12867 16886 22537 26822
4018 13392 17660 26986 32700 33045 42877
4019 4536 7482 20416 36622 39187
4020 2354 4873 27588 35018 38104
4021 15418 21450 25327 27206 30164
4022 5508 6448 14524 23499 27202 27304
4023 6645 12082 13121 21359 34147
4024 1412 5133 22640 26018 31992
4025 2050 4260 9386 14657 17661 21762 40450 43771
4026 64 15798 20005 24669
4027 4951 8324 21348 31091 32913 34211 38629
4028 7610 10208 14267 28774 36361
4029 1753 5522 13420 16711 17364 20113 30434 34820 41236
4030 5675 8394 9926 29925 36635
4031 8141 11551 19892 22610 30545
4032 36 20314 26210 35002 37310 38110
4033 4129 21053 22199 35935
4034 879 3142 5301 6651 14995 20080 27493
4035 6534 7832 12870 16742 19968 20160 26650 30334 37524 41654
4036 10046 17381 20719 28892 35746
4037 1147 5570 14702 29749 42159
4038 18600 22818 29687 32712 32888 33828 42580
4039 646 1852 11478 14514 20534 22094 24109 34631 36428
4040 3026 8530 11227 23775 31212 43369
4041 18748 22785 24520 33038 40963
4042 5085 6225 26418 37253 42776
4043 6838 11313 14803 38458 38676 43031 43761
4044 5722 12321 30611 31174
4045 7318 25803 31846 32311 35810 36431
4046 3803 8448 17138 35573 44906
4047 2155 4036 23374 25373 42060
4048 18918 26689 34671 37040 40261
4049 529 4296 11286 11992 34066 40268 43551
4050 2468 20688 24322 25248
4051 1526 7012 22933 30704 30908 35838
4052 3613 9660 19540 31650
4053 5433 14851 26995
4054 5977 18208 19726 21241 28863 40648 40798
4055 3781 12577 20183 27409 37655
4056 4856 21559 24510
4057 3023 3556 9997 14467 15945 16684 20379 25961 30631 37180 39311 42759
4058 2832 14753 26744 30466 35789
4059 1071 21142 21333 28835 31333 44513
4060 1237 5653 8121 11615 26389 30573 31622 36879 36880 38742 41695 43150 44716
4061 9062 21925 30438 32498 33047 35233 39762
4062 12384 27116 30266 32981 35916
4063 1717 3459 3463 6880 7244 8818 14677 18479 19659 30318 34604 34686 35154 37212 41572
4064 1020 5597 6167 9938 16768 17913 22049 23477 24860 32288 34244 34837 35934 44339 44408
4065 8199 16213 17716 27185 28670 36996
4066 7251 10921 19445 19562
4067 4430 29873 34396 44704
4068 5447 9883 10023 12830 13761 27843 41398 44375
4069 4297 5355 9678 24248 41973
4070 1626 5882 13454 16531 20908 29975 39619 42031 44666
4071 2217 4040 5172 5757 7858 14538 20895 21190 33608 38946
4072 6397 13991 26891 28171
4073 3335 5899 10557 17517 21704 24616 26708 29048 40983
4074 18176 20330 24899 26645 30673 36772 36976 40907
4075 1245 29863 31651 39100 43059
4076 6426 14211 38737 40122 43488
4077 1420 13380 29407 30370 31771 44523
4078 19730 25713 26058 41525 41786
4079 1331 8521 8705 12205 13826 20757 21829 23298 23403 40227 40910 42545
4080 6482 9285 10206 13571 17040 19235 31872
4081 5331 13686 26698 31599
4082 819 10578 34290 35524 36688 42608
4083 436 2000 2003 2004 3748 8235 12515 12549 12847 17108 19043 21242 23721 24084 27891 28518 29151 30274 33145 33846 37872 38945 41684
4084 5365 8658 8937 21530 28572 29181 42497 44337
4085 919 1093 14054
4086 3698 5988 12840 14450 16505 34735 36815 43356
4087 3412 9721 11139 11880 12121 16037 16572 17083 19327 19621 21008 22324 25772 26644 32616 36997 41272
4088 15870 21083 31110 41874 42195
4089 5104 7574 17020 26760 27874 35393
4090 886 10282 18985 24366 32520 38912 43633
4091 2107 2508 16335 22155 23383 23512 26631 29663 39103 42135 44768
4092 185 997 998 3083 3776 6146 6915 8206 9272 9273 14530 14873 15730 15803 18708 19987 21063 22906 23922 25226 27761 29059 29772 30672 32278 33349 33729 34310 35865 39691 40856
4093 3466 6209 10195 22801 27107
4094 3591 26971 29752 30381 34843 35540
4095 5954 8046 10779 22859 26812 44798
4096 5746 16087 24149 32983 34298
4097 1363 9565 12455 19085 20374 27973 30411
4098 5193 5703 20844 27332 44747
4099 646 1001 5212 16932 34111 41818
4100 7595 9406 15587 29943 33057 37697 41153 41452
4101 4785 9019 32882 36165
4102 2022 3034 13258 13585 16409 18869 19431 22017 29761 33532 34805 42702
4103 1719 9236 18353 37848 39983
4104 5317 6947 22870 26929 31999 33505 35211
4105 3566 20440 21387 26397 40669
4106 8396 18897 19604 36178 39080 41831
4107 5336 7570 33510 37570 43739
4108 4493 18631 24788 36934 38677
4109 10141 23703 27476 32235 42048
4110 13305 22121 36841
4111 9834 11059 15991 34272 37411 44190
4112 2626 4148 8144 9606 15387 39175 39213 39811
4113 12979 15472 16010 18983 37461 40324
4114 794 7062 7735 20759 29057 37407 39835
4115 2521 3868 9090 21277 22709 30451
4116 17584 35976 38263 39392
4117 9170 11540 22917 28514 34401 35764 37541 38491 43950
4118 22487
4119 1219 5407 8978 11691 13437 28323 29229 41520 42870 43597
4120 2162 9461 26245 39139 43064 44462
4121 1187 30695 36472 36874 38404
4122 716 4136 5134 5634 8659 12861 16304 23908 27560 29405 35485 41867
4123 2041 16014 25329
4124 37478 42799 44654
4125 9 3010 16194 29708 35463
4126 1025 13449 15757 16873 25792 29427 32339 36297 37194 37962 38951 39550 44289
4127 6834 19351 25330 29144 30263 39975 43345
4128 13476 13653 28683 30871 35245 39099 42426 43627
4129 1449 6581 8891 9348 15290 25503 29875 32931 38391
4130 20229 20410 24305 31121 41575 42428
4131 1359 2765 15985 25421 26021
4132 6378 12872 13281 19780 23607 35293 37439 41420 43922
4133 7196 9845 42972
4134 1526 8071 34480 44511
4135 4884 12390 21634 25596 38474
4136 6812 7973 8886 12212 13352 13684 16981 17692 26857 30801 31288 34182 34186 34433 34590 37230 37417
4137 9462 19775 25968 38869 40029
4138 14704 21898 25662 37362 39002
4139 1786 4091 4645 13569 35125
4140 2122 20639 30977
4141 20259 25491 38683 43325
4142 2164 2682 3368 10293 10905 18525 27737 31375
4143 6237 13461 24156 28319 35721 38735 38746
4144 2837 6250 7297 19556 37719
4145 1854 8783 21059 21408 22882 23926 42494
4146 2069 10714 20486 32718 40488 40775 42617 42797
4147 3543 14644 15016 27553 31688 34242
4148 10872 16991 18006 39789 40098
4149 12028 16533 23372 24541 34528 42119 43121
4150 6886 8198 21959 29155 33603 36983 43772
4151 20639 24397 33811 41750
4152 720 6901 15634 29070 31042 38261 43359
4153 4457 8287 9463 14486 16136 34542 37891 38596
4154 4877 6393 13487 42222 43871
4155 6588 16788 19860 20213
4156 2587 5262 9866 13287 26406
4157 5276 23818 31751 39420
4158 323 15224 18135 27550 29740 30498
4159 1550 1715 6779 13657 23653 24334 25263 29008 33589 33861 42139 42581
4160 8 136 8471 16690 30361 36272
4161 11163 28385 34853 35372 38725
4162 2826 12224 15226 25948 36998 38664 42273
4163 3323 10548 14628 16470 42088
4164 6616 24385 25966 28182
4165 4905 27200 30899 31974 41665
4166 18457 18931 20045 21696 23462 28093 34155 34410
4167 6195 8258 11192 21549 27300 41348
4168 1676 2700 20677 26073 36532 37469 44765
4169 1314 2508 13578 21226 31737 35984 39894
4170 18872 24473 30345 34953 35614 37746 43413
4171 1624 1669 1672 8179 19931 22386 30126 31687 33931 41609
4172 3 14708 15729 21574 37515
4173 1954 4562 12514 21523 26923
4174 13 1975 6172 32302 37018 38597 38956 44214
4175 11114 12149 23553 27216 40753 44599
4176 18726 20821 23013 26884 38119
4177 393 22261 24601 25924 27732
4178 505 2078 5906 39051 42845
4179 898 3533 12127 18790 19888 26404
4180 7000 7130 8648 9381 9383 14746 17363 30488
4181 12293 21255 31653 37378
4182 9923 14705 22037 33540 44118
4183 2503 4769 5833 17167 27842
4184 1298 4348 6276 32268 40672
4185 13061 24634 33893 35172 35173
4186 4313 8306 11210 16712 24728 27740 40360 44507
4187 894 12111 15668 22990
4188 4736 11007 20388 21687 33751 35960
4189 3341 3951 4596 13581 18505 20666 29922 31000 31390 33299 33678 42671
4190 13780 18305 36438 40468 44636
4191 79 22942 27431 35684 36670
4192 13320 22536 29449 31985 32176 38557
4193 7511 21264 27655 35691 40568
4194 8124 11431 17131 28236 30416
4195 6492 10728 17404 25723 26428 40860
4196 6928 6965 7430 7591 9044 15041 17762 27718 28769 29624 37392 42655 42844
4197 5109 6185 27632 28282 36161 44593
4198 6375 14040 14645 41202 44729
4199 3449 14289 24683 29731 35993
4200 14879 16086 22223 34422 40918
4201 95 18263 25341
4202 22451 26636 33853 34049 40291 41524
4203 5812 12147 15652 20575 21700 24381 32506 32957 35405
4204 1480 5620 9414 20258 26400 27900 30165 32815 42604 44712
4205 2013 5555 11364 12371 13959 15565 17979 18685 25926 32418 41552
4206 9441 11017 20496 23113 32967 34062 35512 36777 39317 41464
4207 3044 15718 19537 30454 43308 44757
4208 9047 17013 24369 25983 29301
4209 2272 10239 14479 25366 28454 35141
4210 494 1165 7382 7963 10999 12630 20214 24151
4211 8528 33934 34657 36085 37954 39380
4212 1033 1889 6390 7490 18056 20084 26036 28527 38328 42734
4213 4443 13971 15986 25859 28608 38573 39438 40146
4214 5165 5382 16551 28039 29543 34708 42436
4215 5956 13769 16271 24040 42688
4216 6977 16267 19518 29658 30631 30920 33425 38954 39061 39612 40797
4217 3384 6841 7374 7382 7939
4218 4652 5388 14639 19328 31105 40198 42857
4219 17459 23570 29234 36834
4220 16373 29622 34224 41407
4221 596 20313 22706 30812 31875 39821 43005
4222 684 735 28065 32126 40982
4223 3295 5476 21394 25012 43004
4224 105 6179 12002 18472 20754 26625 33210 38804 40237 42391
4225 550 6248 11058 11380 11610 12118 14616 15505 25696 28606 30965 34851 37041 39558
4226 360 9228 12131 13163 21166 36184 38763 40127 40470
4227 20382 21307 24331 28346 34668
4228 8778 20999 28333 34206 40070 44096
4229 1644 2773 11632 17390 18447 23517 32844
4230 13884 20298 30368 31348 42664
4231 2344 11524 20142 23030 23414 37165 41103
4232 1837 19963 39003 39350 41473
4233 7143 15466 17330 18182 43826
4234 6079 6372 8823 14724 31211 31952 36479 38121 39823
4235 84 2505 7001 11205 11895 37845 40201 44284
4236 8414 16903 18122 30825 32420 33321
4237 2232 2233 5785 6192 9009 26286 27129
4238 7274 16517 23532 32734 43365
4239 7059 8899 12059 19701 20922 23633 25453 27118 29779 39296 40877
4240 1392 7468 14184 26166 39285 42376
4241 4222 6261 25996 32032 32874 40271
4242 1113 14970 16803 26357 30399 30996 33858 37094
4243 165 1683 1925 3230 5949 6554 12021 14356 15786 16063 17134 18622 21344 25412 25614 27011 28025 28491 29977 31921 33208 33709 34284 34905 36076 38657 39880
4244 1526 2846 3411 13136 13859 16515 17708 23846 24187 25631 27127 27662 28251 30097 42479
4245 2952 25370 26113 34097 35924
4246 11712 30156 35174 37122 39252
4247 2119 7873 8723 9273 34523
4248 905 2115 22768 24868 34063
4249 5779 13192 23910 30873 35391 41947
4250 3110 8844 10321 21231 27453 39580
4251 13295 14100 21488 34766 41531 43445
4252 760 4641 6288 6490 8158 8545 8921 17204 34229 41230 44394
4253 9956 10134 19284 21570 30192 39316 43091
4254 8293 21974 24056 26365 39330 42491 44588
4255 3522 6876 8686 21748 23332 31436 33265 34554 37269 39770
4256 12641 21388 25113 29072 29989
4257 5635 15695 21498 25339 30024
4258 16697 25815 40915 43251 44372
4259 9263 14363 16028 29404 33003 44418
4260 11589 13840 14242 14752 15498 22791 32637 37795 38791
4261 598 11480 12905 15366 20543 21666 29910
4262 652 1279 2174 6366 6689 9289 15526 17400 17456 21001 23062 33666 34236 34761 37479 38242 38792
4263 18534 19763 23129 28252 33640
4264 22440 23279 24694 40456 41345
4265 23643 25441 29796 31596
4266 10492 11407 26545 33947 36547
4267 850 851 13032 19294 19537 40951 41358
4268 3322 6063 6687 7046 14301 17120 25164 25239 27150 28105 32114 33741 36766 41103 43547
4269 4141 15242 22377 25120 26189 29208 32708 38644 39162 42000 43422
4270 26 1566 14212 14830 17738 31692 40703
4271 16544 17959 32992 35324 40299
4272 606 607 2009 2318 9672 9870 12149 15411 19972 20351 21160 22987 23711 24967 25793 29448 29760 33906 42205
4273 6270 20079 21967 37045 38028 40957
4274 1045 9405 12476 15492 15659 16357 16672 17692 28218 30052 33074 39592
4275 1617 9867 11772 12686 35482 35495 40362 43918 44062
4276 2641 9059 25241 28995 41179
4277 23488 23851 31810 43721 44726
4278 2516 8670 23185 35490 42913
4279 1798 5528 7069 9695 16740 21574 24829 29532 33672 43101
4280 7163 17930 22714 38448 40530
4281 26048 30089 41020 42570
4282 4062 8412 8793 9532 9665 12117 12347 19982 29566 34300 35259 40124 43039
4283 2137 10544 17328 17916 20592 26439 30303 40360 43502
4284 24998
4285 1639 7621 15214 16045 20936 33376 33625
4286 10574 14900 15008 17178 27227
4287 119 5271 12433 39035
4288 376 8712 22338 22510 31401 31616
4289 42720
4290 2347 5211 10438 10583 11073 13750 14709 18102 27569 32965 36247 40424
4291 3285 4628 19284 30166 31639
4292 5052 12026 16618 19057 29563
4293 4851 11790 13299 16455 17759 27562 29406 37632
4294 4048 5516 10028 18991 27240 30973 34023 37603
4295 609 9502 17595 28408 29933
4296 384 2736 7257 15400 24218 32616
4297 4346 10975 22371 26305 26996 41081
4298 4263 19398 30548 32886 39462
4299 1913 4199 9764 23261 26320
4300 894 15918 16587 19251
4301 21357 25280 26356 33398 37272 41146
4302 2044 8213 8351 9157 9877 11176 11640 12567 15370 18825 19560 19947 25432 31323 38352 38971 39516 41048 42871 44351
4303 4404 4926 10846 16465 32863
4304 12579 16608 20368 26853 36919 44655
4305 8549 9953 21586 22930 34126
4306 3253 19914 23526
4307 1677 2036 2499 3229 3565 3619 3779 3971 4352 4674 4882 5005 5356 5745 5916 6307 6546 6747 9336 9871 10281 11425 14650 15405 16523 17800 17807 18274 18650 20529 20663 21776 22306 24129 24845 25356 26852 27023 28149 28884 28919 29554 30351 31236 32663 32998 33005 33291 33719 33871 33923 34432 35341 36939 38854 39587 39760 43424 43426
4308 1031 2969 18523 20778 22762 26132 29514 33203
4309 1322 18470 18869 19170 29681 33791 38480 41330 43200
4310 2539 12177 18781 33326 36769 43762
4311 375 569 7288 41780 42882 43188
4312 3725 10775 13891 17612 19356 27751
4313 15602 25038 36954
4314 2442 6718 13079 23050 26470 35359
4315 16828 22169 33657 44749
4316 4753 8358 17921 24842 27060 27709 41159 43128 44398
4317 4630 27620 29086 34545 35277 44183
4318 9790 15129 26349 27096 31442 39924 40603
4319 1710 8562 34331 35575 35666 37501 39554
4320 1830 10215 14281 26004 26110 32085 32134 32925 34593 38105 44763
4321 1913 18733 19639
4322 7127 8092 21926 35595 44533
4323 818 3191 8932 9000 13432 18315 19435 20250 20501 23914 24993 27483 32107 37384
4324 2522 6524 12814 22734
4325 16149 26890 35623 37097 39315 44148
4326 11063 12424 13393 26069 30120
4327 7774 10658 12511 15098 16322 29325 32366
4328 14010 25078 32147 40085
4329 14028 15058 16124 18213 30594
4330 645 1996 6559 6810 15708 21330 21793 24550 29763 32046 35923 43067 43224 43871
4331 5632 6787 15642 22947 27065 34501 34862 37062 39564 41140 41155
4332 3606 23610 27568 40935
4333 5658 6029 14428 25841 27841 31467 35089 42775
4334 1945 6409 12865 17227 34850
4335 746 4658 6181 26240 30903 38073
4336 7772 20444 21723 22755 25965
4337 464 928 10723 18707 23874 34797
4338 1670 7057 7852 8043 11031 12030 12554 17776 19466 19577 19938 22013 24639 27204 30678 37599
4339 3549 8349 24434 31516 40692
4340 9793 16216 31446
4341 1589 3563 5159 6363 9281 9508 9614 9862 14443 16494 16832 17373 17855 21282 24771 30793 33814 42283
4342 7132 11433 15470 23340 36333 43849
4343 14519 25872 28215 30766
4344 13333 15433 18589 29595
4345 2986 5285 10181 11612 34599 37706
4346 2182 7433 11107 38606 40701 44237
4347 3889 5505 6582 12122 29334 44851
4348 3237 3980 5169 8378 16882 18325 31097 40277
4349 13648 22761 23969 30106 33213
4350 8573 20380 20912 23445 34069 38206
4351 1593 30726 34018 35418 35786 42729
4352 4957 21562 27099 35279 43967
4353 7354 13857 21688 24227 44741
4354 5704 26418 34053 39853 43219
4355 5075 8268 21697 23603 25975
4356 9427 11561 21542 29298 43458
4357 2510 6088 14158 15017 16418 19749
4358 10040 12522 14024 21410 25331 32555
4359 7324 21144 26510 27974 43334
4360 14685 14844 15123 16799 18007 21082 23677 24806 31173 34081 34128 36572 41259 43756
4361 2669 2723 7400 15217 28817 40296
4362 456 16084 27402 28717 29356 29578 29918 39871 44016
4363 10437 21175 25636 31410 43868
4364 7665 7951 8579 19359 21621
4365 2090 5831 12798 18026 24941 36707 43696 43844
4366 1845 11700 17902 19437 23224 40518
4367 2787 10048 11966 27130 37853
4368 1524 2982 12224 26384
4369 6351 8979 18874 36214 38671 39545 39676 41836 43234 43577
4370 1517 5776 6325 9100 10627 10646 19045 31658 36764
4371 920 25665 29777 40665
4372 2462 9067 14964 26184 32165 36135 36703 44879
4373 5925 27186 30337 33327 40468
4374 3653 18010 22185 28169 29659 38048
4375 10567 19496 26075 30423 31690
4376 7849 12163 15712 19713 44108
4377 4374 6036 6521 6538 19022 19820 19952 31247 35039 35272 35959 36801 37215 37535 39427 39578 41797 42271
4378 1676 15578 17218 18410 18610 19071 23217 25045 26124
4379 1017 4286 5572 5788 7078 13611 25200 40392
4380 6263 10709 18840 20642 40494
4381 17126 25616 26098 34276 37463 40932
4382 1197 8942 10348 11834 13081 13398 15696 16102 16339 17617 18450 18655 24848 25304 25780 42559
4383 1702 25289 29618 35395
4384 2941 18740 21497 24866 33367 39038
4385 1501 8251 13298 25932 42694
4386 1343 1511 2697 6733 6905 7838 9158 16805 18062 29969 32758 34806 36781 39938 41100 42171 44267 44639
4387 9932 15872 20297 23548 39897 43148
4388 6964 9364 12085 21347 33834 44288
4389 1294 4094 9961 14483 31519 35355 35460 41978
4390 11376 12841 13115 23639 32455 42796
4391 250 19811 21662 22207 42724
4392 5303 5828 7945 19530 20282 32546 33096 40988
4393 10462 19627 28811 31305 33069 41937 42451
4394 4173 7913 24481 26176 43606
4395 1082 17312 22321 35894 39034 40893 42266
4396 10639 14901 18261 38403 43277
4397 5053 5174 7869 10298 14689
4398 17513 20591 31623
4399 178 3176 4719 5664 23470 25279
4400 2889 11135 26638 29020 32784
4401 9104 13786 22413 27601 28366 33534 38346
4402 30788 32307 42529
4403 410 5363 7608 12035 17452 28451 36569 38797
4404 15428 26136 28380 31080 35574 40795
4405 12726 13017 20210 36300
4406 12715 34611 38462
4407 8741 8951 12089 12103 15545 16527 17588 19028 21356 32233 39833 44132 44562 44597
4408 2458 2778 8838 26806 28466 32018 37046 37096 39722 44233
4409 4385 28821 30005 39221
4410 3345 8130 14786 29734 30652
4411 3766 24032 27531 34034 36073 37743 38485
4412 8444 10631 16270 32909
4413 4498 17654 30498 43020
4414 2931 8240 35946 39207
4415 14451 15832 16901 19536 37906 40660 42150 42427
4416 30110 32561 34555 41396 42123 43431
4417 3845 4318 5162 11494 15791 19404 26751 34969 36894 43347
4418 7019 18245 19280 20156 24024
4419 1541 1949 2943 5677 20986 26885
4420 4387 15628 21507 40596
4421 12259 14426 23705
4422 21033 21853 34560 36276 37176 38274
4423 1627 16192 16635 31353 32035
4424 1658 8023 8544 14064 21821 25500 26482 27168 28134 29396 30431 34031 34190 44435
4425 17483 24026 26465 30851 33263 34924
4426 16639 21741 23681 24181 36735 39073 40274
4427 1829 4014 8274 10003 10317 25651 44286
4428 14355 17101 25606 31403 38307
4429 3207 8587 15571 19013 35180 42353
4430 199 11920 20382 22780 33048 43512
4431 12969 20385 22707 27524 35834
4432 15602 21472 36286
4433 2971 11964 17161 18048 42291
4434 1586 4966 17315 29652 40316 42272
4435 5007 23027 24843 30115 39754
4436 6572 14715 32018 34525
4437 9847 11501 12389 13369 18304 18482 24055 30016 35338 37791 43496 43913
4438 5611 7356 7744 9980 12448 26387 27263 33665 36845
4439 13185 17337 20188 35759
4440 2288 10979 19204
4441 983 1142 3558 6723 21213 30151 31932 32802 39354
4442 18891 22342 38129 39978 43066
4443 858 8270 11377 12330 14596 39417 41232
4444 2998 9448 13541
4445 5531 14833 32634 32812 38661 44303
4446 178 550 9046 15010 16520 17683 28798 36505 42041
4447 10396 13889 15052 19223 20540 25392 29649 36091 39192 42357
4448 7017 20188 28332 38940 40165 44379
4449 15447 16125 23285 33573
4450 16452 21683 24329 34855 44000
4451 481 15265 23089 23627 34327
4452 1633 1799 4661 10233 13009 18814 20664 22353 29920 31994 34250 37679 38422 39329 41434 43313
4453 8281 24258 26454 26707 27557
4454 124 958 5330 5902 6958 12781 14028 15162 20231 20581 21950 29190 30699
4455 672 13821 15046 23448 36584
4456 1274 14066 24768
4457 12719 16650 20339 25640 27393 39165
4458 6952 9589 10953 23222 40957
4459 1906 16969 19519 27310 30713 35049
4460 12020 22525 23555 26637
4461 912 1693 3635 6194 6939 8137 10290 17909 22782 25074 27043 39227 41670 41852 42737
4462 9308 10196 13757 17183 19403
4463 720 3194 12429 21611 35350 36017 41250 43768
4464 5252 5728 11171 12412 12755 22730 31911 32615 36092 40935
4465 3027 3746 6157 16027 25777 29775
4466 10010 14374 25519 30956 35214 35954
4467 3233 6761 16901 17973 21291 24490 25623 28867 30182 31581 31583 33015 40430
4468 1652 19591 31898 36984
4469 6620 15289 28206 36005 36732 39314
4470 251 11330 16759 27779 28734 32338
4471 4151 6547 16753 17280 18878 26662
4472 7140 17322 20930 33431 36405
4473 1657 12756 22382 34622
4474 15269 18463 29142 30355 35331 43211
4475 11162 14805 36491 42475 42643
4476 9325 12158 12253 19653 24350 34946 39933 44637
4477 489 2464 22803 24881 29658 29862 31290 39091 39436 43871
4478 22896 29639 34051 34392 39783
4479 90 5596 7209 10442 20342 23087 24744 25130 27111 27133 38384
4480 13077 15524 21175 26271 29025 31217 35294
4481 2362 6723 8397 10750 12415 23729 41245 41438
4482 1381 3536 21990 23984 37547 39229
4483 9652 25855 28071 29626 34044
4484 7233 10378 29165 38134 41109
4485 3128 3937 5309 6046 7010 7822 9986 16015 20068 20081 20793 21363 25674 30322 30342 31065 40624 40813
4486 8022 9647 10062 26474 28623
4487 483 9559 11888 13813 32104 36418 42863
4488 1414 13018 17623 31844 36435
4489 1815 5375 7533 13751 23557 41813 43677
4490 12369 13767 16221 18302 21870 23936 35535 36539 38773 40360 43272
4491 271 9107 21847 29172 31364 41162
4492 10214 11448 25154 27229 30800 34829 38488
4493 296 1395 4252 11437 19528 20295 21103 23252 23456 37092
4494 30506 31998 32494 33784 35208
4495 578 1824 4299 16653 17195 18623 20607 24764 28840 34267 39309 42979 43364
4496 18188 26846 30341 31906 36321 39515
4497 8786 9189 11918 12550 33893 42169
4498 1552 3668 11572 12809 36655
4499 4046 12475 17163 18028 32345 34666 41740
4500 3832 4398 5464 6944 10329 10543 18839 21419 23520 25853 29856 43824
4501 96 9446 11240 14921 16495 23507
4502 1356 26824 27397 27525 27891
4503 10033 12398 25194 25503 27052 27481 30555 31580 40273 40824 41083 43693 43871
4504 6074 10331 26890 30388 43293
4505 1982 5406 6548 10967 23594 26064 32816
4506 992 1014 7607 7867 8041 16214 24605 25291 27773 31044 33126 34765 36391 38471
4507 6286 8734 13421 16332 18494 20273 22850 23384 26099 31161 31855 34984 36062 39117 41577 42799 44560
4508 3964 23933 29011 29931 30349 33885
4509 11416 25040 29187 37544
4510 3293 6346 26789 41056 41617
4511 1612 4559 4621 26334 29318 34496 42044
4512 2159 6360 10798 15312 17397 19913 20909 33990
4513 1526 8071 9179 26141
4514 4270 10441 21850 39023 43436
4515 17189 17683 40863 42988
4516 15448 27975 33197 35246 41359
4517 4086 5372 25426 36918 39463
4518 1577 2218 2871 6476 11285 13099 18155 20360 21273 25224 25733 28729 31237 31569 41849 42594 44647
4519 10664 21738 27537 33218 34821 38777 43130
4520 16477
4521 12187 13778 17244 25011 32422
4522 5610 6421 8721 12463 28877 29916 36186 37035 38883
4523 4528 25770 25886 31857 44388
4524 2161 4812 8001 12831 14155 18950 21744 22856 24428 34239 37801
4525 5519 18288 19424 30670 32028 34479 41060 43579
4526 1465 6675 8542 35198
4527 13174 15774 16107 21862 42895 43609
4528 1496 10953 11999 14432 20929 24820 26728 29558 30913 33367 38243
4529 3617 8238 34249 35774 35922
4530 3754 11491 23756 30064 31023
4531 23319 26373 28578 32286 40009
4532 2271 23872 25452 30554 40089
4533 21686 30544 30909
4534 10120 15454 29271 37207 40716
4535 3316 10694 17074 28814 38092
4536 845 20632 25002 37028 42045
4537 1010 6557 15177 18529 27783 28257 33686 38818 40373
4538 4168 24575 38585
4539 14172 20556 21547 24866 30712 43125
4540 2120 3981 6300 28146 29391
4541 20042 20422 21113 30814 43482 43504
4542 511 10842 18360 27999 34688
4543 3674 7007 29664 37446 39605
4544 3578 8282 17611 30333 38828 39513 44100
4545 12443 12928 13661 19303 25325 38717 39236
4546 8447 8524 12439 31854 34781 35244 37229
4547 2550 4009 4675 7463 8639 9145 10830 15195 24475 24839 34717
4548 2606 4383 5999 13995 14945 17657 18281 22463 24924 30206
4549 767 1711 2316 2930 4210 7218 8612 9394 9699 10797 11913 11986 13737 13888 13967 17856 19854 21483 22303 23865 24184 24769 27141 28808 29230 29507 33508 35085 36078 36796 37869 38372 42846
4550 5769 13088 14850 28981 44272
4551 2291 18978 21944
4552 895 7003 9831 18604 32178 34732
4553 14742 17242 21433 33710 39510
4554 1136 4328 17434 28313 35724 44250
4555 11014 13309 15116 41931 44320
4556 8265 10154 27076 33234 33384
4557 28070 33820
4558 3006 13765 18994 19201 37908 43710
4559 349 2323 10017 20424 24946 25693 26951
4560 5091 5360 7606 17793 23550 27881 37677 38977
4561 20682 30990 34750 42489 44404
4562 4706 10433 19066 20171 23886 32089
4563 10833 14734 27742 33013 40886
4564 1867 12406 14540 16099 20532 28895 32281 35798 36488
4565 7231 19946 26081 26246 35205
4566 3125 3517 3878 4603 6875 8492 9122 9686 9855 12498 14420 15179 17541 18796 19933 20603 20977 20995 21055 21338 21719 26438 30580 31225 32565 33809 35177 38019 39134 44889
4567 12288 14432 19011 23457 35595
4568 3849 4411 4567 14757 25259 41139
4569 12543 12999 14195 16144 20490 22713 28560 33170
4570 6706 6798 7962 12010 16785 33501 41943 44423
4571 8030 15394 33323 35520 41275
4572 492 21301 24502 40074
4573 23623 26414 31061 34557 44283
4574 7824 13597 17935 24804 37146
4575 4791 5915 10417 18959 25198 26925 27477 27577 42684
4576 3318 35677
4577 443 643 15248 24815 29958
4578 158 1221 9251 11052 13351 14216 17007 29121 29484 42270
4579 2039 10335 13632 16840 19896 22677 23130 23616 24910 26252 28615 32540 34751 39251 44603
4580 15213 16303 20754 33966 39276 42446 44305
4581 3270 3475 19324 33046 39738 42755
4582 204 12104 26380 31340 36674 38016
4583 14847 23609 24653 32208 33682 36259 43545 43781
4584 7733 15161 29689 36316 36535 43170
4585 593 3091 3551 3629 20523 36038
4586 7717 25731 30147 37306 38063 42990
4587 2274 10814 18952 23807 29081 29348 33460 37209 43976
4588 3925 8744 9300 38297 38972 43227 43869
4589 4770 7301 9408 9683 13016 15542 18909 28460 32395
4590 1286 22183 29531 38482 42374 44259 44262
4591 9428 15323 34143 34675 37971
4592 5754 6535 9026 9910 16917 16968 17056 21248 26412 33720 37507
4593 1600 2170 13078 16680 32065 32743 39264 43744
4594 2977 4045 13725 21129 44725
4595 2228 7494 11933 12454 28173 31949 33016
4596 5476 9240 12548 20957 21753 24202 30598 32004 33092 42440
4597 8248 18476 29153 33692 38501
4598 1409 12753 21908 32835
4599 2171 5809 17137 43884
4600 6983 9000 34380 41526 42175
4601 2262 4219 12290 13958 16999 21111 22362 34868 37742 38356
4602 3244 6168 8436 9356 20000 20199
4603 2842 11347 13959 34759
4604 15221 19047 31674 32049 37875
4605 380 12674 24313 33732
4606 8755 10188 11080 12931 15495 21795 26003 29658 33222 37626 44316
4607 6132 17444 20321 30839 40733
4608 11345 15889 31719 33888 38989
4609 5176 7981 13562 28807 34929
4610 4469 7102 15023 19746 20122 20477 41167
4611 1272 2239 4961 34889 38589
4612 4498 16646 36671 40338
4613 9718 12502 15731 24840 41268 44245
4614 2549 7157 8031 19798 30780 32613 36503 42549
4615 1866 7387 13178 17460 18064 26855 26965 30544 34223 43267
4616 4402 6871 7039 8720 10035 10366 10579 10662 12088 12098 12940 14312 14646 16654 16669 17673 18761 18821 18962 19176 20668 21595 22675 24701 25354 25559 26038 26455 28103 28455 28464 31177 31191 32324 32517 32631 35633 36216 36950 37073 37588 38226 38969 39439 39650 41790 42941 43319
4617 334 8839 22955 34891 41568
4618 11417 20866 21840 38283 42603
4619 8947 12250 14452 15721 17848 25374 42052
4620 11554 15930 19259 32038 44276
4621 6205 11195 11753 28220 28918 31284 31672 32043
4622 6531 26820 33900
4623 6704 14165 14605 21825 23430 24094 28823 43235
4624 6233 9888 10057 11512 15631 25734 27839 28741 29956 33887 35681
4625 3795 10277 28563 37313 39493
4626 474
4627 10706 21965 22125 29475 32677 40832
4628 5692 7730 17173 29845 43159
4629 840 4752 6389 28379 42530
4630 942 1176 6365 9848 33138 35318 38228
4631 12665 20822 33455
4632 633 7280 10261 13552 15892 17347 43175
4633 537 2080 8515 12107 13501 18936 20255 21917 23464 42744
4634 16537 16555 16979 17812 27530 28219 35557 40907 43453 44123
4635 6082 9293 25368 30807 31558 44638
4636 5287 5538 7908 35514 35873 37690
4637 3912 17407 21207 31352 33914
4638 617 24453 31077 36286
4639 3828 8102 10856 11012 38378 40602
4640 11444 30213 32685 33055 37257
4641 3302 6632 7450 18854 30560 36573 38609
4642 964 1021 3123 4026 9146 9217 12094 13063 20903 24377 27025 27479 27741 29349 32045 34109 35622
4643 29609 31976 35264 41768 42742
4644 2049 6027 10697 15043 18036 25868 31769 36099 37453 43680
4645 4688 17235 20512 21438 23219 24436 25383 30588 38095 38896
4646 7275 11318 24037 26249 42792 42913
4647 2441 10716 16225 17228 26808 27640 29640 39663 42418 42597 42677
4648 17070 17552 22707 23117 25206
4649 2473 8255 17125 38874 41125
4650 11305 16728 17923 25509 26970 30525 35726
4651 9090 11776 12602 17859 18365 23845 30947 35231 35583 38411 43448
4652 22991 24644 32989 33551 42010
4653 5896 9221 11150 18385 33245
4654 6184 7024 7397 12681 13648 15473 22257 33468
4655 5984 8078 21709 27051 33570
4656 6208 6776 8372 12766 15967 18246 24654 34489 43303
4657 4274 11458 22341 29162 31224 31331 35474 39468 41419 42658
4658 5515 10376 19771 20860 25629 28115 31148 33264 34725 37466 37825 40160 41741 44494
4659 6665 11950 12758 16875 32398 33979 35626 42028
4660 6571 13314 21553 33401 35999
4661 3064 16751 28931 30523 30732 30786 32760
4662 11578 18647 30048 36182 44905
4663 3932 8245 16858 23877
4664 16233 17968 23143 24455 35902 44575
4665 30143 37141
4666 24719 28907 36041 38541
4667 5184 8291 18638 24978 29023
4668 1257 6591 11462 12994 27326
4669 13289 15270 17830 23168 33215 34122 39546
4670 5710 14574 15676 20393 21234 35651 44866
4671 4728 9650 15294 16789 18727 20026 39039 41037
4672 88 12493 16132 20791 35025 37180 41398 42387
4673 4668 5197 21016 26987 43009
4674 545 11168 12773 22580 24561 32834 38893
4675 30252 37284 43351
4676 17024 22403 27878 33105 40352
4677 1832 3954 8558 21884 28207 40192
4678 899 2260 4247 6049 6967 13169 20810 22277 22442 26205 30775 30963 35844 37459 37793 39279 39458
4679 6520 9332 13930 25363 37493
4680 10414 11307 30332 40387 43932
4681 14232 16998 20963 21738 22467 23824 37457 38217 38693
4682 5165 17386 23321 28917 34804 41398 44735
4683 7262 15914 32796 35910
4684 9709 11782 15393 16253 18501 22000 35066 35502 39424 40484
4685 7414 7536 11102 24217 28908 38427 39564 39901
4686 6408 20732 20932 23991 44878
4687 15590 17272 21269 30910
4688 60 7837 8202 12146 35304
4689 4237 6223 7710 7891 7901 27180 28147 29852 31354 36663
4690 93 3524 29887 44734
4691 4861 34118 34645 40681 44503
4692 3058 8392 11155 13054 27448 41650
4693 1323 3943 6127 22553 36976
4694 2937 3135 7172 10878 17355 25427
4695 1913 3490 20658 22031 36923
4696 3311 21692 26224 26611 28048 28548 28773 32501
4697 15577 24472 24666 29934 33536 35003 43411 43946
4698 1370 11267 25642 31499 37409 41862
4699 182 7758 12603 30255 34125
4700 135 9022 11193 24088 28923 35901 43242
4701 8244 9947 11562 26141 42908
4702 319 413 1299 1621 2552 3197 7829 8738 8931 10081 15235 15713 23743 26796 34256 36502 38961 44578
4703 24171 25158 30567 30718 36133
4704 2280 4422 16829 36335 40993
4705 2876 4745 24173 25270 28203 34497
4706 3627 8343 16381 17423 24128 26206 28359 31656 36347 39714 42507 44249
4707 5584 9115 13911 26233 28141 34633 36949 44447
4708 2563 3222 6089 10816 16717 17741 23291 26237 27917 33297 38602 42177
4709 15839 16518 32633 39540
4710 2904 8105 27900 35539 40873
4711 9555 10267 13650 24869 28256 40758 40880
4712 15365 24246 30330 41118 44561
4713 18893 25781 29780 40679
4714 9242 15493 16304 17358 18395 21753 22481 27696 28062 33053 43335
4715 9008 11596 14935 20566 27070 39915
4716 7081 17486 31722 32619 32800
4717 5391 11452 15812 24627 26642 35671 36286 39226
4718 519 12319 14996 21572 36717
4719 466 8045 9165 32401 44459
4720 5577 32105 32948 44709
4721 2385 4937 7698 25337 25469 27452 32331 34329
4722 1659 3952 7226 17916 29661
4723 6335 10407 12947 13914 14464 20202 20774 22007 23926 27339 30288 30464 32382 34627 36066 36095 37291 41955 43837
4724 3046 7616 23555 39244 43219
4725 4538 7589 15062 16110 20724 38107 41365
4726 7432 7488 31148 35216 40608
4727 20328 26479 31907 43573
4728 25867 33563 37696 40266 44321
4729 4686 11389 25442 37846 43456
4730 5140 8301 17999 24405 29656 30376 31845 33645 35078
4731 3526 9610 15693 18344 18390 19158 20493 24450 25518 27669 42066 44513
4732 6929 9712 9772 10990 11141 12053 29259 36227 37717 37937 42722
4733 1705 1913 14916 40167 42218
4734 9230 13844 21613 28426 41815 43223
4735 1138 27585 28303 36248
4736 6178 14513 26137 33012 42103
4737 10297 10932 10962 12699 13496 16781 17091 24521 27085 43348
4738 3499 4209 11566 18565 24297 28042 33797 39765 41052
4739 1776 2828 17545 25977 35990 37068
4740 1444 2775 5265 11244 44145
4741 1697 2608 14939 29439 31672 40250 40278
4742 13044 20017 20690 44483
4743 120 1546 1929 9818 15327 26758
4744 10334 10731 13908 22018 22019 33767 39026
4745 8232 12224 20735 37551 39891
4746 9584 11072 25801 27763 37039 44255
4747 9256 22317 25816 40123
4748 6766 7183 16300 16594 19366 19603 20716 20865 25678 31519 31740 35420 35652 38711 39508 40907 42676 42859
4749 6010 6969 19960 25223 35522 41893
4750 5023 7609 9118 26981 28272 35706 44584
4751 23780 24965 36286
4752 3709 24527 28370 29275 31438 37843 41540 41886
4753 9485 14224 17682 21010 35020
4754 5492 13727 14819 38562
4755 170 558 15467 19350 23314 28964 30217 32172 36386 42270
4756 11961 12774 20232 25819 35961 42415
4757 6672 18638 31427 39394
4758 502 8469 9369 12107 23444 27744 30719 43334 44872
4759 7417 16539 19017 27488 33418 38530 39815 41437 41545
4760 901 11055 19884 22823 41391
4761 2173 10761 26253 38445 43013
4762 14902 17870 27891 30209 41804
4763 43 238 3366 27077 30188 33049 41264
4764 2965 9576 9971 13816 14248 27804 29542
4765 6755 9117 9919 21899 24250 33416 36850 44530
4766 16161 17771 24861 35469 36040 42887
4767 1406 9963 29238
4768 3942 5908 11184 19780 21236 25195 30503 40021
4769 5423 9820 10098 12897 19419 20593 22640 27032 34587 36446 37558 40242 44278
4770 9055 26930 27664 30556 40441
4771 4204 8249 9186 21987 25634 30453 32404
4772 4129 17193 19561
4773 19240 21350 28442 30070 35610 43107
4774 1704 15617 19297 29801 44546
4775 229 2471 3309 4293 11831 22346 33726 37473 37949 41105 42130
4776 18130 28777 31053 31182 35730 35829
4777 8471 21512 28924 34341 34553
4778 407 2248 2611 4176 8536 11577 12624 13721 18905 41051
4779 10213 13183 16020 23530 30787 37857
4780 5626 10172 15457 23621 35378
4781 5557 10252 13599 15570 17436 20495 23581 35905 36602 40537 42516
4782 15787 20266 24347 26083 28045 33755 33953
4783 24410 30083 32843 41306
4784 9087 22559 28474 40914 41645
4785 2225 3946 5963 10522 19272 20196 20760 22116 23958
4786 14353 16971 24488 30543 32162 34131 41316
4787 2624 3030 5297 5842 20266
4788 4709 7093 34629 36785 38669 43779
4789 5737 10109 12742 36090 36246
4790 7103 13825 16941 24225 28260 39306
4791 228 7576 12367 18063 19570 23355 23381 36625 38412 41069
4792 6331 9343 14693 15902 16311 25293 29747 34996
4793 2950 42922
4794 5976 8482 18266 32881 43354
4795 2431 15453 17498 23983 33764
4796 13232 13806 21244 27521 28327 29893 34882 37481 39881 43751
4797 18300 18369 20162 38504 39852 42849
4798 2767 3331 12698 15593 30102 43875 44027
4799 9594 13040 19770 22710 31895
4800 2453 7128 15962 18352 30898
4801 8208 8981 16052 33121 38660 39862
4802 16351 22108 28227 29455
4803 5210 15178 19588 19955 25385 25889 37544
4804 6087 11714 12348 16226 33875 38968 40738
4805 10020 10425 11299 20358 31327
4806 21903 28388
4807 2003 2963 15169 15860 20596 25284 32709 39084 41950 42151 42682
4808 4054 4203 7812 13687 18239 18837 21309 21364 24396 27259 29431 29638
4809 16397 25037 33063 35854 37328
4810 632 810 18162 18972 19171 19496 24796 36563 37487 38922 41753
4811 24201 29153 39757 43521
4812 4956 18483 37426 40384 44419
4813 557 4999 5649 6981 12472 13529 18583 35653 36011
4814 189 2305 4465 11076 11677 17572 17767 19168 20661 24413 26066 26433 26976 27147 28826 28984 29947 30473 36383 38236 40390 40515 41416
4815 4768 5690 7346 8833 9194 12517 12642 15947 18812 19101 20417 20834 20952 24746 25884 29305 30535 30946 31408 34655 38194 40105 41198 44175
4816 6364 22404 37751 41310
4817 68 8948 12677 18317 23990
4818 10133 14822 26506 27223 43465
4819 34028 41412
4820 18011 18933 19197 21803 38270
4821 9007 15444 17127 39553 43961
4822 4673 19580 20135 29799 30818 40023
4823 993 4466 5345 12307 18592 24999 27113 27203 27246 27717 39063
4824 15395 21823 34801 35533 43492
4825 2315 2705 10387 10743 17288 35481 42752
4826 17583 22002 27580 29355 37877 39133
4827 7322 22307 24554 25848 26198 37086 44187
4828 1241 2532 5362 20302 40366
4829 2307 9855 11431 19189 20414 25380 28752 29658 39434 41636 43692
4830 5420 7840 8542 13731 16420 20369 23304 23750 26244 31035 43582 44682
4831 4180 11198 21474 32458
4832 2538 5558 5694 10049 13190 20898 21900 34076
4833 14181 25804 31784 31971 39231
4834 2573 7258 9714 11685 11881 17301 23090 26484 29340 34054 34792 36104 36267 42892 44222
4835 14937 15047 21323 26633 28192 28861 38878
4836 406 7398 27957 40757 42553
4837 4761 12345 15192 16660 25903 27153 29292 38619 40013 42822 44075
4838 5619 9435 11471 13248 39741
4839 2734 15228 22250 33521 41030
4840 2083 3791 4273 9341 13561 14125 18255 21063 29368 36401
4841 8063 13456 28174 33115 41377
4842 6758 12948 17342 22642 29294
4843 2669 2803 3122 5880 14449 39539
4844 1622 3723 23630 24985 31729 36397 41841
4845 1574 3906 5011 5305 6580 9362 9674 10105 14296 17683 18454 19507 21075 21137 22348 24106 34463 41074
4846 1018 4319 15763 16938 21376 33284 41982
4847 277 9943 25785 34323 38511 42768
4848 3282 26803 29816 41533
4849 1428 28936 30220 32868 36675
4850 6608 11859 16115 28006 37704 38157 43859
4851 424 1991 4314 14155 21009 22392 34762 40883
4852 5428 12311 12993 15685 24581 32189 37387
4853 4933 22622 26908 35234 40605
4854 3165 3166 14966 32389
4855 121 7239 12435 12821 35454 38012
4856 650 3148 4555 8616 9476 15604 35225 39379
4857 12612 16323 20150 21573 27254 29125 32166 32879 35727 36191 38663 38987 40385 40788
4858 12410 20280 21122 24189 31834
4859 19202 22221 22869 40513 42872
4860 22 1620 2319 7680 7787 11989 12280 13213 20185 21397 24433 29399 31818 35243 38417 44648
4861 2544 4284 16210 23209 33355
4862 442 8019 10381 28013 29588 33826
4863 5799 11922 26045 33558 34938 39910 43226
4864 8996 20003 22591 24859 42891
4865 5585 7271 16755 25939 27945
4866 4551 7202 9758 9765 15256 16565 17285 17563 21294 22843 23431 30034
4867 2458 5377 7563 28772 30088 30896 34552
4868 78 3193 16257 29807 31234 42380
4869 270 1321 6719 7256 8772 8959 12553 16812 25015 27005 29567 32610 37172 38646 43753
4870 9563 10107 16648 22814 32808
4871 2100 8710 24407 31416 38771 38872 39560
4872 2214 4807 4853 5232 9659 17758 18689 34798 35346 43584 43614 44371
4873 7731 8934 11517 16570 28945 29951 33525 36568 37916 43921 44705
4874 2848 11965 14388 19269 22266 28775 31772 38876
4875 7695 14386 21839 30705 33166 39868
4876 4692 6974 7789 25887 37440
4877 3788 11104 18371 18653 18875 21593 23063 32935 44644
4878 3589 10791 12676 16592 17796 18590 18769 19940 28058 29771 31277 33300 33769 34101 34958 36990 38112 42533 44106
4879 1525 5965 16090 22644 22700 25118 27608 30298 33979 35816 41432 41563
4880 11724 12231 23329 26141 32745 32906 35208 38953
4881 1451 2363 5878 12461 13547 38392 44739
4882 8285 8655 9395 9598 18937 24525 25641 26524 31958 38518 44522
4883 5972 10007 18974 22690 42971
4884 4996 5077 7855 27215 31324 41595
4885 863 9843 9973 11386 14175 20092 21891 24340
4886 5562 5958 11539 14750 16982 27347 27544 35334 42777
4887 514 18049 18620 20755 40492 41387 44722
4888 1661 1720 2738 5050 11170 12777 17445 34995
4889 10542 18246 32191 42108
4890 2742 17460 33467 33673 44760
4891 1724 6955 9784 9977 16636 21319 22660
4892 15391 18497 23600 37353 41649
4893 10982 28549 29781 39697 41115
4894 10264 14117 16566 24748 26012 28879 36603 41734
4895 6634 18293 22817 23386 34536 36775 39263
4896 15183 23484 26924 32204 35128
4897 7154 9330 16998 24913 27130
4898 11713 14134 29555 36599 43028
4899 576 1647 4897 10117 14071 31327 34466 43273
4900 18958 19544 25920 26602 27873 32951
4901 5586 7844 17343 27399 38844 41313
4902 6369 9936 22586 34315 42024
4903 11395 21967 22989 32006 37590 39052 39488 40635 41916 44357
4904 6176 8947 13624 17934 19814 26169 28866 29818 30561 34108 38502 42578 43563
4905 12379 12402 13792 22904 23318 25585
4906 25311 25427
4907 3667 16293 23262 24543 28593 31136 33240 39460 43224
4908 2677 3901 8322 16262 18412 31241 35755 44481
4909 1645 5378 7050 15384 24842 32821 37206 41878
4910 21002 23145 37822 43121
4911 9149 19824 21440 24105
4912 4244 4616 13690 23149 39448
4913 18464 22171 24107 27148
4914 9967 15667 26576 37785 40882
4915 1467 4380 31119 36168 38509
4916 59 1765 4329 5733 8057 18903 20779 40213 43506
4917 4277 21461
4918 8110 9367 12503 25862 26592 41679
4919 18860 22004 37344 39689 41547
4920 27 2150 21262 24498 39431 43546
4921 1969 7871 9182 15762 19082
4922 2536 8803 10906 12170 16103 25646 34842 35895 39336 43229
4923 14015 21471 29117 39693 42939 43668
4924 1976 7935 13672 17667 24013 28554 33395 34500 39235
4925 1137 12017 14033 15648 20597 22001 32275 38203
4926 14653 19537 19941 26445 29921 31356
4927 1733 5373 18475 21870 25246 28930 34261 34775 40971 42399
4928 1374 13855 18751 40467
4929 639 3318 7814 8756 8954 17633 19370 19537 43707 44088
4930 1806 8852 11069 11771 34424 35238 43208
4931 663 7200 10301 30707
4932 5324 37582 37838 39071 40593
4933 39799 40177 44653 44759
4934 3814 4716 34840 36754 40854 42657
4935 21163 34124 36682 38571 39557 43755
4936 5872 9854 11970 27126 30278 30457 33659 36192 44042
4937 1869 18449 21177 27946 29160 35868
4938 1271 10589 14498 15568 31249
4939 12650 20936 31229 36347 43508
4940 400 660 6930 13034 14278 17045 31000 42532
4941 1131 7413 8067 14911 21004 23258 25385 26318 33196 34112 36278 39645
4942 1573 3158 4113 5944 7979 8409 12165 14972 15557 20770 23306 27169 28253 28833 34187 37108 39825 40057 40410 42259
4943 3469 6657 27324 40284 43176
4944 8564 13949 25722 36729 41420
4945 126 14190 23833 26905 33586 35090 44872
4946 10187 14017 14210 18629 34661 39254
4947 4115 5540 15725 20318 25555 32581 34037 43072 43558
4948 7156 7664 17278 24710 29280 40110 43483
4949 5149 10259 20799 25683 34899 37084 37591 40512
4950 14001 19036 20024 27643 32865 37137
4951 9781 17144 30657 32725 37496 39042
4952 313 5021 19936 24860 25377 27150 33247 35884 43022 43385 44744
4953 1248 9243 12125 19900 33273
4954 2404 12595 15088 16934 32997 36089
4955 5923 7473 14863 22293 35880 39009
4956 636 1212 5735 10060 14131 17086 23590 25774 34636 37930 38114 39369
4957 8929 22363 23565 25433 29773 37360 39169 44823
4958 7296 11756 15118 19309
4959 1884 4197 26519
4960 2964 10659 14288 22105 26746 34740
4961 3172 3369 5718 5771 13045 23151 23788 24762 29287 38772 40204 40900 41566 42667
4962 5044 12527 13028 16312 20123 35883 36393 44785
4963 6499 10824 17057 19181 40706
4964 8471 21093 23802 26762 31255 40083
4965 1949 6817 9499 19964 22514 23471
4966 11126 11236 17885 33644 39977 42411 42921
4967 412 1634 1987 3923 4150 10559 11103 12299 15599 16244 16427 17405 20308 23887 24139 28454 29452 31048 34637 36738 40061 41237 44072
4968 1604 7950 9457 12721 34391
4969 1388 5760 7699 8228 10628 14403 15952 23778 40496
4970 12728 16885 25160 35249 38056 40448
4971 27990 28543 39445 40141 40771
4972 3312 8789 8873 21733 32670 39602
4973 14039 14582 18414 23656 35230 37056 41203 43690
4974 14849 42720
4975 894 27675 34541 38200 43334
4976 3810 9114 11899 15976 28784 38897 43044
4977 2311 2854 7403 9425 9613 14023 19689 29456 35695 39266 41034 42781
4978 2438 16154 37595 41551 44340
4979 18332 20777 21907 25904 32471 37485
4980 7676 14496 36290
4981 18643 24511 34849 37896
4982 6809 24757 25427 35097 37733 40240
4983 1126 6518 6863 7221 9545 9682 12392 13459 18138 19243 23592 27943 30857 32593 33310 33723 39363 41687
4984 1486 5203 13411 23300 24619 33696 35552
4985 2774 4275 31954 38540
4986 3660 10050 10669 13906 17229 19078 23029 23455 29227 40377 40755 42806 43794
4987 13126 17655 25455 29265 36650
4988 7650 10031 12887 13372 23767
4989 3297 9572 20319 31028 33671 37450 41976 43743 43767
4990 1280 1703 7213 15619 19831
4991 11292 25199 32753 33615 41600 43653
4992 1750 13724 19200 20099 32374 36727 37382 38949 40388
4993 1159 13972 15744 22732 32991 36453 38845 39524
4994 6419 7158 7362 14980 20078 26580 28613 30065 31989 35654 38211
4995 4170 7380 7422 13926 19959 33497 37893 39979 41028
4996 4642 5549 8416 12185 19789 25196 44794
4997 8080 27366 41789 43589
4998 5294 16931 20052 23481 24849 27416 34652
4999 714 8874 26481 29407 43531
5000 1877 16258 24995 26845 28113 31367 35364 39879
5001 3274 26282 30758 34001 44008
5002 1341 2370 6465 15909 18513 30519 38494
5003 3647 3880 5417 7726 11026 15349 15591 19804 26581 37002
5004 2671 3654 5380 14642 18577
5005 6996 22663 34360 37022 37618 41026
5006 894 2902 4253 6822 8313 18608 28471 31488 35096 37053 39451 39767 42995 43511 43871 44023
5007 14282 37292
5008 11067 17544 17884 28071 44367
5009 9466 12947 18383 18957 23483 29363 37185
5010 8757 12447 24894 33965 41532
5011 3775 10309 11086 11508 15092 34289
5012 8061 11545 13987 18554 22414 26759 27042 28466 30696 33700 38002 41869
5013 14050 20327 25237 38713 38867 42640
5014 8881 9301 13401 21892 30735 38917 41556
5015 1362 14901 17468 30459 33742
5016 4960 6920 17671 36489
5017 13156 19934 19975 22476 26799 35953 40791 41429
5018 2570 3226 9535 29383 31404
5019 8058 12224 16100 34737
5020 6157 18531 20451 21121 26237
5021 3457 13229 15784 16461 24703 26110 27620 30467 40096 44674
5022 2863 4657 9297 38744 40940
5023 5449 6683 8551 15015 17907 20105 30994 35303 42208
5024 2704 4126 13760 30316 34766 38451
5025 11538 12260 38733 44748
5026 11233 12113 32739 39284 39454
5027 7334 9600 29632 37432 40964
5028 3695 14147 27125 28241 36820
5029 272 1918 10560 43735 44845
5030 7242 13759 28744 35210 38170
5031 2355 3201 5594 5935 8963 9901 13246 13770 13773 15567 16113 21429 23702 29024 30836 30978 34610 36061 39896 40332 42554
5032 11606 21996 22539 25741 30319 36458
5033 2263 3728 3782 30924 41964
5034 507 3639 4961 7389 24882
5035 13135 16162 21732 25701 34877 35467 35698 38367
5036 25787 36093 39996 43081
5037 15111 17701 24381 29472 31317
5038 25520 31680 32096
5039 6164 28513
5040 2599 4399 8267 14581 15625 16341 25851 30026 36372 37297
5041 1445 16497 19422 28632 35842
5042 6292 8437 11273 11648 12413 18721 31072
5043 22638 24339 27710 37656 38716
5044 2066 27404 31734 33528 41529
5045 6818 13658 15118 24928 33220 35226 39564 42591
5046 1205 2619 7017 9605 34878 35424 36317
5047 12342 12964 17795 26793 26837 28852
5048 5387 16230 23193 38085
5049 3989 9173 30632 37995 40500
5050 16817 20908 25800 33363 34074 34610 35011 36237
5051 24345 39238 41586
5052 3477 18957 22056 43836 43837
5053 2541 5390 24270 40541 43237
5054 887 8761 17166 22106 40631 41810 44774
5055 10243 11087 12622 16509 25395 27708 31162 42339
5056 1399 3528 9454 25193 33868
5057 1676 15911 16901 33606 37545
5058 9278 9607 11439 12628 13852 17865 26441 26813 34537 34755 42310 44893
5059 1249 8849 19114 29272 37983
5060 13032 19391 19396 28003 30133 33500
5061 869 11286 15392 25064 36768
5062 2018 4687 5442 9069 11243 13325 15421 20975 21623 24636 34549
5063 1346 13921 21585 23171 29313 29565 31380
5064 1092 23773 26052 34105
5065 11941 22740 29712 31563 32057
5066 4025 5292 17325 22429 27674 28770 31425 35432 35794 37578 38681 42035
5067 2737 5216 12362 13051 23393 37105 42359
5068 9924 22541 22543 23365 40867 42118
5069 8376 9112 10390 15924 19205 31377
5070 1026 2583 8494 8495 32541 33839
5071 13976 23493 23856 26512 40921 44290
5072 6113 8015 10951 16055 27752 29377
5073 7075 8458 15703 19167 21427 22204 22899 31357 39479 41771 44487
5074 2567 5770 14226 36072 38295 39873 42993 43149
5075 9733 21769 27433 39013 39872
5076 12207 17253 31913 38188 39182 42381 44270
5077 6724 13062 24099 33711 34992
5078 425 4282 18656 22319 32245
5079 2594 8085 25031 43092 43456
5080 4664 10729 18782 27300 33218 34052
5081 5623 19840 37047
5082 12606 13294 17568 31638 33469 36155 40145
5083 5612 9090 15105 18555 24741 27801 31768 32594
5084 7272 14057 17573 29968 30756 32266
5085 4684 9323 17808 23942 29225 33718
5086 1288 1477 5365 11583 15750 20816 25699 33276 35692 36187 40559
5087 1363 3427 15436 19460
5088 970 8960 10254 12018 12099 16560 20950 23395 30504 39666 43763
5089 4781 6627 14401 36832 41386
5090 2545 2586 8026 16430 24670
5091 914 4989 14189 23857 34734 36898 42788
5092 3025 11503 18486 27573 30275 32797 33656
5093 441 8029 12129 13609 22546 23215 24125 36396 37152
5094 2907 7253 23586 23759 34680 36592
5095 14183 16298 16996 18601 31148 36158
5096 711 4105 12011 13919 41615 42340 44064
5097 8471 24495 30884 35230 40768
5098 7027 8510 22671 23119 28263 31164 41318
5099 1977 6298 25041 25544 28270 34942 44580
5100 357 5118 12824 13414 14630 21997 30630 34853 36320 40086
5101 2485 8171 12411 21655 36134
5102 3180 17677 33485 35985 40080
5103 2065 3973 6918 7527 26359 26430 31296 32445 34019 34764 35274 40859
5104 354 876 1968 3853 7547 9065 9109 9693 11394 13538 14818 15512 15998 19033 19456 21888 22508 23111 26367 27500 27789 28018 28222 30483 33081 35065 35258 37323 38708 39118 42718 43366 44095 44829 44830
5105 896 2116 2710 2976 3002 3505 3684 4849 5152 5158 5801 6643 7025 7336 7428 7944 8427 8754 9505 9611 10408 12793 12976 13328 14602 15143 15146 15330 17015 17857 17875 18965 19268 19693 24791 25101 25298 26181 26182 27695 28589 34514 34570 36117 36904 38544 41255 41388 41564 43120 44528 44727
5106 22408 37672
5107 20823 25718 28633 31863
5108 13305 21876 24513 25072 29629 30564 31600
5109 28415 36516 37076 44345
5110 8701 14213 15339 18745 20623 24697 32325 34178 38933 39457
5111 300 2063 2991 3769 5975 10576 12777 12789 13957 14221 14488 17384 18956 20554 21379 21790 22418 22673 23167 24963 26056 26684 29052 29705 31325 31495 33558 35112 35220 35683 36679 37606 38780 39315 39711 41127 43049
5112 3118 9324 9532 17781 18857 26648 34309 36999
5113 7705 25077 28916 29080 32183 35417
5114 473 5243 10621 11891 12044 12750 20964 21205 24136 27788 32581 32651 43783 43949 44126
5115 10146 28956 34695 39798 40409 41382
5116 1483 26713 30391 41344
5117 12046 20794 22907 28369 31151 44708
5118 9163 10068 17803 19984 21869 23140 24582 27868
5119 307 1047 3881 5154 14990 15936 24162 29729 39907 39932 42405
5120 14808 16060 23235 33459 38389
5121 4855 11674 13592 16380 20402 21088 24707 31480 35660
5122 12161 14668 15433 16585 20537 21007
5123 12306 17181 18984 27498 41201
5124 13433 20134 28978 30975
5125 2418 10301 30211 31960 34699 42209
5126 11966 13983 15987 24402 38700
5127 16021 29141 30551 35108 39986
5128 527 1798 4130 8050 8984 22484 23731 24061 31470 41425 43001
5129 21 7481 8361 12860 15074 16778 17569 21583 24351 25762 26288 29013 29521 38800 43477
5130 4476 4477 17726 31114 31697 44881
5131 3282 8274 12623 27268 43383
5132 4516 13955 25942 34809 39365
5133 9460 9799 10161 15857 20419 28112 30446 32566 35328
5134 2901 10782 10968 13260 22509 32627 36210 40407
5135 12108 28602 36876
5136 5295 8289 16239 29465 35339
5137 5826 31471 32184 33274 34364 35988 37072 42064
5138 6148 15106 16164 19441 25246
5139 4358 12713 13090 16236 25577
5140 16833 24696 26031 27272 37773 44714
5141 1839 14118 22121 39288
5142 20257 26962 27704 35427
5143 6759 10464 11627 13174 25941 32576 36066 37660
5144 1875 4942 6678 8234 12836 17817 44753
5145 4132 11006 15101 23102 27649 27823 37419 39669 40903
5146 2055 6840 13652 17985 22982 22983
5147 10568 13206 28143 28324 38479
5148 2406 5693 11314 15733 17031 20524
5149 7261 9567 10123 13634 15480 17116 26315 28305 29993 37395
5150 1952 4450 28981 41023
5151 3749 8496 10350 17169 18968 19299 32003 32008 34188 34516 37252 39265
5152 25691 32900 35370 41576 43163
5153 1916 9696 10967 11815 18869 28499 30292 43935
5154 1493 5996 11206 21761 23315 29641
5155 15746 17097 17621 21451 40744
5156 10924 13872 20811 29004
5157 6009 7938 13974 22954 25621 32532 39600
5158 2341 3325 4484 9030 13120 16140 17892 18996 28402 32240 37381 39735
5159 3030 4271 17905 20650 20775 23728 29169 29596 37322 39642
5160 253 1109 2118 7763 14049 29853 36585 37529
5161 19251 21645 29083 37029 38842
5162 2045 17787 18661 19185 32462 35736 38199 38777 42499
5163 156 1028 5497 6266 6603 11391 11418 12486 12952 16894 19337 20574 21556 23567 24006 26634 26906 28546 29264 30132 31831 35092 38624 42336 44035 44871
5164 4109 4838 5186 12469 21037 26860 27666 31808 35197 35989 36455 36821
5165 5930 7921 11436 14239 19133 20126 21544 24572 25483 25922 28681 32317 38426 39814 39969 40476 42321
5166 1446 5971 6042 10861 19576 19950 22804 36825 37899 39751 41905
5167 5296 13202 29354 36218 44514
5168 2583 17887 31145 32366 35105
5169 8025 13777 28124 40547
5170 2367 17922 25592 27768 29965 31004
5171 3807 6277 20110 20815 23738 24205 24264 39838 40943 41024
5172 225 3956 7041 26236 27606 41374
5173 9946 20598 29488 34693
5174 3184 6979 9207 13866 15325 17908 19342 25301 33242 40176 41481 44036
5175 2057 13689 15999 19145 34694
5176 13271 19210 39346
5177 2439 2972 6239 8000 10379 14720 17199 20773 27612 34296 37327 37494 40133
5178 19033 24043 30934 36294 38928
5179 5936 9536 18862 24220 26827 32253
5180 9125 17745 18272 23183 38962
5181 4170 17459 27110 29457 30013
5182 14861 15608 25114 25228 29443 40030 41909
5183 9156 9728 10431 13798 26449 33302 41305
5184 9988 15654 19270
5185 5395 12902 17456 21271 37915
5186 8332 24072 38415
5187 3900 11289 20075 22461 24235 44894
5188 9395 21307 26555 35090 38002
5189 12327 14503 22728 40153
5190 949 5022 6823 7524 7579 28672 29471 29523 41542
5191 3882 4933 7764 13693 14233 22622 33052 33621
5192 8914 19394 21593 24765 42892
5193 1403 6478 6693 15973 43085
5194 3351 7796 15345 17598 28278 37683 40368 41646
5195 2613 4803 9035 15511 35615 44739
5196 5397 5918 6902 12875 14507 17200 18881 23054 25957 26300 31554 33473 40572 44604 44790
5197 14097 21988 22789 23963 29266 33507 39564
5198 554 3502 3726 5424 12963 19139 23368 24607 32031
5199 326 2337 6986 7349 9634 12422 14262 19881 24918 25318 26697 32335 41323
5200 1488 1737 3741 11495 12610 17592 31710
5201 3224 3692 30777 34301 34634 34733 36992 42012
5202 3762 8642 16567 18319 19990 22566 36392
5203 16524 18249 30236 34739 39301 41963
5204 1864 15250 16266 20356 20725 22239 22909 25955 29232 30174 34467 39377
5205 10225 10226 10415 17678 23804 40935
5206 13588 14240 25139 28806 40381 44234 44609
5207 1896 26163 28926 31441 44149
5208 10978 15249 35756 38857 40063
5209 4546 4554 11108 12535 13975 18132 19387 20484 36315
5210 2138 2866 17623 24466 41729
5211 10892 15938 21304 24449 36129 40128
5212 881 2951 32027 34392 41215
5213 136 5995 6877 11889 14099 15627 34903 36242 36310 37985
5214 2973 18020 22295 24537 27660 33898
5215 2322 21411 24107 24295 28708 32805 34091 37671 42318
5216 7461 10603 14357 23601 24249 32430 33897 43246
5217 808 8047 11872 15891 19779 43922
5218 3013 5415 7915 16723 17538 17800 18855 18961 23178 23367 24780 31383 34388 34950 35251 37177 38009 43675
5219 19042 28640 29736 33699
5220 6368 13376 36504 43716
5221 1535 2588 9151 12852 20124 25908 36740 39809 42492
5222 892 8862 12500 14564 15159 18776 21020 22521 30915 36953
5223 455 11696 16415 20955 22020 22389 30752 34456 41290
5224 11413 15197 20307 25485 29840
5225 4116 5485 7092 8937 9726 9985 15990 16681 33770 36406
5226 9823 11221 15326 41451 42345
5227 8736 15367 19345 26978 29477 39543 39649 41059
5228 3453 9816 11875 13682 23751 23755 34995 35835 37147 41355
5229 263 13951 14129 30040 35534
5230 4354 19966 28136 31550 41375
5231 15977 16061 23582 43760 43876
5232 1254 14258 15678 18793 21949 44737
5233 2193 8365 34812 36066 37492 44152
5234 2380 4783 8887 13714 14527 17326 19733 22533 23037 28362 31905 34912 38381 39368 44107
5235 11729 18107 19412 20706 31393 35805 35862 37019
5236 152 3363 4117 22686 23736 41417 41693 42293 43184
5237 11858 22655 23410 23798 27400 34259 34761 35501 41097 41978
5238 5877 8694 12946 18378 24188 29480 36884 42446
5239 5955 6151 6153 11715 16423 22246 39530
5240 3949 5721 13080 15589 16561 21826 22531 26766 32053 33180 36971 37059 42116 44440 44568
5241 10152 19492 27923 28114 31016
5242 6019 19537 29216 29342 39864
5243 3837 13838 18754 36331 41352
5244 12124 14026 15541 33073 37232 38761 40149
5245 1895 5681 14321 30630
5246 2097 6773 7820 30260 35097 35620
5247 2948 9428 17497 20030 23964 27471 38726
5248 9268 20638 21757 28957 41823
5249 6267 22564 26478 27570 28967 32289 43233
5250 4492 14492 14859 14914 17594 24518 26254 28197
5251 4602 8071 19116 26133 28591 33054
5252 492 6579 8831 27985 38510
5253 1258 1601 10895 16600 18431 32849 33927 40175 40931
5254 1295 9491 10395 12158 13903 22867 24591 28829 28955 35871 40898
5255 2673 12832 30738 37646 44743
5256 4108 7225 9875 14128 31356
5257 157 336 9424 19717 24969 31371 35506
5258 16868 26615 26974 33477 34655 36933 39644
5259 1482 4128 7860 10084 12209 14089 15919 19569 23613 23758 26451 33486 34084 38304 41054
5260 3049 10580 15357 16047 24360 41266 42958 43822
5261 3287 13073 16092 23925 43040
5262 8407 16083 39180 40567 41838
5263 16183 24734 28666 34192 38040 40011 40633
5264 911 6040 9074 25444 29998 32767 37659 38221
5265 1144 6720 7642 10124 12378 20500 38992
5266 7790 9999 10027 16703 18718 21786 22808 22810 33250 36941 37611 38591 42982 44059
5267 3645 6380 7438 37292
5268 2122 6344 6925 27615
5269 9092 13515 14600 23998
5270 8882 19837 26534 33640 38931 43997
5271 3454 4607 9966 13339 30210 41269
5272 4980 11647 14166 16004 21168 24424 37296
5273 1085 17006 27418 36803 38305 42453
5274 469 16413 33679 34050 34607 40068 41053
5275 4295 4704 11876 19062 32852 33572
5276 1371 3259 7687 8867 16232 17685 18192 19092 21662 23732 28588 30233 44848
5277 15064 17084 19211 24818 25568 28291 35884
5278 1663 5924 17104 21625 30327 35917 38102 40395
5279 904 1079 1793 4257 19803 29202 35280 35661
5280 3113 27071 30215 31790 33592 34340 37788 38165 38516 38529
5281 16112
5282 5389 15856 17630 19040 30689 44091
5283 2579 9568 12538 17226 25737 26250 42723 42835
5284 8404 21865 39702 40739
5285 7237 11582 21792 26961 40526 41986
5286 7889 13431 19512 37123 40558 43047 43056
5287 10073 10112 10625 11151 13224 16522 29395 35185 36959 36960 38080
5288 7613 20320 25841 38732 43522
5289 4034 25527 26616 26660 33361 43201
5290 10588 19592 20868 33151
5291 6864 12540 20520 31400 44070
5292 5204 9164 21677 34900 35038 39343 39782 42550
5293 3701 13156 17059 24747 30584 42142 43515 43561
5294 2539 7639 8438 25208 28490 33522
5295 12224
5296 8367 10314 16633 32069 39400 40094 43463
5297 1407 12457 22096 41722 43309
5298 1747 13205 13677 20848 29359 33849 43900
5299 120 3021 6676 10553 12269 17475 20551 23710 28987 29653 42756
5300 4231 8989 32773 33582 44880
5301 822 5355 12394 16206 17912 19932 20672 21206 21210 24106 24291 28533 36390 44460
5302 4303 5747 9188 25890 26440 30406
5303 1687 4631 5185 11403 12214 14792 16365 19661 25095 25384 29071 30178 35311 40202 42127
5304 4821 11768 32884 34563 37237
5305 111 1377 8447 9773 30198 36241 39399
5306 2127 21326 26559 38118 42641
5307 5239 20187 28651 40857
5308 8024 13064 14551 21592 36390 42076 44354
5309 11527 20616 20733 22744 40495 42015
5310 8481 26317 26781 35571 37318 44263
5311 2820 6852 12148 13130 15792 30368 30689 36932 41378
5312 14062 16977 31456 41726
5313 4557 6999 7122 8718 12133 18929 19719 24226 30902 32027
5314 7912 21486 34356 38535 40078 43999
5315 3299 7195 7695 36818 42443
5316 15742 24001 24272 24432 24553 39651
5317 4326 16067 17774 29952 30352 36595 36944 39331 44769
5318 3350 5928 9941 13065 21773 24637 37665 38160 39171 42112
5319 162 3484 5633 33759 35059 37613
5320 2900 5066 10275 14337 19076 21737 25049 26717
5321 6327 9887 19254 19430 21970 31143 40406 42964
5322 8700 9190 12483 13336 18198 27317 33624 38430 40093 44153 44687
5323 978 16577 16938 17334 24304 29533 34072 34232 38399
5324 14664 17099 17811 41941
5325 8632 28437 35308 38704 44038
5326 4637 5174 40853
5327 11934 18518 19870 22602 27084
5328 4477 5369 9720
5329 7914 18638
5330 6887 13047 14335 15401 21245 37766 38324 40185
5331 12843 15152 17159 18966 22827 34140 36888 40306
5332 640 2002 10397 11523 14468 20557 26426 30471 32810
5333 584 13922 16877 20292 23776 25558 33139 39534
5334 94 24855 25430 30131 40581 44472
5335 2675 24082 42121 43723 43979
5336 1192 1536 2297 2950 6769 9881 14934 15213 18418 20747 26346 33812 34132 34874
5337 865 9996 17529 18439 20219 20761 25312 33585 42250
5338 3677 7729 9442 14917 38189
5339 472 12898 25733 26054 30458 35215 42794
5340 106 9554 10772 11690 14163 17247 22290 23938 29847 31782 32079 33336 42547 44306
5341 6674 6923 13808 16543 17936 38997
5342 1768 3114 19535 23713 28634 28749
5343 7898 8652 12467 24338 33066 44742
5344 2884 6452 15324 24285 27006
5345 1632 17577 22351 28276 40519
5346 2557 5410 6844 17786 25938
5347 6383 11461 16637 17425 20137 32171 33142 35228 39498 42506 43334 44860
5348 8835 24384 31714 38806
5349 1752 7882 10198 11024 12332 14725 19857 23274 32241 36369 36695
5350 4342 7472 8927 13512 24298 27605 29580 39522 42709
5351 91 1795 2746 5080 7290 7484 8170 9169 11345 11499 12526 13275 14362 17574 20296 21074 21662 22370 23203 23428 26122 28255 29237 29541 29625 30663 31431 33357 38436 41604 44049
5352 4317 6177 12333 23077 27716 30489 33272
5353 1759 6962 24333 26700 28041 30214 34392 39032
5354 1270 9757 11818 13811 37850
5355 2226 19629 28979 30544 35963
5356 8955 18110 26552 31183 37143 37504 43607
5357 301 3510 6011 16727 36760 44607
5358 17336 22284 35213 35673 40584
5359 3160 24589 41788
5360 4529 7361 25082 26392 27518 30883 30950 30953 39689
5361 3924 16772 19525 24395 30481
5362 6921 13933 14039 28550 32185 39379 44477
5363 1166 3604 22236 23079 29586 29774 36444 42551
5364 9590 11397 17370 22308 31495
5365 14936 21150 21332 23987 26900 32689 42270
5366 3494 5278 5552 8420 12357 12999 13315 15555 16485 16948 19954 23144 30238 31272 34068 35063 37004 38910 43446
5367 984 3231 4890 18508 23662 32463 33350 33542
5368 11628 14614 21743 24727 35639 43683
5369 4732 9962 19476 21495 30009 32127
5370 563 7184 17705 18621 35661
5371 33369 38151 44828
5372 1215 11912 23948 27517 36475 40530 40590
5373 6123 9146 26479 27181 37878
5374 2084 7716 8713 9213 14167
5375 11750 12240 12817 12982 30400 35064 36476 38700
5376 1581 2953 5974 17892 18927 40814
5377 13473 19473 22640 39031 39717
5378 10717 18997 23016 23161 33869 34875
5379 5781 6336 20452 23031 41805
5380 7284 17088 20707 26046 33815 39881 40418 41114 44508
5381 19373 23803 24229 30105 33550
5382 9449 12382 12398 13444 26945 27503 37835
5383 8937 9209 14959 20847 34810 36389
5384 3539 16344 27822
5385 910 6655 8131 12303 12304 12826 21358 36708 42966 44720
5386 10715 33100
5387 1008 9520 14152 32928 37662 41015
5388 6186 8638 9774 11180 11563 16290 17313 20565 21874 22607 26139 32310 35222 36299 38703 40772 40956 41864
5389 685 6254 8281 9399 17357 22790 32961 41101 43551
5390 20390 27821 27827 30396 34506
5391 5864 11624 17094 20204 24120 28349 36066
5392 2925 13105 21287 33553
5393 8338 35325
5394 4666 13198 17954 31522 41056 44294
5395 2577 7104 9745 23425 30875
5396 10465 13631 16105 21342 24211 42798 44280
5397 1400 5264 7614 14456 30536
5398 2909 3020 4175 4360 7862 10436 22576 27030 34930 37012
5399 5037 29137 35332 40641 42780 43638 43708
5400 13212 25386 31250 37177 38998
5401 6662
5402 8912 19379 20993 24353 27707 31207 38355 42992
5403 4149 12350 30159 33997 41411 42083 44014
5404 3284 10504 19857 20921 24675 35791 36824
5405 12996 14570 17021 20925 24684 25379 36053 41450 43912
5406 2282 3408 5185 6612 14410 14430 16348 16810 18753 23524 26932 39189
5407 9294 18292 23049 27382 39506
5408 3329 10304 11173 12233 15176 33159
5409 3065 10790 10972 34659 41293 44261
5410 16650 24317 31068 44162
5411 6625 13847 31461 37634 43848
5412 1143 13381 15828 18715 21656 21800 23611 23975 25860 27219 27482 31755 32293 32826 34195 34823 39261 43860 44540
5413 568 922 11972 27541 38333
5414 17831 19850 25833 29441 35080
5415 6957 8188 9786 15635 20324 41635
5416 359 5432 7953 18170 31140 34531 42965
5417 1910 24784 24952 40624 41592
5418 2156 11641 15538 39067 40504
5419 6516 6517 9511 11493 16048 18283 22530 26992 39499
5420 402 405 26496 27290 32374 33314 44227
5421 1104 1814 36805
5422 1292 4954 6553 13217 16556 33609
5423 8607 10600 22026 31218 34215 39114
5424 4743 18603 19494 30864 43472
5425 624 7112 11505 14688 18295 38101 43185
5426 5269 15035 16361 17672 29306 33743 34137 43385
5427 432 19307 26901 27910 43635
5428 4571 6135 10479 10520 24830 25299 33164 39070 43671
5429 890 5419 7395 7662 11274 14733 24870 26670 28165 32011 33663 39085 39187 40957 41966 43665 43812 43943
5430 15022 17359 19750 30477 31629 33824 34918 39120
5431 5215 6347 12882 23583 24093 25192 31923 34585 36413 39181 41058
5432 3352 6601 13912 15194 19568 36390 41885
5433 3896 16659 20139 24361 26157 38813
5434 32033 44571
5435 118 18095 19503 39320 42309
5436 873 21716 30417
5437 6934 22781 25648 41533
5438 2230 7338 22702 31880 38615 41731
5439 534 880 3157 7976 9811 10884 15675 15827 20253 21366 21937 25322 26375 29145 42785
5440 4002 10696 11030 14516 16988 19126 30419 33915
5441 1161 5175 5229 7698 10375 12799 16073 21383 26533 28183 32702 35634 42703
5442 490 14731 31806 35655 44141
5443 1770 4283 9202 12692 14076 32005 37610 39144 43323
5444 3783 4749 12447 31794 32415 35365 42270 44513
5445 1911 4599 8297 28211 35430
5446 324 6090 16593 18267 27613 37878
5447 458 1351 4811 14981 19909 20734
5448 2593 11375 15381 25511 34138
5449 13796 18587 18888 23946 25294 32552 36147
5450 7703 8502 15284 33383 36162
5451 2011 5597 26287 40611 42460
5452 19657 26899 30218 30405 35134 36525 44692
5453 647 16426 22501 30462 35026
5454 595 21214 21782 34056 38066 40005
5455 1489 4560 5547 6824 7340 10517 10936 12844 13129 18997 21305 23350 24169 28631 28863 35471 38111 40991 44468
5456 6458 6659 29474 40985 44539
5457 3435 13441 28677 38849 44846
5458 743 3150 4449 4993 7198 9655 14631 15348 19908 20094 23808 24223 24224 24756 32489 39627
5459 3467 8571 9587 21229 22772 38323
5460 2374 6780 8263 21158 21668 22390 28921 34064 40960 41800 43221
5461 1756 3109 4549 8735 13301 21911 23254 25093 42423 43792
5462 19977 20896 34260 37168 40196
5463 18816 22094 26553 36494 40265
5464 1185 8622 9298 27549 32838 44004
5465 3844 4397 4829 9196 13846 18945 21759 25823 26229 33581 33916 40979 42312
5466 4837 7831 26103 26347 31930 32251 42558
5467 16133 18502 19397 22525 24711 29505
5468 4543 6888 15026 22881 23681 26110 28427 41286
5469 8476 13895 14981 36052 42836
5470 11936 14171 28743 33237 35981 40264
5471 13871 14491 19703 20622 21932 28239 41077
5472 5979 19100 22940 25794 34852 43461
5473 15 10747 19416 22438 24100 30183 41469
5474 17720 19046 22237 23579
5475 1806 5749 15980 16924 21580 42901
5476 8680 12128 15826 21228 30123 31820 32022
5477 1970 2923 11684 14377 27008 30499 36440 40571 41317
5478 3015 19276 26121 36449 41561
5479 14793 17008 19349 20718 26208 26585 27983 30077 34448 34913 38065 38763 39396 39612
5480 9888 17881 35020 40507
5481 17631 22875 28686 32696 42006
5482 754 758 17389 18258 21852
5483 8299 8300 11506 29593 35927 38680 39585
5484 3935 4582 8585 19961 23918 25745 30513 30669 32432 43143
5485 9110 12228 32099 34077 37398
5486 16350 17150 18637 20459 29658 39465
5487 13462 14055 30465 38769 40663
5488 6528 7252 17351 22758 30875 33320 37393 42685
5489 3569 4386 8851 18938 20394 34349 38637 42033
5490 24865 28999 29528 33527 34251 34627 37418 40693
5491 3059 11476 17251 19807 20526 35142 37596
5492 1842 11922 16064 21152 21895 34141 37158 37476 38701 43500
5493 9578 26524
5494 19408 22380 32781 37645
5495 12101 20011 22692 24682 34134 36300 40340 44320
5496 2150 10237 13207 33122 36342
5497 1087 1340 2716 4606 5886 10750 10960 15807 16552 20066 21481 21876 27850 34573 37685 37989 40219 40531 44037
5498 2653 5884 21742 28961 30951
5499 5266 11372 25637 31129 42952
5500 962 9447 15881 22532 25264
5501 9073 14392 14735 19889 38898
5502 5953 8236 8737 18847 20155 20699 20901 23249 29525 30367 33325 35565 37518 40728 41252 42654 44571
5503 3586 17451 20197 22736 26669 34294 37804 37939 42011
5504 3512 12120 26577 28804
5505 2098 3147 5630 6004 6789 9582 12246 14946 17234 17548 17888 25744 27908 32551 36347 37460 38450 38576 39975 41541
5506 14573 34339 40741 40938 42891
5507 587 1016 1572 1784 3856 3915 4368 4953 5198 5245 6065 8569 8937 9168 9504 10406 10718 10753 10931 11772 12220 13096 14440 16212 16936 17410 17899 18514 18537 18898 20316 20845 21777 23361 23376 25047 25711 26610 26838 28721 28934 30286 31573 31677 32108 32223 33071 33267 35696 35754 35939 36728 36750 37380 37798 38262 38405 41442 41809 42134 42483 42503 42764 43276 43434 43532
5508 8189 18764 30213 32890 36127 41161 42224 42588 43746 44865
5509 1520 1700 3800 11909 12068 17636 36108
5510 4419 16526 30643 35131 35480
5511 2371 7555 22436 29085 36121
5512 7877 11558 11763 27417
5513 9527 35909 36240 36972 38374
5514 4479 6529 18496 32787 32932 37691
5515 143 12710 15230 35168 40116 44166 44832
5516 2341 9083 22841 41683 44480
5517 10835 22460 26264 28581 31630
5518 982 5530 33715 41669 42002
5519 451 10242 24467 30494 33194 33741
5520 9162 15575 16178 18145 40556
5521 4556 6560 9411 17433 22769 26606 38819 43719
5522 5707 27902 32504 34955 37316
5523 6145 13784 26401 30976 44857
5524 909 9636 12293 25309 31281 41200
5525 7331 7714 28765 34505 44324
5526 2420 10155 19901 29878 37098 39219 44587
5527 22561 27193 31424 33653 35677 41462
5528 11699 16249 22024 23824 38287 38410
5529 4598 6833 27915 33393 38006 39947
5530 2680 5682 16795 20395 22279 22961 36248 39193 44324
5531 3688 7376 16442 22132 25053
5532 10464 20238 35823 35891 44525
5533 19421 21064 28944 35186 37377
5534 1605 4815 11450 12407 16229 18539 29416 34073
5535 6673 11820 39302 44279
5536 8354 14776 20044 24731 25075 26903 31430 33256 33496 39734 43109
5537 5650 22343 23085 26881 30094 44491
5538 1350 1835 28697 29754 43625
5539 1793 10665 13729 29720 35589
5540 18424
5541 180 1105 5839 12128 12282 24359 25059 26779 26894 31805 32894 40980
5542 8096 24523 24866 26351 27466 42219
5543 7896 15783 19951 22649 23848 29855 30230 34692 35270 39831
5544 5149 11185 25124 33367 44319
5545 10770 16054 42156 43939
5546 7291
5547 2807 14599 18379 24912 25317 29476
5548 1715 1930 14179 24517 27020
5549 3319 4509 4648 9498 9974 10788 18347 33173
5550 18989 28625 34404 37028 40648 41952
5551 9421 11914 16287 33461 34871 37279 39582 43745
5552 2961 4581 26871 34841 41951
5553 12663 21178 21393 25391 40721
5554 1667 2210 5411 6550 10969 13076 18308 22900 23929 26830
5555 9076 13482 16137 17835 18550 20441 35221
5556 6150 21092 36478 40421 44509
5557 29364
5558 1238 9064 11603 36885 39961 43155
5559 5439 14382 17551 31914 38654
5560 3693 6002 19451 23357
5561 1186 7383 23631 25148 41721
5562 5609 7381 17253 18433 26310 26635 28325 29695 30251 43073 43289
5563 4992 6057 7677 28264 31576 41216 43791
5564 1637 3734 8901 19681 28293
5565 2402 2675 9013 33649 35938
5566 4121 16620 34000 34642 39958
5567 1763 2183 8923 22753 23419 33808 39143
5568 16822 17734 18025 23091 25245 26691 31591 34385 35278 38944
5569 9833 11995 13547 13707 19526 19989 21817 30062 32618 37145
5570 16806 17598 21276 33241 34702
5571 11352 20933 26489 27659 32676 37994 40339
5572 10294 13369 14451 31564 34478 43487
5573 1250 2839 16435 22570 28901
5574 2855 16454 17987 20934 31408
5575 5074 12744 27224 29329 33275 34316 38640 44172
5576 17219 25935 27007 29022 32417 32620 34079 34993 40553
5577 18147 18322 21454 28155 33538 37548
5578 9229 9951 13147 18215 20420
5579 5742 5744 6739 19616 26831 31397 40561
5580 7566 12224 16748 21065 22164 24255 25598 28085 30834 36558
5581 12568 16250 35544 42180 42347
5582 4138 9525 10369 20152 21814 22209
5583 403 27509
5584 8801 12583 12584 15478 18712 27220 27738 29686 30208 39532 40752
5585 8004 11207 13171 25716 32212 35586 42144 42327
5586 1316 5113 8850 26731 27077
5587 18510 24852 28106 29717 29769 30862
5588 5951 12647 14063 15766 19136 28015 28520 37393
5589 298 6783 7250 7326 8090 8192 8986 9787 11187 16881 29817 35408
5590 6052 18446 22953 24221 27819 39414 39416 40099
5591 1055 5536 5567 7683 12020 21796 28883 31918 42925
5592 3784 14338 14503 32988 34235
5593 217 470 5015 8742 40005
5594 24614 25274 27826 28684 33338 39008
5595 25310 28229 40158 40474
5596 4663 11128 38611 38794 42497
5597 18243 18340 21502 34006 39620 39626
5598 5020 24836 26129 29054 29550 42385
5599 254 10806 24492 30848 33456 36085 37285 41186
5600 12119 34020 36314 38948 42456
5601 2968 14350 15905 22937 34455 37670 42059 43803 44330
5602 99 715 986 1162 1550 1610 1621 2015 2284 2494 2757 3132 3146 3196 3796 4140 4307 4421 4713 5057 5343 5510 5597 6644 6654 7641 7980 8008 8044 8221 8415 8703 8895 9590 9719 11338 11451 11542 13166 13851 13964 14025 15706 15853 16189 16542 16762 16874 17388 18030 19005 19039 19461 19729 21134 21619 21665 23137 23169 23543 23545 23787 23859 23904 23941 24623 24945 25052 25429 25816 26024 26091 26488 26512 27014 27145 27335 27406 27869 27894 28661 29770 30287 30393 30427 30601 31081 32036 32539 32834 33901 34204 34710 35472 35531 35750 37365 37480 38311 39280 39287 39545 39551 39638 39830 39895 40648 40767 41641 41751 42365 42605 42687 42891 43402 43498 43748 43788 44543 44824
5603 1436 17784 18668 31990 38935
5604 1907 3729 7736 7803 8278 14425 14651 15815 19392 22095 23973 26913 27160 28396 33252 35315 36521 39800
5605 7491 18058 32122 35604 41684
5606 13094 33664 39195 41847
5607 13862 24555 25497 28543 35053 38918 39603 40999 44012
5608 10542 11002 11447 43452 43808
5609 1978 13196 20771 28082 29698
5610 4308 6093 10429 26704 32284 37984 40048 41321
5611 918 6800 11711 15650 20618 22733 26650 35076 43992
5612 951 12349 13645 14265 33762 38041 38433
5613 6813 18846 19333 21199 24968 29307 34784
5614 1513 9154 12884 18701 27720 40217
5615 4844 6699 7423 10405 12166 15029 15714 16217 22520 30312 31883 32587 35885 37890 40016
5616 16879 18156 23547 25782 33491 36744
5617 37606
5618 908 10157 13639 26956 35674
5619 1939 23516 28028 28030 32771 41401 44522
5620 9687 13166 21560 34185 38090
5621 3399 7459 8999 9757 9920 12182 27973 31186 38649 42653 44635
5622 6607 19772 22634 34744 35161 44046 44439
5623 6025 22933 23264 29693 30313 35129 40477
5624 12942 22097 29651 39429 40616 43991
5625 11708 16574 19229 21811 27383
5626 10820 11720 16702 32919 38923
5627 391 6730 6906 9152 15198 19695 23154 27086 30849 33124 34095 36002
5628 2397 2430 8162 17207 25060 38045
5629 6235 6970 26409 27443 30771 33229 35452 35819 39929 39952
5630 9945 13025 14229 28722 34591 42023 43829
5631 532 2721 3078 5644 6461 12961 15679 19330 19673 21715 23422 24009 24482 25326 25419 25420 30080 32772 32962 35991 40152 42462
5632 52 5476 9287 10793 13052 18589 30301 30650 32511 36097 36419 36973 38090 38145 40543
5633 3063 12374 19783 24802 37913 42524
5634 17977 18086 19636 27730 29610 31694
5635 1823 5364 12537 18091 22197
5636 3382 4166 9749 14888 15422 21270 29464 31567 34319 42242
5637 8806 17467 21662
5638 13941 14334 24095 32078 34983
5639 13967 16129 16619 19476 31595
5640 10163 12038 12234 28888 31739 40056 43481
5641 6497 16148 26019 32088 41207
5642 18253 23482
5643 1417 19154 38561 44907 44913
5644 4135 20875 28345 37157 42348
5645 3936 6238 12286 18516 19426 24598 26427 30998 34753 36938
5646 15970 32699 42077
5647 1404 4593 8345 10911 14084 14593 15001 17723 20404 23874 28161 28397 39740 40812 41032 41546
5648 14014 22919 25347 25710 36854
5649 14391 17502 24381 26148 40334 40454 43978
5650 53 7592 20107 21649 24812 25153 34444 43410 43572
5651 2877 5605 7624 10075 32692 33501 33876 40628
5652 961 12316 17867 35448 37211 43957
5653 13596 15765 17239 23822 24499 33457 39152
5654 17683 20116 28756 33984 39315 39486 43491
5655 10762 13833 22963 23120 31888
5656 2672 6658 11366 12664 20821 28247 40338
5657 1730 3687 8893 24527 30954
5658 1478 4656 8178 11281 12000 13743 21182 36743 44226
5659 2461 23834 25328 28023 28420 28911 41190
5660 1716 4846 5126 10468 13830 16327
5661 23921 25173 26475 34087 37174
5662 973 12669 19493 20600 24057 27001 27155 28284 43938
5663 3001 3485 4226 18236 21170 22455 22815 30241 36207 40442 40975
5664 25746 37523
5665 6941 8829 14806 15950 39628 42974
5666 1964 2095 9359 25907 30698
5667 8383 14112 21456 23187 27579
5668 3242 10384 26399 37552 42661
5669 10670 14390 16767 19156 19830 24021 32533 37802
5670 13885 16700 21382 29659
5671 2409 10993 15343 18072 25071 29166 30108 43474
5672 15056 15532 18190 19543 25542 29026 31504 34582 44791
5673 232 1953 35780 37950
5674 13664 24174 36085 37580 41887
5675 1609 9529 25788 35864
5676 1664 15361 21329 37236 42800
5677 5292 5332 11347 11636 11775 13728 15875 19369 26376 26770 28076 29660 44377
5678 2736 8256 15424 16568 21628 29206 37926
5679 10179 17991 18618 25841 38365 42193
5680 2895 24986 37883 41812
5681 401 25898 29918 34544 37674 38696
5682 10312 20753 22872 36115 36780
5683 665 13463 15941 26764 33366 35860 39216 39641
5684 9429 11778 14276 20604 27474 27671 29613 37695 41412
5685 1848 2507 14976 15469 16678 29612 31176 31356 32194 32379 37403
5686 9436 14207 20756 27844 30053
5687 1806 3705 13579 15705 17741 19563 27900 28101
5688 5888 7044 31486 35113 43545
5689 1967 3112 4947 30700 33546 40792
5690 6404 11384 17798 26026 30551 43016
5691 333 7738 9224 10371 12274 17211 17806 18387 21546 22978 42881
5692 13430 13506 18126 28900 34931
5693 668 3041 15094 18089 36790 38317 41519
5694 1968 25728 32143 34261 37600 44884
5695 3541 5467 7203 12458 14811 18250 20855 24031 29889 37226 40609 40974 41218
5696 3108 8123 16401 18438 28419 40123
5697 10530 30933 33212 37089 38334 42959
5698 7590 11452 13078 19776 20841 20863 22223 22349 34199 38844 39538 40287
5699 35 12833 18861 28870 31572 31934
5700 1646 1788 3742 3813 4384 7778 8190 8953 9513 10760 10919 13042 13335 15779 16174 16693 19583 20861 21195 21196 21303 22072 22847 24621 25141 27628 30195 31116 31959 32040 32202 32304 32851 34597 36577 39466 39908 43097
5701 2880 9837 17429 18388 22195 24016 28948
5702 2529 5911 8461 24393 24525 27258 28365 31141 39570
5703 1528 24204 24866 30549 32666 34127 42207
5704 5149 14761 22267 22269 41533
5705 1319 4072 4975 19340 19700 24386 30776
5706 11000 12268 12922 13828 30314 35788
5707 1860 12784 13977 41825 43396
5708 1053 8440 9566 17421 18669 21220 25176 32161 33217 35032 39896 39923 41338
5709 1285 6636 7515 10106 11146 17090 17792 28336 31075 31696 36378 42542
5710 177 10167 10374 14722 20654 21688 31824 33779 36677 42726
5711 3298 5068 5259 7619 8308 17319 18575 18667 18922 19440 20140 20687 24548 25376 26002 26397 28005 31094 34638 35415 36842 37707 38368 40378
5712 7404 8504 17894 21119 22584 41087
5713 24902 25215 26896 27449 29963 36122 39822 40907
5714 4649 5344 6315 11033 18802
5715 3721 29179 30480 34658 37730
5716 50 621 3945 6124 11308 11874 16412 21036 25489 26486 35605 38014 41281 42867 43850 44642
5717 370 1485 2703 11949 42315
5718 9723 15435 25017 34357 34592
5719 25925 26944 29607 30781 38278 38454 39281 39840 44426
5720 1557 2005 6110 18811 25564 33587 34494 40267 43915 44238
5721 3188 13623 21047 23221 26607 34449 37888
5722 10803 29498 36136 37485 39944
5723 410 1802 4110 4828 14275
5724 117 9090 21548 29798 32141 40601
5725 2220 39190
5726 952 8203 13209 14329 14669 16884 43929
5727 34120 40937
5728 11294 25266 28118 43108 43515
5729 1067 9211 20991 27037 34526 34697
5730 4871 16833 25553 37209 42674 43006
5731 5772 12211 13402 17236 25902 36022
5732 214 4971 7692 8072 24372 26382 28226 28391 31192 35436 41901 44728
5733 5792 6428 8364 17671 18081 23461 26084 27128 29473 43224 43226 44150
5734 3176 7839 10923 21828 24406 42172
5735 24909 31194 35908 39349 42163
5736 1396 6272 11120 11242 17018 21693 23700 26807 38635
5737 24826 34808 37740 42500 43218
5738 4186 5959 10344 11481 18160 20900 22410 23426 24311 28734 37555 38816
5739 15402 26279 34446 38264 39338 40032
5740 9119 12403 16586 20522 21046 21593 33978
5741 1207 4974 9351 10354 15136 16157 41932
5742 2511 8036 15981 29922 43681
5743 363 2858 9516 13167 17029 23201
5744 2715 3861 17713 18799 20561 28799
5745 233 706 2525 6430 6874 8012 10368 14694 15031 17058 17720 18092 21041 22505 24813 25747 28473 30043 31321 31542 32861 36047 39997 40724 43074 43117 44701
5746 7781 13004 18260 28481 36774
5747 17501 20230 24079 28553 33311
5748 2676 13033 39625 44443
5749 358 1174 4178 12907 26147 28803
5750 1209 17299 26323 32473 33059 43620
5751 934 1611 11663 14480 27895 31184
5752 9522 13746 18851 30328 39385
5753 21239 24288 28309 32290 42895
5754 13404 15500 19434 27289 32170 32260 33408 33605
5755 8695 11805 16016 16482 17348 27692
5756 595 2038 8871 30872 40873 43733
5757 1929 8858 9417 10670 16386 35351 40722
5758 11351 17860 20061 25285 37483
5759 13622 19050 20179 23912 28885 35016 37527 39856 40624 41091
5760 2053 5969 7671 24318 30421 31927 32294 42668
5761 3173 13902 23353 25569 32372 36322
5762 1653 7746 16234 32979 35620 44791
5763 4625 9412 25766 39937 41292
5764 81 30119 32061
5765 5040 17459 24132 29410
5766 3121 6466 12788 14003 14394 14756 15808 17164 21863 22720 29918 31800 35661 38443 41758
5767 15543 21745 26620 27356 34048 43891
5768 3156 16411 17471 38904 41130 42987 44643
5769 852 6475 16650 42196
5770 7396 8428 15177 20535 32821 35900 36426
5771 15898 19996 23865 33804 40555
5772 11283 17916 24067 40121 42133
5773 5533 20468 31166 33285 39107 43380
5774 5714 6382 27167 28756 30136 31964
5775 14545 18803 24316 25454 40075 42323
5776 1038 4879 5376 10611 10855 10889 12975 15735 15900 34203 44555
5777 7038 15546 18723 32333 36784 42315
5778 11687 20966 25865 38755 39606 43157
5779 635 19744 20519 26386 38288
5780 4854 14433 24411 26032 26810
5781 7254 11515 14114 37427 41706
5782 1421 8511 9843 17179 20572 25991 26374 33874 35446 36761
5783 8007 8980 25398 38788 43061
5784 8002 10094 13100 17755 20350 21768 42324 43010 44515
5785 339 21740 29461 34300 41689 44890
5786 11357 15261 17438 37186 44114
5787 357 5440 25023 32546 33020
5788 18625 18720 30691 32729
5789 8911 25443 32361 37095 41307 43695
5790 3364 20573 26574 38714 41126
5791 13133 17853 22665 39946
5792 6188 6432 7002 9349 13880 25332 27856 28973 31643 36352 41925 41926 44678
5793 2025 6904 8964 26397 29224 29459 29484 32180 32725 33233 41933 42270 44806
5794 9419 9703 9873 15544 33674 37305
5795 1461 10720 12313 15502 17383 18787 19904 21478 27705 30372 33691 38396 40851 41261 41539
5796 56 254 1348 1855 5568 7635 8032 12873 12874 13424 14522 17925 18120 21822 24464 28480 29378 31387 33328 35529 35732 37240 41238 44630
5797 1306 16041 28330 35509 38738
5798 17634 37213 40234 42255
5799 4523 8928 23067 25548 42013
5800 1392 19876 31265 40997 41180
5801 781 2149 3553 6371 20471
5802 11552 16615 30577 36463 40763
5803 556 17499 24940 34016 34727 39611
5804 990 1532 4366 4563 22008
5805 3324 17306 18278 29373 32440 42009
5806 13574 19239 20346 28453 38914 43897
5807 10742 18869 24438 24782 28457 38934
5808 12174 21659 23212 40717 41640
5809 1347 2873 6865 12000 16543 18473 22718 30484 34273 35160
5810 5989 19072 31435 35967 42182
5811 8677 11981 20568 20960 30575
5812 677 5851 9990 11013 11921 16954 20097 21029 22783 27122 28237 28563 28864 34200
5813 6914 12890 15561 19246 19617 22887 29210 31750 38634 40040 43036
5814 9354 12031 12078 30350 34828 38292 39423 43592
5815 287 1188 7068 16135 42910
5816 2458 8097 21510 23438 28762 37083 39964 43152
5817 25416 27161 35937 44081
5818 4024 12440 13495 15441 18183 22929 23816 28373 33963 42046 44493
5819 4468 14671 21258 24987 37730
5820 2257 3390 14508 19007 39007
5821 2706 5945 7043 7388 13202 27773 28853 33176 36023 41418
5822 1883 14981 19197 25184 36846
5823 2413 7309 10135 23313 31594
5824 5803 23560 28789 31964 34887 41630 43171
5825 3234 8809 9520 19086 30875
5826 1119 1408 11483 19463 22356 39245
5827 379 16953 25978 27245 31258
5828 28710 31512 37169 43599 44645
5829 6650 10451 12866 28335 42629
5830 20423 25861 26042 31298 32287 34367 35447 36353 41235
5831 6586 9835 15128 16656 16975 42935
5832 1438 1707 8143 26949 35825
5833 1762 6821 7333 8475 9618 14245 15309 18609 20806 26899 28014 36004 39943 42063
5834 3098 10207 20450 24020 24568 28819 37847
5835 2261 3822 9096 12312 13159 13878 19106 19465 19714 20027 21682 29314 35661 39257 42404 43466
5836 2591 29267 42241
5837 3097 6171 8093 8283 9779 13279 17224 19558 20383 23648 24070 26336 27041 28502 33555 36557 37366 41662 41857 42197 43815 44425
5838 2699 4832 12203 17579 18268 29723 30808 44703
5839 1007 9469 11165 18444 20191 21284 25042 40676
5840 7588 9957 24798 28570 31699
5841 6722 7478 13984 25437 43924
5842 2708 3876 4911 5597 6454 7107 10668 12116 16024 22251 32354 33255 38271 42043 44417
5843 7580 9176 11715 15429 30093
5844 1684 3060 7080 17960 18833 22376 27949 28496 30153 30171 43394 44102
5845 871 19808 24176 27214 31799 41495 43215
5846 8811 13453 13752 15262 17441 17638 28125 33736 34927 37754 40073 42199 42721
5847 4558 15850 20837 31171 33118 40356
5848 894 16996 17012 29314 43640
5849 11502 15726 20159 27003
5850 5919 16056 22562 28928 31565 36594
5851 833 5553 21014 25425 27378 28431 34876 39630
5852 10722 11976 13031 20890 23192 27036 39205
5853 4563 6043 15654 22822 23017 30018 30771 35661 35949 41527 44523
5854 2871 14968 16926 33700 35392
5855 9135 21616 24871 34435 34973
5856 460 3696 3777 24942 35349
5857 3760 13058 22211 32257 41279
5858 1180 6817 14548 25062 28909 39639
5859 8315 12534 23429 29605 35217 37598
5860 980 3208 9328 10950 15732 19230 19765 22557 24104 26655 27936 31030 32775 33526 37103 37363
5861 264 1151 15537 28666 40570
5862 355 18986 28594 30006 40470
5863 2357 8962 18500 42355 43754
5864 3481 4700 8381 10597 16833 30324 38277 38700
5865 3975 6062 7856 12320 14635 21188 22144 23945 25571 26285 27124 27918 27935 29994 32658 34998 35918 37364 38272 39110 41643 41948 43023 43025
5866 6711 18750 28859 36913 39927
5867 4255 6835 17014 20980 30777 37640 42968
5868 1816 6505 11457 12880 14244 20078
5869 7083 8390 14119 18118 36978
5870 13053 19836 22080 27931 32585 35251 39957
5871 18949 20780 25066 26775 28389 30103 31798 33545
5872 16984 29574 39259 43048
5873 13083 17517 30838 35097 39372
5874 10828 20691 27575 36929 42522
5875 2094 5311 8527 14716 34738 37390 40660
5876 19421 29583 31080 31256 36293
5877 4777 7306 11575 15310 19843 21875
5878 2861 4111 6690 20387 27151
5879 21143 32871
5880 2300 9465 16504 19520 27961 37008 40348
5881 1329 1560 2691 4102 4662 9673 10316 10377 11153 21778 23028 25670 26431 26456 26568 27302 27456 28088 32213 33400 35882 37589 38862 39816 40976
5882 6538 12034 12564 15906 25168 25734
5883 2415 2782 4003 19098 26656 28193 36643
5884 5167 8107 15281 35273 40530 41181 42457
5885 116 28384 29149 31659
5886 5813 9992 14421 40325 41884
5887 937 13766 18849 19554 35712 36244 36591
5888 563 2296 3144 14979 18044 30288 35459 40115
5889 8749 10474 13278 17107 24663 29524 32581
5890 7554 7773 16607 18635 19527 22470 23228 26203 33996 42210
5891 823 1160 2382 7224 7319 7749 9620 24565 25220 40007 40557
5892 2379 5575 5934 8241 26491 33776 36066 39683 44804
5893 19912 20023 28938 37049 42223
5894 13256 17616 19242 23881 35004
5895 8529 8751 11248 17836
5896 129 5187 30472 43199
5897 4177 23424 34977 37142
5898 5149 20225 40435
5899 1542 6689 9432 22091 24513
5900 1385 1988 22424 28470 40394 41824 43450
5901 6637 9939 13811 18221 19137 19629 20003 27226 27968 39203
5902 10047 13164 25513 41231 41791 43192
5903 2789 15626 18222 35603 44474
5904 8257 15045 20248 21748 22822 29088 31667 31886
5905 310 6278 7585 11565 11579 15842 18633 32136
5906 613 10683 14081 21138 25043 35179 37619
5907 1882 6431 8480 8766 12279 15809 17354 18080 18841 23850 25302 25306 38711 40840 43228 43325
5908 2562 7152 7229 11254 23723 41997
5909 8470 14464 16843 17191 17230 23064 25801 26909 37781
5910 4188 15771 17510 32154 44506
5911 7603 13103 20691 22396 22531 31231 38853 42739 43778
5912 3147 13822 18194 26969 44553
5913 4835 8557 13917 14300 24062 36066 39649
5914 8581 12237 16603 19467 20193 27620 32082 37192 39344
5915 2202 2732 5967 21961 34342
5916 4578 8863 13383 15332 38115 41145
5917 1571 2814 3195 8875 21198 28791 36015 37896 40497 41001 44099
5918 2848 12945 25538 28782
5919 5615 9028 22331 22946 24390 32873 38517
5920 13132 13322 19497 35084 37227
5921 4629 10202 12375 33239 35335
5922 2504 5238 19734 43947
5923 957 2476 4772 12645 13358 26165 41875
5924 3773 7808 8172 8382 12019 24837 26841 27702 44786
5925 4050 4302 10400 17950 26716 34441
5926 8155 19547 27328 36548
5927 3847 5534 7475 17414 20309 20828 27551 39887
5928 6788 12481 13310 28581 30717 35269
5929 1203 2453 3877 24175 30439 31434 34856
5930 4218 9982 20576 38710 41421 42416
5931 924 5333 13520 19538 23365 25306 32413 44408
5932 7230 12551 26819 31407 33892 33911 35890
5933 917 6055 6057 10460 12315 23632 26212
5934 2326 3480 7600 11096 12229 27726 31521 32111 36035 38140 38735 44067
5935 9259 10591 11459 11766 13504 20765 29675 42358 44534
5936 7900 13181 15479 16338 20928 24737 25080 26740
5937 5739 6377 8389 10592 14491 14622 19796 21054 22052 28622
5938 9393 21941 25829 37838 38585 41408
5939 3294 7216 8314 14208 14313 15150 36895 37458
5940 6031 8500 30570 33394 36858
5941 28050 35662 39609 40200 41005
5942 20802 23139 30194 42449
5943 10525 22133 23691 34731 42097
5944 9226 17783 36362 38232 44023
5945 2341 10636 37393
5946 14497 16651 20312 23888 25171 26647 28306
5947 20640 20818 26980 41598
5948 4367 5383 26418 30619 30822 33939 35648 38081
5949 4348 12224 17446 21446 31728 34324 36810 40172 44662
5950 691 4225 23974 26702 32507
5951 4334 8668 36791 37956 42484
5952 11309 11900 22597 24279 26270 34608 37150 38622 42515
5953 2806 15295 24907 32301 36608 41061
5954 1450 7705 18624 23913 44034
5955 3594 3655 12700 20056 28096 28217
5956 2804 5894 15434 18659 28401 28834 44352
5957 2780 20862 23267 28744 29254 43625
5958 4501 8021 14116 16664 28646 29196 29722 39541
5959 227 5899 7424 10752 22364 29724 35709
5960 1243 4245 12968 29470 30765
5961 2106 8596 12193 18794 22431 26933 28140 29594 37575 42227 42373
5962 18988 21747 27450 29315 30568
5963 2497 6268 6837 9350 39446 42185
5964 34588 39517 41623
5965 136 9395 20927
5966 186 6691 7273 7653 11069 24955
5967 1042 1548 22264 31505 33956 41341
5968 4986 20630 25740 31141 36008 37832
5969 12771 15451 22051 23831 24876 25832 27057 28189 31273 42441
5970 13157 17876 17889 33628 42092 42630
5971 268 4527 12741 21845 24303 31993 42293 43420
5972 5227 23828 26304 30510 42212 43574
5973 6284 11722 17729 17953 30433 35297 40850
5974 434 2024 15975 21638 37336 41668 42708
5975 4639 17892 25324 25694 38191
5976 2139 7357 7847 7995 18770 23272 24943 31897 38400
5977 1883 10197 17174 39963 42640
5978 6470 10015 11962 12309 16182 22310 27499 41936
5979 2366 2929 23437 24363 37653 39666
5980 2589 3632 22417 22776 33568 36100 39555
5981 2888 8455 13646 30827 41273 42852
5982 7055 15210 22064 24789 32264 38706 42486
5983 14406 20643 23867 41554
5984 10711 18242 33446 35845 37273
5985 12215 27425 28157 42404
5986 11716 16206 22582 36563
5987 4010 10466 14694 15664 17309 27831 30712 36758
5988 230 5683 27244
5989 11133 23392 29018 34991 41460 42947
5990 391 4032 12405 41070
5991 17048 19285 27862 29753 39721
5992 3216 3397 4842 22640 34251 34765 36218 40732
5993 25891 33103 37643 41863 43622
5994 14453 19353 19907 36254 43525
5995 10754 17053 21605 24427 42003
5996 4711 20181 22092 26008 29006 30686 31056 41716 44812
5997 4064 9379 15654 20375 21562 23385
5998 4477 11702 21604 27196 29365 35009 38429
5999 18738 18766 27706 35580 36142 39029
6000 3526 4517 7286 22568 27161 40740
6001 2373 3398 4159 6647 10966 17992 29800 33530
6002 178 550 24208 26943 30969 37260
6003 16763 16902 24451 38986
6004 385 22329 30885 39041 41129
6005 7392 19375 20568 22507 23812 23903 28678 34538 37046 39920
6006 1590 2920 8514
6007 17660 28617 29489
6008 17 14815 15259 16976 19002 19471 23640 26595 26605 27327 31494 32047 38512
6009 6387 12091 12432 15103 22941 24324 25256 37768
6010 12421 15477 20783 34847 40792 40799
6011 1913 12835 17644 36468 37286 39185
6012 3334 13367 22820 28801 31700 38469 39430
6013 6399 11903 19764 20288 22650 23390
6014 1989 4440 31811 37270 43559
6015 11198 16118 26330
6016 10805 12591 16997 39536 41030
6017 1624 1709 7697 8100 9531 10675 12340 14563 21140 25714 25816 31086 31511 35400 39960 41698 42940 44818
6018 2477 7194 8325 36117
6019 7754 8180 36307 39598 43298
6020 1680 4513 5073 6717 7843 8215 8790 8950 9983 10072 10847 13950 15072 15747 16261 16761 16791 17455 18509 20223 20712 21268 22073 22535 23061 24705 29095 30426 30683 31016 31611 31738 31922 34086 34617 35007 35515 35554 35740 36616 36618 37775 38285 39878 40408 40965 40966 41284 42370 43602 43688 43851
6021 2180 6902 8993 19134 29214 32348 44005
6022 5160 10724 12983 14399 19686 23023 24019 29669 44490
6023 10480 12288 17287 19690 22768 22780 22781 23848 28404
6024 20060 24674 25713 31257 42218
6025 6754 27050
6026 7928 11546 22147 25247 25424 41724
6027 454 1787 7842 11977 17616 19245 26287 30347 31406 38136 43368 43438
6028 3048 3493 5312 7064 8597 11785 15982 16995 23651 23683 31466 32163 34451 36482 37455 37824 39594 43687
6029 201 4464 14105 31939 33943 40466
6030 4023 14591 20764 24505 25822 30898 39942 42231
6031 46 1798 3911 3938 9518 16898 18488 27171 32050 40360 44405
6032 11653 27948
6033 12559 13240 13516 13944 32972
6034 63 4962 8037 16248 23932 24301 40569
6035 13883 15829 30970 33799 38749
6036 712 8584 22878 38645 43372
6037 14411 17466 19917 22247 29918 33067 34765 38247
6038 1887 17509 23824 27162 35661
6039 10869 21524 22574 25305 27605 29842 42305
6040 1468 8341 10503 14766 18728 19331 19545 21302 27993 37057 40434 40977 41016
6041 178 26578 29150 31306 44194
6042 134 12980 14182 17838 44314
6043 2919 4381 13531 25060 35591
6044 1418 11432 15937 16667 18225 18773 18774 24130 27668 36103 39447 39950 40760 43672
6045 1642 4738 12005 17231 22981 32130 35664 41628 41705
6046 5794 6578 7311 9575 22774 24887 30196 31262 31421
6047 2740 12477 12864 16088 17799 26155 35075 36399 37709 37914 39545 43838
6048 30511 44241
6049 1927 3870 6630 13403 18140 31122 35784 40017 40709
6050 7332 11090 35793 37783 39595
6051 10998 17377 22260 26593 29316 35050 37245 38496
6052 3934 10070 13264 37542 39020 42696
6053 11019 15231 26916 30486 38090
6054 117 7967 8459 23435 36105 43100
6055 4172 8460 19872 20133 24012 34584 35980 36124 42795 44751
6056 10630 13272 17814 27786 29239 35022
6057 11185 24402 25821 40145
6058 22951 34151 39413
6059 9521 28026 30509 33101 36250 44855
6060 28692 32790 36414 38457 41820
6061 148 391 552 1439 1698 1933 7101 7350 13827 14197 14300 14587 19010 22161 25676 26191 27114 28405 28596 34754 35097 36200 36233 36380 39747 40183 43418
6062 1005 5980 7582 8640 20982 21575 27636 32371 32476 32855 38156 39563 42978 44342
6063 2457 9021 28540 31106 41630
6064 11605 12489 13692 17884 20631 22585 38558 40648 44183
6065 1155 3772 11845 16430 21714 36257 36394 36922 37375 43740
6066 1655 11224 11525 11576 13860 14887 21711 23771 30528
6067 4742 9641 19698 21028 28812 30579 43343
6068 9604 22494 24182 36466 38397
6069 769 6259 26183 36925 42505
6070 2827 14043 15904 21060 31870 40694
6071 22943 32675 36106 38699
6072 9906 22884 27934 36794 37921 40400
6073 8773 11400 27574 29823 39984
6074 7506 13674 16003 32534 40119
6075 41 2298 10357 10484 15615 20006 26087 32719 41217
6076 3379 16071 23244 24452 24822
6077 1997 10149 12431 15346 32151 41709
6078 2652 7500 14366 19020 20473 20639 21049 25520 28235 31062 33161 35204 35676 36065 39535 41412
6079 589 3854 11320 16365 19234 24090 34639 36559 39849 41098 42704 43234 43265 43425
6080 164 2838 14802 16398 32917 39776
6081 3743 7148 19325 35219 35602
6082 3358 16937 26627 29606 42026
6083 14872 19410 24662 29027 31041 44251
6084 1756 5114 13180 20974 21154 23685 38733
6085 95 1157 5396 7089 11500 41471
6086 2111 18114 36495 38090 40725
6087 2547 11509 32622 38083
6088 2795 17406 24927 26745 28767 32870
6089 679 5847 19862 26897 41144
6090 11039 18047 20951 22768 23434 35296
6091 700 7470 19014 20660 33186 33856 34935 34945 37959 38739
6092 26788 31901 35711
6093 23642 24159 25979 27056 30163 35952
6094 1632 3344 7164 12338 13973 23034
6095 547 2558 11738 29044 44184
6096 1942 12208 16358 20502 20727 26067 33354 36667 40873
6097 1841 2425 11626 19074 23877 24810 40922
6098 5099 5784 15168 33021 44082
6099 1330 9085 16445 20692 25061 25908 27739 28709 31501 39217
6100 2543 8014 13247 19232 23577 33705 33717 36422 39473 41280
6101 8453 13698 14981 23968 44361
6102 2647 9861 16169 17870
6103 4546 4718 9171 22034 26601 37556
6104 1810 1982 19180 31180 31867
6105 1443 23690 23853 33775 40981 43027
6106 8059 27024 37528 42383 43057
6107 12959 18161 18827 20652 30474 31457 39467 42610
6108 633 16340 22599 39753 41619
6109 3708 11956 12508 12818 17019 27340 38593 39771
6110 4226 4655 6070 13612 37768 38978 42836
6111 25133 26196 30444 37703 42575
6112 2857 9031 15011 22437 30900
6113 202 2009 3953 5236 7160 7677 10380 10383 13324 14892 20697 26106 28577 28906 28993 30531 31549 36556 42564 44215 44856 44885
6114 4129 15050 17193 19722 34610 41818
6115 4766 11237 19677 26587 32703 34386 44343
6116 17988 26605 30280 36823 36923
6117 13709 19301 20047 23970 28539 29731 33210 36546 38486 38724
6118 11440 15045 21702 38984 40283
6119 14153 24777 33935 43183
6120 513 1452 2074 6395 9590 11581 17331 17659 17710 18364 18409 18939 20632 20973 22271 23188 23654 24341 25816 26895 27069 28628 31309 31653 31829 32546 33969 35237 39573 41579 42961 44904
6121 1434 9210 9309 9953 11268 41390
6122 7709 9631 16040 17861 17878 25566 30213 30593 38343 38527
6123 5934 7793 12533 23366 33482 38965 42818
6124 4214 8977 21698 33116 35404
6125 8022 18702 33977
6126 8651 22784 22816 24690 26701
6127 3908 7556 24903 26306 27207 31274
6128 75 5750 13583 16519 23373 25218 33859 37741
6129 486 8334 22590 23906 26140 26708 33832 38034 40253 41949 42793 43893
6130 5609 10140 11411 18559 18594 41866
6131 17016 18391 27706 29147 30802 33465 36819 40014 40145
6132 4811 8524 18628 36020 37645 41410 41775
6133 2276 13700 15504 21641 38235
6134 10744 16799 19564 22175 34509
6135 13927 23541 23786 31033 44567
6136 2793 7192 8432 13358 15788 20736 22617 25445
6137 6413 7721 8935 10272 10291 15767 17118 25605 43832
6138 19317 19546 19671 22871 31665 32502 33972 44029
6139 1393 15181 21328 27984 34681
6140 6435 7954 9710 14787 18408 19702 22128 25830 38032 38035 43867 44390
6141 288 16732 19417 34578 37506 41274
6142 3656 14528 27586 29382 30770 32801
6143 6154 13809 17392 22647 30664 35012 38827
6144 21571 41213
6145 31126 39850 39861 41276 42396 42866
6146 10647 14324 38241 38979 39154 40554
6147 759 2178 2718 7399 17773 18645 33557 33874 34326 37136
6148 733 13265 20176 22834 23073 31625 34104
6149 3087 6358 37747 39470
6150 8684 18775 21127 21753 24196 41754
6151 11174 11533 22034 24414 24760 30696
6152 16596 18512 19377 21391 28321 31928
6153 1721 7890 24167 28200 29628
6154 9172 11543 38497
6155 132 133 36841
6156 3404 4164 5231 17946 20301 24055 36437 39687 41238
6157 6095 26679 26984 27249 28337 31358 37283
6158 3099 5274 5463 12794 22079 26753 36958 43985 44476
6159 3689 16393 18852 27578 27753 35060
6160 1526 8071 11821 32679
6161 3650 9267 10721 11259 18068 19867 24231 25438 26220 29124 31856 35685
6162 28633 37182 41265
6163 8611 10044 16860 25535 29978 34940
6164 10339 11136 25589 27163 29561 43392
6165 377 2520 2872 3185 4814 16425 17751 21075 24355 29173
6166 7562 9036 10679 11064 12142 13876 22265 35862 39048
6167 1554 16033 27893 29433 32941 36037 37871 42819
6168 8275 13128 29312 39572 41888
6169 9512 18732 34675 36112 40084 44853
6170 255 8975 12033 22891 35919
6171 3889 8606 10973 16893 27964 33962 37333 43914
6172 1360 5040 34824
6173 11374 34476 35024 44835
6174 1664 6926 12370 38664
6175 457 1785 3039 9914 21077 24656 28167 40288 41570 43556
6176 7435 19962 28874 31535 38960 39529 42705
6177 10088 14331 17432 36965
6178 4118 4311 8529 15034 17225 19023 21057 24028 31015 32918 32952 35676 36019 41435 41942 41985 44374
6179 1018 8970 13233 19213 27603 31233 31578 33296 38958
6180 138 5098 8517 19091 37024
6181 1632 4886 13123 18127 20522 22381 42861
6182 8167 17279 18648 27791 29776 29982 34574 35680 38250 38787
6183 7019 10030 19719 38231 38395
6184 8247 19178 25874 36473
6185 2927 8086 19030 30487 39271
6186 10433 10900 22400 35150
6187 9791 10698 12866 23848 28544 43226
6188 14315 17904 22192 37238
6189 3694 10029 13343 21750 25320
6190 269 2205 10545 17071 20545 25152 35722 35749 37017 38495 38798 39111 40929
6191 1015 11676 21375 30144 32198 41269
6192 7369 16516 18071 21537 28212
6193 1090 8893 9451 11802 12803 31648 33819 36281 38826
6194 4323 12192 18366 28128 37397 39571 44617 44663
6195 5443 20985 21073 24364 27713 28084
6196 2849 8244 11449 14569 16935 22491 23795
6197 3747 12618 16484 20252 20413 27832 35254 41271
6198 2277 6231 6261 16174 19865 29120 31462 42983
6199 4694 12204 13734 14521 17085 25025 30309
6200 6405 14397 15961 17157 17516 22788 25481 26000 30935 36193 40106 43662
6201 1952 15834 16313 20641
6202 2566 9121 29392 33909 36614
6203 5821 18019 32396 32581 39116 40203
6204 4899 6274 11281 22358 23090 25044 27154 28073 39705 40736
6205 2308 11745 12416 18842 19271 31637 33600 37562 41413 43693 43805
6206 5030 10613 12150 12570 12740 16089 20679 22742
6207 1541 2112 11099 25051 25290 29988
6208 3846 4189 4301 39128 40871 44220
6209 420 644 14466 17274 18719 21849 26383 31187 35287 39772 41710 42985
6210 12015 14326 18832 22360 29959 36058
6211 6219 19457 20483 43965 44914
6212 1455 21159 25129 38227 42623
6213 4378 7247 18329 20384 21617 26674 30695
6214 4708 7627 13436 23205 29973 32093
6215 17711 32359 32544 37270
6216 2334 12673 13747 16347 27529 38008 41795
6217 125 18943 26578 31891 36416 44883
6218 13522 16907 17688 24650 35035 36620 40254 41172 43421
6219 6620 7541 11830 27885 30813 32764
6220 1107 9290 18826 19600 32934 35551
6221 11937 16605 18928 31093 31453 37627 38539
6222 5127 5741 24885 27542 39476
6223 23754 24299 36417 42171 42354 42700
6224 837 7755 15158 34722 42452
6225 1847 5804 11084 21592 27743 30460 32492 38838 39059 40010 44050
6226 3482 5084 6162 8051 36629
6227 5805 5859 11132 16807 18279 20726 22876 38860 40758 41876
6228 5077 11886 20673 23609 29336 29535 42754 42812 44594
6229 899 4217 24691 34382 35112
6230 6997 8106 18039 19107 26921 28198 31443 33035 36654 41914
6231 6101 13405 16377 22305 31278 37796
6232 6130 7434 16598 24485 29636 32322 35062 35775 39086
6233 1758 3889 9778 23634 30631 44492
6234 20425 31609 39775 44320 44574 44739
6235 6960 21317 24691 27070 34705
6236 821 4683 11339 21662 24625 25964 32752 33181 39050 40516 44426
6237 5338 10345 13683 39422
6238 1766 2302 7193 12292 12995 13342 20249 21371 23519 29694 32158 33308 33453 39829 42909 44816
6239 516 27685 34598 36179 40259
6240 2645 10654 14235 16994 28139
6241 21390 26321 34660 37773 43284
6242 17715 25479 33837
6243 14763 33556 33740 37645 37880
6244 2912 6830 13981 28417 29846 31461 33442
6245 4896 15229 25204 30028 30826 32782 34641 40045
6246 2158 26080 30413 35148 42324
6247 17519 23518 38748 38926 42458 42662
6248 1872 8806 9276 17635 21662 22109 24464 24465 36086
6249 5068 5580 15906 28978 29339 35738
6250 5026 6618 6988 16275 22587 38621 43381
6251 7212 21068 28992 36358 44656
6252 110 9663 29153 34575 39316 43193
6253 4734 8068 11550 35212
6254 10843 13303 23043 23814 24519 25272 25449 43384
6255 62 4525 9159 14518 24643 28715 43045
6256 13425 13699 15232 29584 39813
6257 590 2845 2916 3339 3790 5329 8168 11091 11463 11990 19378 19586 19732 20363 20482 20634 21331 24052 24239 25540 26919 27727 28656 29386 29527 29851 40471 42269 43905
6258 16883 24068 25185 28666 34767 44757
6259 3348 12040 17766 18321 22245 34457 34583
6260 6635 10988 13775 23770 35706 40742 41671 42707 42893
6261 16998 24365 31672 36477 40342
6262 5942 16351 30339 37162
6263 512 9981 12009 12086 14395 14748 17329 17843 22443 26340 26363 29437 30906 34696 39432 39749 40528
6264 2730 7821 17970 19201 36290 44563
6265 5097 12916 16632 36642 39898
6266 2330 2702 13435 25024 25760 29355
6267 3922 14305 18139 18831 32391 34425 38796 40355
6268 3062 19593 33899 39164 44788
6269 9851 28250 33352 35855 38238
6270 5247 19065 21662 28873 30150 30284 32427 33335 34080 41117 44795
6271 2303 8626 15169 33277 37281
6272 2345 13412 20503 35164
6273 402 16867 17764 27566 35009 39142
6274 1406 7106 8429 9424 12900 17895 17974 42239
6275 3212 8715 8976 15922 19028 33364 33940
6276 36274
6277 12829 13647 22255 24738 31621 33639
6278 5597 11898 20542 31947 43630
6279 13551 14077 22232 25498 29917 39691
6280 4976 11616 28414 30615 34209 36709
6281 5810 7649 11507 12734 14341 19555 20343 24578 25021 27143 27318 30111 33866 41890 43540
6282 5514 16358 20927 27706 29347
6283 101 1880 6487 9433 9752 10298 18256 19353 23020 27473
6284 3187 7071 8944 13904 16031 18150 18639 21032 24715 30293 30870 33543 37763 40360 43195 43764
6285 7712 7740 10435 15201 24841 25107 26402 27489 27687 28394 35369
6286 3804 22589 24963 31019 38700 43712
6287 1208 15618 17852 28573 35413 38902 43449
6288 5613 9023 10533 12248 20749 37198 39077
6289 10740 16998 31568
6290 2487 28994 29322
6291 450 19427 21830 29768 30160 35182
6292 7426 23194 30656
6293 437 2335 8563 17464 25170 29244 29252 41459
6294 22934 23797 26326 28351
6295 5482 7171 12224 13101 13471 15603 16897 19688 22093 22756 24735 27225 31759 35767
6296 8752 14835 15372 19015 21024 35306 42248
6297 6857 11169 14423 24370 28837 40809
6298 2195 8393 8785 9884 10467 11802 11809 12227 16581 31655 31858 34908 37638 40551 41589
6299 4972 7248 30253 35718 36128
6300 5509 8071 15887 28690 30359 32548 40079
6301 2072 3276 9601 14186 16299 27576 29270 33518 43790
6302 1305 9689 11287 17055 22326 27901
6303 2574 7799 12683 21770 43910
6304 2981 7480 12953 13146 15247 19537 26470 28595 34376 43845
6305 10178 13480 30711 34746 38517 40891 43095
6306 13219 15138 22984 40865
6307 4634 9624 10104 13711 23451 35595
6308 3926 4799 4892 16496 19886 25588 27358 33863 41297
6309 823 3976 12224 14553 35029
6310 13089 23568 27371 27748 36081 38866 40751
6311 4195 5553 7742 38771
6312 5234 10412 13281 13667 15654 21695 31725 38830 39758 39915
6313 1565 21201 21406 21780 32273 33132 35428
6314 4533 20639 21431 30671 38276 42895 43034
6315 4211 7902 10486 15461 31785
6316 627 1234 4278 24077 24086 31332
6317 14719 18724 23257 24310 30731 42029 42202
6318 176 764 2771 3250 5597 5990 8286 11483 23813 28393 29075 31415 32438 33873 35661 36251 41420
6319 4959 10987 15838 28262 37761
6320 1077 2918 3639 4589 5144 5740 6600 6640 13619 15073 15496 18784 19143 19612 20235 22863 23232 23467 32937 34295 34335 41610 42576
6321 1132 3907 9417 17333 33498 35382
6322 6235 10894 17884 19033 32363 32903 35036 35451 36517
6323 882 4707 4868 7784 9128 9913 15362 15715 17209 21225 21912 25618 28167 30227 30425 37495 42989 43220 43320
6324 396 3437 6605 9368 19644 21579 22333 23133 24551 25721 26726 31515 37235 40001 41899
6325 4044 9243 28051 30197 42950
6326 3658 23152 29611 33642 33786
6327 3750 4143 5394 10619 10946 19956 20662 24280
6328 1244 7191 12296 13542 20281 20972
6329 3785 3979 5767 11973 18894
6330 2314 2392 3419 3609 4042 6022 6023 7098 7756 13093 19003 20485 33136 37448
6331 4820 26462 26675 27352 29857 30320 42773
6332 1403 8810 44379
6333 3848 29490 35656
6334 2768 4833 19279 32921 33948 39325
6335 265 2565 13787 17268 25600
6336 4491 17769 18005 26466 31379 38734
6337 893 12621 24015 29101 31706 39240
6338 3863 16710 22224 23901 24780 30901
6339 3895 17021 31500 36024 39904
6340 6376 7682 10164 13112 18345 20445 21183 21756 24404 26319 27800
6341 9465 16706 30006 35112 40792
6342 9872 20996 23722 23882 27900 36292
6343 2209 4891 5587 11145 15266 21266 27425 29075
6344 4599 10150 21684 26150 28370 31533 37134 38176
6345 2995 13038 13874 15213 22837 27060 41912
6346 291 30199 40259
6347 18871 32898 33936 34144 38257
6348 6370 7634 8998 15518 17479 31313 37807 43616
6349 5102 11759 14710 24180 25984 28753
6350 13391 16876 19907 22916 23347 23363 29575 36223 39746 41549 42298
6351 4813 8451 8533 24926 25402
6352 25177 29370
6353 8662 9850 26881 38051 38505 42562 43290
6354 8846 11248 18373 21691 26699 34777
6355 1475 16979 28665 44792
6356 20333 22312 23035 30999 32454 32652 33133
6357 14001 14005 35867 37967 42480 44177
6358 10450 19267 25428 29980
6359 16130 18024 27965 38010
6360 2642 3301 5684 9596 14583 15001 16808 20612 21192 27491 27677 37852 41713 43659
6361 4265 5838 6451 9863 11130 14091 18660 20050 25863 33626 33957 35527 35828 36624 37104 38808 38919 41003 43817 44427
6362 1200 2435 11427 14580 15126 16652 24382 25846 29819 32146 33588 39761
6363 1178 1701 3152 4767 7211 12956 13935 15383 18552 19864 23387 24920 26186 26467 28186 34130 34854 36153 36645 36685 42613 42679 43322
6364 3704 9283 13558 14487 14848
6365 1140 14865 19589 23810 33513 36433 38627
6366 3873 7298 21886 23977 34873
6367 2990 5108 8114 10132 25456 32000 39391
6368 7931 13007 17690 19949 20464 23679 43911 44349
6369 7307 10459 13590 15876 19287
6370 4393 7894 10236 16195 27806 32505 37114
6371 22427 35965 36822 43649
6372 2447 5513 8900 14285 17871 40952
6373 2645 5426 8100 14235 17716 30059
6374 1353 22104 25839 31146 39097 44281
6375 6785 11229 32120 40958
6376 1959 3422 13114 16007 37860 44782
6377 1074 6234 9291 22415 25493 38347 42745
6378 1775 8973 26500 26652 30251 31388 39277
6379 1526 18567 23667 24957 39727 41229
6380 933 1968 3042 4228 5298 5929 8360 8729 13011 21052 21658 29250 30289 36862 38149 40846 42502
6381 4619 17372 27501 29506 30768 40323
6382 2129 6106 6220 6443 10913 11276 11617 12123 12126 22697 23323 23719 24112 24213 34416 35687 37908 42665
6383 707 7941 8250 21420 26198 28976 33351
6384 18421 22482 26541 27087 40785 41362
6385 17 6173 11645 16224 22430 23979 29809 40661
6386 2293 6774 18621 23159 40436 42270
6387 1128 12143 14277 14478 21857 28650 38181 40873
6388 12895 14535 21720 22517 25672
6389 8745 11649 24342 25798 30232 32736
6390 16708 23848 25658 28556
6391 22032 22886 28476 32967 37928
6392 1671 14877 25236 29918 31227 33189
6393 3706 14461 32094 32714 44086
6394 19740 30663 39784 41493
6395 2467 13359 15027 42094 44195
6396 11005 29500 30992 32336 35475
6397 6411 14949 22208 31102 35800 41714
6398 1537 2461 9088 11511 11779 12003 21132 25253 36138
6399 26214 30981 43706
6400 1266 1268 10786 17946 20515 36066 36923 44441
6401 13857 15643 15969 15993 18749 19109 32483 36311 39763 41220 43112
6402 4454 10095 10255 10691
6403 2590 4206 33280 34493 34515 37993 42122 43527
6404 8231 11295 31633 35857 41423
6405 12784 14152 19475 21690 31590 40939
6406 15253 25971 41498
6407 8445 15770 16799 17823 25055
6408 9795 11023 16199 20463 25010 30803 33597 33973 35176 44001
6409 5267 5461 6203 7138 34346 39405 44205
6410 7798 14836 20678 34254 36565
6411 1121 14087 22986 41746
6412 6459 9679 10496 14666 23687 27547 28061 31003 31882 32248 38258 39093
6413 246 3763 4049 27062 38467
6414 2172 5033 5715 10411 15039 17065 22712 34972 38981
6415 35679
6416 6449 7362 23328 27116 27698 29136 33445 34904
6417 3727 10577 14090 25730 25897 30814 36043
6418 10221 12889 14794 15462 32693 35718 37430 41565
6419 1378 12484 31597 31648 35590
6420 4215 5544 7718 10851 11393 26153 27992 28542 32125 35229 39408 43501
6421 3547 3841 17850 39461 41025
6422 1635 3182 3690 3717 6860 10285 12640 12806 18714 19756 20914 22512 27679 29537 34059 41517 43987
6423 1349 7042 7792 8732 15019 21407 22865 23724 26436 29355 35700 43255
6424 2527 3238 3679 8853 9934 12603 13869 16747 21256 28566 30012 35806
6425 3433 4789 10852 34378 35099 40126
6426 1256 12491 16901 18065 42656
6427 30572 33953 35807 42052
6428 5670 15830 35455 38931
6429 12765 28150 28214 30193 42650
6430 11741 29627 30633 33204 39218
6431 17647 23652 27270 27461 31607 40800
6432 4332 19361 25877 30791 40051
6433 4918 7691 15687 22812
6434 4324 7690 19841 25009 26412 28678 31473
6435 14287 16697 25835 32574 34382
6436 7419 14471 14837 21217 35874 44771
6437 7820 10945 17768 18464 26093 38817
6438 1602 6610 13109 14911 25097 30082 41414
6439 32383 38408 42572
6440 3383 9523 15728 29985 35526 39667 40904
6441 11897 22794 24433 28432 40847
6442 7599 12360 14435 17653 18220 19557 20032 21109 21522 22629 23821 26784 27484 32770 34540 35872 40588 41011 41911
6443 8702 10908 40773 41013 42967
6444 353 6669 12687 16186 16714 19751 24785 24961 27896 31156 32056 35119 43881 44045
6445 397 10963 18134 30344 30526
6446 3386 3787 7643 10778 12550 13092 13273 13803 20872 22726 26651 27010
6447 8707 22490 28822 29331 32557 41591
6448 11398 31602 33224 33950 34858
6449 6496 12735 16080 22658 34409 43896
6450 11861 15277 15333 16142 28739 30401
6451 666 3111 11390 16454 23447 29658 29940 30047 32848
6452 30089
6453 5529 10920 30476 31051 31880
6454 7456 22202 32081 33149 39156 44800
6455 713 14603 20946 25108 32351 44055
6456 1526 23638 30591 31084 32346 35401 40887
6457 299 8075 18611 18730 27844 39725
6458 3652 20013 21340 28959 36816 40946
6459 2102 4012 6767 7427 11487 13934 15044 15559 20010 21678 23484 24152 26352 27055 41102
6460 6590 13472 14831 18054 18392 19637 24160 32443 36314 37616 39274
6461 4137 31624 41224 41982
6462 3296 5067 6402 9699 17368 21936 28956 33999 35281
6463 8847 33621 42239
6464 4759 22456 26692 30421 32433 33976 35530 41165
6465 18930 20584 21099 38891 40815 41632
6466 135 1355 1863 3160 6213 9090 10394 10735 14845 15172 15855 17924 21071 34046 43272
6467 5183 9090 10003 17849 20236 31675 39574
6468 24150 29692 41007 42102 42176 43008 43908
6469 883 6438 10125 11277 12414 15931 21606 25405 26514 31251 35771 39682 39953 42829
6470 2645 5815 6784 24786 25211 30587 40072 44219
6471 1253 11796 13481 13881 18042 35657 39291 43975
6472 8675 14614 14975 25091 26388 28447 35193
6473 542 708 2835 3205 4447 4655 6322 9908 10584 11303 18681 21430 22322 23071 23336 23572 27890 28245 29380 29948 32342 32778 34183 35728 36439 38651 41939 41940
6474 2955 5825 11212 18771 18885 39527 43490
6475 12593 14896 37048
6476 18752 34248 35505 38298 41095
6477 1281 3424 14243 14370 14883 19169 22913 26840 27728 31168 32386 38560 40363 43329
6478 10974 13442 14035 26302 29483 32368 33426 35195 37348
6479 6679 11097 14539 15596 16422 20531 37870 40916
6480 1476 5139 6232 10803 44658
6481 2433 14878 16076 28286 29572 37789
6482 1920 2636 15155 26036 28221 39940
6483 20031 26548 39303
6484 6847 7174 14613 20514 35720 39375 41569
6485 1510 7009 8827 14465 41000
6486 14156 15765 31133 33331 34477 35566
6487 10471 15474 17566 44696
6488 9608 12851 18129 36042
6489 18349 19270 23168 24209 35661
6490 6825 13534 20434 25321 35836 41194 42955
6491 6224 8824 15318 33778 35950 39210 42606 43089
6492 2356 5575 10710 15193 27182 35850
6493 2428 4930 6968 10315 12929 14933 17142 18932 20766
6494 226 12639 14300 26777 30057 40892
6495 1782 8718 22552 31499 34082
6496 2245 3247 26867 28925 33952 42409
6497 7925 24143 38070 39805 43853
6498 872 1772 2836 14241 32880 34919 37037
6499 2242 8138 11060 20177 30078 37468
6500 11017 12247 20761 24569 27988 34162 42240 44571 44697
6501 796 2645 6471 7071 13366 16017 19191 19510 22550 38747 39837 39849
6502 5922 11817 13354 15508 19348 23664 32736 33635 39967
6503 67 540 687 4542 8679 9750 12842 14068 14610 14798 16966 18641 21062 24419 25659 27205 32707 34411 34870 38438 39011 39174 41311
6504 5858 13036 17589 18741 20267 44537
6505 10148 11496 16379
6506 23320 25255 25981 26943 30710 31259 31263 40263
6507 22145 26506 35944 42099
6508 3756 4498 18115 23584 25622 31915 44446
6509 22477 25556 32644 35549 37803 42916
6510 1422 10222 14078 17651 39579
6511 4615 4733 9991 12717 13720 22933 25340 32755
6512 5133 15264 15984 18535 19816 28522 41122
6513 2824 7006 22318 25583 42070
6514 9351 22688 25827 28828 33744 41694
6515 6748 7602 11836 18327 19142 29921 40612 44105
6516 6118 14525 20349 23214 23768 23915 30355 31929 34246 38613 41475
6517 8398 15071 23931 35737 37876
6518 11160 14021 17821 25283 28989 29447 30099 31356 33661 35978 38498
6519 13447 17184 26202 26589 33641 38566
6520 6084 6839 22611 31520 32577 36114 43213 43737
6521 2506 10025 15683 18240 25687 26588 40657
6522 4702 13191 26794 38775 38846
6523 20001 22366 30380 31074 32468 34662
6524 3179 8176 14601 15131 31010 32090
6525 22748 27337 30285 36197 36198
6526 2141 11574 25146 30031 33312 44087
6527 4831 8051 8990 9754 10473 14253 17044 17366 21568 25104 38731 38864 40491 42064
6528 19127 22640
6529 22600 29598
6530 9701 16486 16553 27624 38814 43017
6531 2514 7018 11839 13211 31398
6532 112 1189 2597 7509 16626 30894 32488 37420 39913 43810
6533 2061 7121 12608 26328 40269
6534 146 18942 25188 27467 32509
6535 2453 4023 10341 11575 19690
6536 553 1106 1526 8679 12452 20798 24383 26321 30606 31134 35837 36371 36735 42244
6537 4350 7605 9821 12888 14773 15246 15513 15989 23563 25742 26668 32098 39184 40646 44170
6538 3514 5366 11832 20083 20626 22129 23717 24439 25212 25921 27769 28273 31181 33298 33475 38924 40754 41677
6539 2491 8340 11642 16404 25046 27338 27412 32280 33112 38950 39196 43210 44051 44437 44633
6540 2559 11894 13656 22536 43225
6541 5689 8711 14640 27880 35640
6542 8139 26719 32367 36009 40321
6543 5429 18890 21482 24953
6544 304 13663 28231 28370 34085 37732 38925
6545 362 9628 13706 21361 21946 43507
6546 3631 7993 19281 20636 41702 42214 42284
6547 14835 17916 19200 33257
6548 7528 14110 17004 21897 31910 34938 35929
6549 3545 22703 23096 25910 35041 43807
6550 13670 15153 18990 23989 39615
6551 29914 32946 40222 41441
6552 258 6367 10092 20681 21285 41624
6553 533 19719 20040 33249
6554 260 2154 2453 5114 13966 30530 35368 35703 42538 44265
6555 383 6416 12694 13785 18603 24309 31641 32270 32405 33283 33917 36940
6556 3817 9817 16274 18157 19103 29304 37080 40995 42298 42429
6557 4870 20676 27583 33939 40697 44253
6558 4234 6990 7727 8886 22103 25492 31402 40626 43414
6559 2997 19899 20437 26369 31995 40293
6560 32453 34398 38303 43435 44465
6561 19712 20727 41173 41588 43663 44705
6562 854 3439 10310 28536 31598 37766 39720 41873
6563 3057 4510 13946 14692 39001
6564 9792 10445 10802 25464 34347 35236 35484
6565 142 501 3117 6197 9387 13502 25552 28760 42200
6566 21661 29783 29904 42126
6567 3623 5110 29715 37197 39475
6568 723 4609 6946 19973 32710
6569 2105 4765 7957 14920 27321 44888
6570 1100 1451 4184 27374 29630
6571 1471 1928 3029 7656 9632 22908 23720 27364 34350 42805
6572 8108 9247 23094 23200 24409 24672
6573 38239 40465 43198 44550
6574 262 5308 15137 16456 26612 31679 36659 41045
6575 2254 6604 14875 14941 16919 31268
6576 4514 9053 10970 11042 12198 15244 19737 32349 33617 36692 37078 37932 41379 43250
6577 1564 7268 34956 35166 40935 44668
6578 302 10337 12141 18004 18407 26344 29134 33440 36113
6579 104 2399 6290 8303 11252 12569 15663 17023 18640 18809 20795 37289
6580 3448 6453 28781 29113 40844
6581 2255 6206 17867 44393
6582 2432 10492 12257 15458 26545
6583 2223 6163 6638 10801 37178
6584 1493 5796 11473 12973 14494 25144 25988 27906 28438 28757 32358 42937
6585 3903 8467 8697 12818 14977 19895 21699 30569 31485 33801 34507 35453 36347 38520 41394
6586 10849 15835 20023 30779 37663 44910
6587 350 1941 6251 13867 21027 22528 24958 37115
6588 2108 3997 14789 25563 32731
6589 7120 13094 19918 27047 34966 37290 38001 39589 40069
6590 1570 14767 19859 31627 33785
6591 4866 8588 12707 19787 20899 23055 28733 38475 39170 43393
6592 10901 21151 23310 26599 29469
6593 3699 5541 10934 24262 25560 30135
6594 4202 4757 8629 11939 26372 40174 44524
6595 1875 3009 7846 22805 27875 28180 35675 37849
6596 935 18074 21128 21541 24398 31125
6597 2412 2643 5780 9021 36309
6598 3608 6541 10129 11342 14809 21470 22903 25225 44805
6599 17269 22751 36563 38865
6600 8715 8918 10867 16837 29132 35255 36283
6601 535 1226 7169 10692 12955 16824 20025 23835 26378 35256 37244 43139
6602 6423 9805 16617 16951 18664 20408 23535 24191 30378 37969 44385
6603 7986 16458 19646 21558 24885 24898 43726
6604 12228 22019 40403 40935 42895
6605 2722 9782 10483 13832 20858 28744 41637
6606 473 3421 5279 8052 9345 20063 28512 32181 40578
6607 7328 7555 18361 43857
6608 823 8617 15274 19394 28179 30877 35390 37543 37878 43306 43784
6609 1553 1582 8501 18976 30056 33638 36425 36706
6610 1567 11726 15280 28605 38757 40777
6611 6136 27602 37370 39010 41295
6612 782 12497 31458 33985 37242 40154
6613 3213 10608 40566
6614 5489 6456 11568 42334 43685 44557
6615 5565 13586 21927 32334 43682
6616 2504 8050 20325 22193 29714 40941 43731
6617 224 3716 4878 6080 35766 36628 38138 42388
6618 11477 12102 13019 28461 31508 42141
6619 5525 12224 15866 16716 19173 19931 20469 31185 32583 41972
6620 4885 14104 22370 28297 28868 32635 33886 41979 43209
6621 3458 8260 9390 14011 15108 22965 33041
6622 7012 8302 27504 32485 33279
6623 12281 20955 30685 34712 36867
6624 462 5123 19851 20870
6625 1919 6619 8191 17744 21824 24367 26999 40747
6626 7487 9347 20510 23008 28494 43167 43515
6627 3628 6770 7303 16706 30085
6628 10941 18129 25167 37139 38985
6629 13473 18226 25635 43480
6630 15165 17862 18992 27282 33614
6631 19522 22826 24392 27106 36899 38756
6632 25837 26912 27292 30912 33694 44327
6633 655 10989 16853 27617
6634 11924 19301 25806 32321
6635 8532 13556 15951 23168 40942
6636 212 2136 2281 2452 2819 2882 4029 4281 4287 5506 5655 8337 9054 9232 9430 11092 12105 14655 15533 15660 17349 17733 19118 19165 20609 22304 23356 23716 23839 24133 24528 26935 27081 27298 27725 28444 29170 29350 29671 30117 30681 31338 31344 31812 31814 33992 34045 34508 34572 34714 34892 35799 35876 36872 37814 38178 38600 38900 38947 39177 41043 41219 42772 42880 42991 43145 43326 43476 43854 44057 44463
6637 9894 15895 17599 28700 33148
6638 2808 3452 7367 10888 11409 16150 28644 31141 32202 42783 44026
6639 1558 2251 25184 25505 39416 41455
6640 9924 10757 19573 20525 31058 36753 39183
6641 416 7032 14480 22173 23408
6642 17975 23433 24468 36188
6643 2474 6801 19192 21717 22122 24073 30063 34681 35597
6644 3443 9564 24963 25894 35217 37014
6645 1901 4931 6202 22112 22624 24732 27680 31888 36523 44610
6646 4756 6442 12863 22136 23843 41027
6647 453 3353 6872 9151 14047 17113 22388 25506 30616 35281 42490
6648 18059 18203 18285 26047 41018
6649 6909 9546 9549 25947 26118
6650 1484 6158 8148 13849 15255 21023 35688 37304 37567
6651 3588 6348 8933 11794 16715
6652 8560 25594 27398 34245 38472
6653 2884 6753 9215 33716 34061 35191 36861 42203
6654 5201 16044 31422 35239 35661 37797
6655 381 772 2037 2629 2761 3338 3470 4413 5071 11739 16163 18699 19266 20189 21956 22370 24269 25608 26571 32813 32984 39802 44258
6656 4764 9415 15154 16156 21353 23692 31991 36325 42766 44006 44191
6657 213 12388 32626 36070 38836 41288 42132
6658 1231 3051 18924 22194 26540 34534
6659 726 21739 28616 30088 32513
6660 3529 14924 18530 22139 25342 38877 43400
6661 9846 14857 26006 27567 38342 42645
6662 6276 12150 15873 24323 24365
6663 1831 3249 11548 20743 21518 26680 27581 32661 38653
6664 15795 20347 35801 36265 36611 44112
6665 5595 13075 25349 29899 34102
6666 2984 5111 28213 28912 32174 40648
6667 3327 6035 7087 7844 29504 36924 39804
6668 10262 10812 15278 15824 19029 32152 32237 32535
6669 346 1452 5165 12991 20282 38886
6670 5290 7904 9997 15637 17465 19111 20175 25885 33777
6671 4851 7369 10328 11381 17205 20023 23983 42053
6672 5637 15781 18925 19117 22956 26911 28555 41891
6673 7529 18275 18666 39742
6674 874 2270 5138 11774 19506 29114
6675 744 6951 21329 38647 41523
6676 8163 8465 8628 14913 16848 24956 25895 32277 43280
6677 2668 9515 25873 36989 41908
6678 3236 3441 10468 12062 20246 23634
6679 845 22220 31861 33113 36739 36804
6680 10399 10865 15285 20916 21872 22704 32129 36510 40875
6681 5425 13723 34227 43801
6682 17725 20480 25724 31073 39989
6683 11247 15347 32027 35112 40659 40843 42471
6684 2791 3199 15300 21685 28649
6685 3434 7220 10614 13920 15198 22699 30001 30882 37342
6686 1277 7093 10113 10246 22313
6687 496 6407 10612 15759 21329 23791 34395 37654
6688 283 2551 3020 3603 9533 9860 14330 16097 16856 19550 20136 21669 22641 22832 32741 33932 35763 39877 40517
6689 4618 7897 13749 18350 28607 43158 44140
6690 430 17932 23798 25686 28731 31148
6691 8630 9656 20943 23633 26878 44341
6692 747 21503 25526 31587 31842 33374 42332
6693 2317 3504 3969 5442 6530 9698 11243 13353 20624 24098 25953 26737 32175 41860 42372 44182
6694 10494 11225 11279 11801 17375 20474 22470 24063
6695 948 1480 12341 40135 41242
6696 2752 3005 18578 28831 31986 43653
6697 755 1796 6826 22071 22486 25156 25187 26421 31343
6698 4364 5849 11838 20435 22681 23092 23246 27033
6699 570 3928 4482 4995 5087 6845 12139 12919 14998 19316 20683 21424 30231
6700 3847 13216 14290 14316 22630 22632 27131 29657 31175 32531 32599 39248 40623
6701 137 544 13688 21150 22150 25962 28371
6702 49 10086 10090 14345 14511
6703 614 5163 5191 6314 7551 9987 10180 12092 12242 13409 14856 16129 18016 23100 25446 25549 31529 35394 43123
6704 1301 1625 1931 10264 22057 24148 26504 28452 42945
6705 2825 18542 22065 30279 37221
6706 1849 8212 25408 27405 34295 39371 39862
6707 16698 17549 26754 28185 29935 39139
6708 1152 4511 4949 6473 10879 13642 19290 25685 29257 35241 35561
6709 16775 21888 34603 40310 42480
6710 4068 4771 5323 14795 33428 38204 39955
6711 9488 12262 13030 14971 23801 34189 44444
6712 9911 10964 16765 26832 40695
6713 21662 43951
6714 2020 4078 7069 25300 42292
6715 6221 8499 29418
6716 2592 4811 5978 20376 41773 42389
6717 1069 25466 26795 44586
6718 10602 13239 23059 37356 39565
6719 3410 14687 16906 27384 29587 31027 36798 38650
6720 4841 6396 10916 12550 13748 20254 23670 27045 28258 32447 32942 41300
6721 3203 10596 23916 39161
6722 1041 2273 2989 4672 12310 16318 20019 20786 28816 29867 30134 30971
6723 15955 25250 32538
6724 11378 21275 32385 37258 39092 43318
6725 749 3438 7391 15522 16181
6726 3267 12051 24406 28422 28642 32562
6727 8577 10895 19313 23046 25982 28751 32329 33881 36762
6728 17601 17756 20497 22970 34075 38824 42333
6729 8132 20436 25694 28287 35040
6730 114 11814 22971 41160 41898
6731 4739 4981 6394 13999 14000 18921 41708 42579
6732 10789 12752 14146 18474 24179 26332 29765 30549 35528 44119
6733 313 654 13071 17926 29766 43772
6734 4438 6948 23489 27238 35609
6735 8112 8292 15319 18382 42936 43665
6736 4 4005 6628 12171 18181 19991 22653 25645 26937 30029 33271 39022 41031 41596 42289
6737 36435
6738 2104 9562 15994 24312 25963 29069 29986 39197 39220
6739 4786 8276 13155 23836 27745 38903 40302 41736
6740 2645 10200 17877 21610 25125 26586 29864 30628 34007 37285 41581
6741 6 1640 6282 25508 27345 34355 40688 43998
6742 823 15366 17340 31557 36066 41446 44441
6743 6472 22121 23508 36355 39096 41907
6744 6223 17351 23439 34485
6745 2729 3357 10082 24907 38476 39374
6746 31 4089 5656 8739 16992 26773 31009 32034 36046
6747 71 2204 6736 8882 14556 27199 37859
6748 252 524 1505 4876 5076 8736 11335 12278 13628 14707 17770 19618 20824 21439 29164 38325 38843 39718 42904
6749 7205 13505 16196 27250 43149
6750 766 13685 15185 15879 20121 23118 32352 37513
6751 4133 15925 28341 38642
6752 3190 3843 7299 10604 12372 29444 42851
6753 9180 24974 33575 41895 44482
6754 5648 17904 20201 21576 25635
6755 1818 9590 13102 22787 35055
6756 15408 35627 35710 39692 42716
6757 1066 1084 9274 9814 18199 19295 37267 41590 43835 44721
6758 1051 5631 10061 21509 23531 27252 28785 41240 43968
6759 4503 17777 21994 33183
6760 1858 1990 9713 10159 11152 16375 29737 35906
6761 2279 3258 21003 21368 23305 25626 30886 35375 36322 37120 40691 44899
6762 2422 4570 20015 22945 29802
6763 4288 4712 5048 10258 10893 14120 17210 20527 26420 30755 38639 41651
6764 1167 7008 14295 15992 21931 22500 29990 31730
6765 5881 12305 15299 22314 42402
6766 8433 12224 14151 16175 29987
6767 4617 6201 8925 12183 26585
6768 1080 3857 9234 12550 19889 41176 43846
6769 5444 14446 14462 22647 35891
6770 4153 6020 8355 34651 41054 42433
6771 107 6440 11593 13524 17709 26776 36367 39216 44389
6772 5531 11996 15908 17448 21632 23926 25601 31874 32226 41056
6773 7187 8134 17883 33094 41931
6774 3149 12436 20954 29880 30661 30893 31226 31988 35110 37101 42137
6775 1063 9783 19650 43591
6776 449 2201 5581 9336 24827
6777 689 913 1651 1871 1947 7127 9193 9249 10325 12932 13306 14619 16957 19998 22003 22802 27002 28557 30761 30974 31852 33448 37285 37952 38674 40460 41251 42356 42738
6778 417 23186 33249 39647 41690
6779 1708 22805 25852 26556 27879 34561
6780 5476 12316 31801 34916
6781 4074 10874 32768 37464 38887 40052 44322
6782 1044 8828 21316 21873 25083 28755
6783 4932 5300 7443 10834 16391 16741 31908 34323
6784 3503 38556 39276
6785 12496 14095 19094 20323 22296 25768 32547 40309
6786 9086 22957 28517 34472
6787 5675 24667 25235 30948 39547 40358
6788 23666 32698 36172 37234 42471
6789 926 9199 12552 12936 13406 20224 24277 26355 31707 34070 40534
6790 77 6903 11431 13544 43871
6791 1168 5624 16750 18223 18982 23815 24530 32542 34093
6792 6808 10705 23637 24741 24932
6793 11557 12066 26108 27780 30065 33967 36484 39564
6794 3720 5554 13602 19208 22199 26646 32250 37514 38097
6795 7819 14412 19887 21535
6796 7045 12339 16036 16365 34881 39704 40793
6797 737 792 1437 12796 13145 23742
6798 14908 21067 22022 25217 32271 35469 36066 37759 39867 42869
6799 3970 8797 20515 26118 31676
6800 33640 35992 38548 42630 42767 43871
6801 5674 7673 18987 19707 20209 21153 27275 30387 39225
6802 6576 10302 15093 33821 43560
6803 459 14533 15075 16106 19980 21838 25948 28148 30435 34647 39480
6804 1682 2211 3079 10434 40580
6805 6751 13909 23556 39828
6806 1260 1606 11253 31503 35469 36920 37379
6807 1046 5653 6201 9175 16193 16943 19465 25986 31973 32497 32690 37762 42413 44673
6808 6415 10657 11580 18916 24157
6809 522 2625 8291 16658 23669 26364 28584 40802
6810 7056 7871 11853 15610 27355 39652
6811 9640 11438 19893 31309
6812 4249 43199
6813 5161 6230 14051 25246 33226
6814 3744 11113 17089 28673 28720
6815 4038 14030 23940 33974 39160
6816 24585 37219 37408
6817 6714 15719 21081 22188 29374
6818 2798 6446 10002 16960 20234 24693 27845 34370
6819 4940 21582 29659 33007
6820 15602 20478 27954 29530 44257
6821 669 2377 3671 29393 38993
6822 4398 4797 7741 9050 9403 11612 15115 17323 18098 19137 26876 32598 41712 42907
6823 907 3636 11795 11923 16467 16891 23459 26904 31892 36580 39407 44366
6824 22027 25954 37894 38848 41642 43468 43712 44613
6825 17761 31531 36347 39403
6826 3130 3977 25110 42960
6827 2731 7631 9006 13680 23837 24199 38319
6828 3243 14824 15697 18313 25806 27470 28591 33095 34330 43725 44212
6829 9024 13658 24214 29804 32314
6830 1181 18913 20563 30228 33205 43972
6831 13887
6832 2853 9800 32591 38538 43889
6833 2346 4633 11093 17036 30778 44381
6834 11448 11669 12354 26212 31319 39109 41594
6835 5051 11692 19049 20695 23053 23576 38631
6836 7850 15753 25029 25221 29039
6837 9766 9972 17139 33436 34897 37621 42229
6838 4945 5672 37335 37998 42463
6839 9261 20639 28563 43121
6840 3703 3816 11428 14990 15307 16679 18266 18376 19366 19802 22434 25818 30169 35154 35972 36340 38373 43330 44693 44875
6841 9666 11081 22851 23546 35817 39308
6842 10670 13300 23095 26132 27807 32116
6843 3917 4726 6228 10565 13197 20669 30121 41433
6844 5940 6242 23142 27115 29492
6845 7870 17175 31150 32508 33080 35438 39858
6846 702 6631 18564 18582 22462 23104 28038 35956 38359 39398
6847 9310 12155 23388 37760 43615
6848 9320 29413 37340 40572 41856
6849 100 4344 6873 7788 25704
6850 777 6861 12391 18876 20833 29486 41151 41832
6851 1115 5352 5891 23090 24240 25019 30122 33124 44133
6852 5921 12998 14113 29033 40727
6853 3273 10661 10826 18219 21506 28191 43806
6854 634 4879 12432 15409 16918 23879 27811 34089 37367
6855 1435 4059 19879 39607
6856 2720 5225 18040 18598 28865 30058 32877 33590 40458 42635
6857 1943 11021 20392 33210 39731
6858 1696 3513 18143 18209 22573 23207 30666 36337 39026 40536
6859 8567 17870 22184 31373
6860 18734 22635 26917 34110 41458
6861 206 5465 7151 8837 10487 14155 19834 21771 21968 25278 25813 25992 29319 34149 34834 36826 36870 38141 43154
6862 6533 7670 8966 13598 14154 18491
6863 2068 4573 27437 30389 40629 43102 44058
6864 506 5121 7779 15082 18152 19993 24657 29778
6865 1694 1819 2360 8590 24030 25994 41121 42496
6866 6746 12749 21951 25413 29970
6867 2600 4475 5112 7325 8071 14740 16306 17781 18352 20221 31141 40779 41652
6868 1416 1587 3461 4969 7728 9593 11791 14441 15630 15958 16673 19056 20059 24522 29119 29678 29854 30443 33088 33983 37433 37630 42276 42450
6869 2788 7345 10689 28068 37014
6870 7118 11424 19819 41608
6871 1287 1993 6661 7115 8525 9284 10332 10807 11069 14297 14429 17032 17523 17652 19858 23302 23954 26787 27083 30095 31459 36033 39340 39807
6872 5282 18451 36016 36176
6873 2454 5861 18000 20315 26238 26626 35963
6874 14981 30346 31039 31210 43395 43871
6875 18530 20698 21386 27190 38275
6876 4241 5310 14927 26572 29726 34565 40307
6877 10736 11346 13014 13756 16929 17571 25842 33427 34743 36213 36366 36407
6878 16089 18142 21833 22174 22229 27644 33724 44646
6879 5431 20439 22406 23243 27101 36454 39768
6880 4410 7828 29559 34317 40266
6881 37 1116 2869 5657 7987 9815 11755 12284 14294 15724 15854 16595 17952 18485 19736 20721 21730 24046 26308 27475 29713 42190 43311 43373
6882 5671 11621 20588 33817
6883 320 2229 8946 9668 29497
6884 10034 11746 22262 22830 24443 27642 43879
6885 1522 18323 28046 31141 40459
6886 12329 13184 25333 34384 36852 43722
6887 6017 12224 17010 20442 31437
6888 4515 8010 10577 14993 22038 22643 27146 30997 32073 36958 38700 41239
6889 3740 5119 6033 24388 29460 33070 35259 41077 42637 43162 44395
6890 853 10650 19033 22601 22768 25694
6891 4990 5868 8252 12607 39906
6892 2010 22213 25014 34788 35734 44618
6893 11306 19598 23226 31025 31144 34690
6894 435 8109 8714 11182 15287 15988 16901 23865 24772 27309 34262 34709 36897 38861 44032
6895 14150 16849 27556 39300 41774
6896 1641 4305 5823 14094 17403 19880 21399 21418 26613 31259 33980 35327 42622
6897 2899 7146 9548 32355 34194
6898 6030 8056 9824 12678 39710 41746
6899 429 8095 10324 12505 31096
6900 6174 7201 27723 35646 35878 44041
6901 6005 10320 31724 42626 44698
6902 5346 17073 18119 39276 42804
6903 1174 1338 8997 17453 21864 23230 26977 30373 36289 43442
6904 5926 10600 13962 15066 17958 28704 37927 39352 41211 43930 44632
6905 7110 11497 19237 20521 22717 33599 44424 44616
6906 342 12153 16153 17915 21777 26442 28843 42177
6907 3770 12524 12578 19926 31935 32077 36593 42545
6908 6663
6909 1413 4220 5878 14738 18259
6910 18 192 1264 5185 5236 7538 8613 9342 9602 12805 14430 21772 22655 23125 25227 25525 28035 28090 29285 29716 31678 32377 39188 41427 42810 44277
6911 2540 19782 21045 24972 27598 28869 39845
6912 5569 17220 20470 26190 28019 29211 36900 44410
6913 943 6862 7813 15087 15639 18969 19708 28295 29911 34422 35385
6914 15582 18649 23591 23682 26417 30576 32048 34096 34756 35010 35536 43253
6915 8081 8601 11609 12988 15005 29042
6916 1950 3008 6060 8870 16794 19188 19193 21794 26757 36169 37973 44420
6917 5072 15776 26362 33367 38154
6918 5941 12465 26366 33169 42825
6919 9248 19902 22676 23316 27306 37705 44025
6920 6573 12096 13382 28574 29628 39925
6921 5483 11262 13565 19994 24483 25617 31066 36282 43070
6922 5063 5408 9115 15716 17216 21452 21835 30297 37794 40607 44764
6923 2958 5865 15510 16143 29282 31794 33816 34210 37223 39292 42926
6924 14254 21752 40888 42278
6925 6709 20269 31822 34269
6926 3336 3612 33675 39265 40305
6927 1249 8356 12083 22158 33177
6928 374 26050 26051 26413 27123
6929 5205 11571 26085 28078 28543 31267
6930 4858 7052 15858 17561 27260 29098 29241 30980 31376 32510 34926 35769 39126 43079 43880
6931 834 24147 26142 26452 34337 36673
6932 2114 10223 12353 24749 31893 38525 40838 43703
6933 6799 12560 24137 24229 29897 34701 43971
6934 408 3914 16525 20215 22920 24489 41896
6935 5334 8541 14768 15520 17648 21412 28111 32522
6936 3751 10585 12012 14196 25390 33345
6937 3288 15607 16880 27905 29128 29167 38265 41612 43542
6938 10014 35273 44135 44902
6939 4060 8166 15414 15503 16151 28504 30811 43378 44807
6940 482 1982 4425 12285 24729 29913 43208 44765
6941 19089 36347 37771 44338
6942 1575 6989 16488 23485 24191 25409 26030 26829 32263 33082 42378 42512
6943 1225 4987 9583 9866 17307 18392
6944 6385 21149 23476 28142 29797 34455 38732
6945 4268 25520 27706 38586
6946 378 3418 6609 18079 40667 41361
6947 51 24343 26844 26934 27208 34193 38279 42352 43042
6948 5114 10506 11323 14353 16655 38809 40488
6949 503 3977 17645 20364 42592
6950 1729 2945 4925 12611 21896 22432
6951 4494 16284 16511 21329 22373 38383 42342
6952 1540 13002 19548 20902 24232 26866 34833 41783
6953 751 6484 9638 12834 14257 16983 19524 32723 34383 34901
6954 3904 14379 16737 16802 19731
6955 2290 19343 19464 26408 38572
6956 6299 17794 20326 28887 37905
6957 7094 10521 11299 15884 22198 24029 26092 27528 29581 29843 32071 35118
6958 179 2383 2849 3375 39254 40026
6959 960 3163 5571 6350 7026 7409 13593 15189 16395 20655 22110 23905 25203 26722 29174 30118 32393 34307 35159 35437 38192 39079 39158 41571 41655
6960 2017 10633 12590 31940 38658
6961 2936 11908 24935 39451 42621 43515
6962 753 6067 8362 14362 16214 18333 21974 28849
6963 846 5982 20009 27242 27633
6964 3169 3420 6109 11841 15184 16307 16921 17393 17965 30522 32748 35511
6965 10523 12438 18644 22074 22471
6966 267 820 4894 7851 22441 22549 26061 31270 36601 44744
6967 1551 3657 7748 13536 17870 18415 22660 31600 31787 34543 38031
6968 1526 31254 32297 33029 36544
6969 4857 24391 25020 27625 43286
6970 1073 4423 4852 15125 38370
6971 3659 8674 10340 40807 44519
6972 8664 16286 27703 28043 33432
6973 1052 9639 30968 40232 44348
6974 24612 34057 43973 44073
6975 4409 28579 29297 38357
6976 5717 9557 18807 28824 30636 30792 36443 41845 44556
6977 12853 14070 31876 33854 40012 43734 44589
6978 16402 19058 25434 31330 36288 37522
6979 8418 16260 32820 39853 42885
6980 6701 23900 33144 38745 39262 41779
6981 6642 7555 8161 8897 9388 13337 28060 33800 35093 37644 40837 43157 44736
6982 9333 11721 19067 21215 21858 25725 27362
6983 5481 6052 24161 25190 27776 30354 34785 40806
6984 7767 20506 25058 29741 34802
6985 5046 12395 25954 26511 26565 30360 41096
6986 1037 2794 7131 10844 18566 30665
6987 3092 5421 25427 31451
6988 4174 4703 5292 17727
6989 6037 6924 20275 23335 26457 29474 30957 32834 34606 35401
6990 9482 20776 21112 25783
6991 6549 17797 26836 28657 28713 29571 30853 36026 40412
6992 1781 17553 36909 37277
6993 2575 6633 18186 22163 24258 29111
6994 9113 10096 19747 22849 24992 35983
6995 7748 18057 18788 22660 23146 24326 36524 37287 44383
6996 783 2566 5194 22895 29758 44707
6997 779 6995
6998 1982 3170 3315 5351 5435 6291 6294 8009 13194 17906 17908 21586 23027 24083 30203 30283 37668 44384
6999 9959 11849 20206 22048 35497 38172
