0 25012 25336 25330 8933 11329
1 3903 7189 10352 33432
2 32517 52954 19227 25675 9803 24146 32515
3 37118 38261 3271 51157
4 26978 18915 21738 26980 18832 25657
5 30397 30895 30893
6 52803 52842 53169 52787 55649
7 30020 28158 30201 2219
8 55313 35257 60727 38353
9 60668 1326 58569 51164 60626
10 29347 29304 36594 36253
11 29395 3287 60885 29333
12 11892 2078 37630 1707
13 6210 15207 47445 15517 9184 10065 10332 8199 6413 9360 6576 8670 47251 15854
14 53139 53445 41183 56226
15 1484 33777 18570 21271 16317 21980
16 25676 19530 17483 17765 20283 25787 11203 18111 25386 17592 16877 16165 11174 23654 10033 2111 7847 25342 21831 23079 19728 25442 16706 23682 17130 16896 24828 2123 16474 31836 24551 25332 17640 11427 22533 16585 20049 20235 17808 11186 19985 16835 11362 11324
17 35085 3398 3353
18 41203 15855 52690 34358 28920
19 26548 21282 32466 21280
20 54036 43904 40578 54012
21 35590 35869
22 41019 41016
23 17371 17228 17365 30812 4794
24 20756 10936 20393 20738
25 51039 2884 59290 54938
26 49102 52834 23867 8841
27 51246 26235 52084 61380
28 24901 24168 23543 4982
29 41391 41571 48257 41316
30 24071 17978 56245 43025 23004 22934 22746
31 40693 10449 40306 39393 40232 39775 10574 40685 43497
32 52305 54003 52531 32618 52467
33 54164 42988 37948 54163
34 35759 22249 49855 36898
35 50312 50311 39245
36 19008 19757 17380
37 36795 45924 21941 21471
38 24540 37962 23677 1608 61654 11932 57046 35116 1534 24846 48414 1486 42059 4346 1230 35053 48392 46002 36506 10827 40742 61411 1414 48569 56689 36263 1324 37809 24847
39 61182 59590 1345 57537 1357
40 25073 29042 20998 24176 28934 5792 29101
41 35456 43606 40877 1242
42 44275 50543 44276 34175
43 30317 59687 36017 38926 37845 3691 31278
44 51720 55369 59293 2591
45 44722 44096 44227 41018
46 41593 41594 42982 44623
47 46368 52692 3285 30473
48 34190 35290 42121 13221 43847
49 45171 4178 54493 35975 45896
50 61310 2303 62173 2574
51 46036 14712 13889 48467
52 62413 18267 1471 18328 31715
53 56256 62386 60606 4870
54 26990 2676 12417 12640 11904 12641 4212
55 59013 39603 53484 58631 53485 40139
56 47071 44845 47203 52242 42132 46031 53455 57675 37690 52280 37338 57679 44174
57 56022 54966 50405 56695 56590
58 2713 28052 6232 48190
59 21296 62411 232
60 42237 43418 46979 43153 43678 36995 37602 43702
61 54611 31379 22809 9798
62 19419 27535 21686 27221 26699 47746 27534 60829 27531 27497 26279 26314 26901 27492 26825 28135 3372 21545 26592 2121 3463 19413 27562 3461
63 50374 37088 62490 38131 34186
64 13765 25670 13766 52199 35561
65 10646 2526 2471 31754
66 9502 22223 9176 23374
67 23648 23647 36942 12712
68 620 281 29026
69 6021 51734 12939 46394
70 41048 55307 34043 54429
71 56384 55630 57091
72 1823 11997 1822 11926
73 26583 18345 21069 20347
74 23788 46804 37259 23783 6899 36285 46030
75 60755 28608 28689 3490
76 60866 31358 37695 39630
77 21431 21703 21566 60420
78 49441 49442 35318 35048
79 37635 43580 43288 41687 41364
80 41373 13724 34306 41378 42633 42974 13319 41372
81 15609 28892 15602
82 40044 52843 47285 47523
83 10543 32703 2534
84 31584 22200 1250 31585 23496
85 28838 31181 31592 31209
86 25393 25509 37656 36280
87 53608 37224 38995 33624
88 44216 32336 44218 31858 32272 44606 32025
89 28983 11097 16157 21472 27499
90 8572 9452 8203 46612 10293 49133 57400 34903
91 59374 48622 56225 55699
92 54046 54597 54047
93 50282 25014 36841 33808
94 23842 28519 28523 28520 28791 9999
95 560 19040 28208 19038
96 29389 29367 29517 29777
97 36190 36191 12549 12480
98 46038 31818 31644 25587 32982
99 55606 37263 47984 55264 55594
100 7355 7865 59551 39745 32062
101 56438 55242 56436 55239
102 48998 24998 8988 25216
103 29744 37916 14743 14915 33986 29760 1473 14187
104 45712 40003 33089 34880 45978
105 40009 53101 53322 34416 43651
106 23537 22525 15468 24195
107 43129 46264 35989 45821 36011
108 17174 19185
109 15664 16887 15772 16059 32377 1702 1835 2016 1703 15575 15825 2002
110 30479 22580 32342 8459
111 52850 58763 54689 56476 59151 59153 5589
112 23598 12373 45116 24635
113 60646 11809 25561 39464
114 59203 17915 17914 17913
115 21996 39845 39801 57924
116 31270 52129 29062 58392
117 35316 24907 35317 22601 60623
118 61774 31178 30324 61773
119 7306 34279 34927 59668 48108 9099
120 8539
121 47245 36126 36247 50674
122 38901 57588 37625 55462
123 34510 3773 41014
124 13306 21356
125 23026 58655 7688 50263 16503 17540 54821 31513
126 34841 42744 50875 59895
127 39925 39836 40022 20093 31854 43095 11406 15801 20120 43027 43094 43089
128 6668 51762 51829 52527
129 29456 29812 34626 62546 29637
130 4219 36890 31008 48656
131 30811 30822 30828 30712
132 38155 31654 47372
133 27479 27450 6374 5337 51235 13173 28862 33119 41410 41411
134 33180 31968 32309 32069
135 30755 14760 33902
136 1606 36607 32082 33484 38691
137 41579 41726 41587 14488 43109
138 16794 17276 17140 26558
139 47579 44909
140 57787 50834 50595 59231
141 38141 56950 56948 55548
142 37391 38099 35606 37856
143 58304 60515 58312 56118 38667 57090
144 11774 40779 37669 40781
145 185 1222 62249 1246
146 10452 25223 10630 29698 25795 8921 10445 9939 44311 10890 31951 31668
147 3729 12253 16244 3146 34484 39618 60751 60785
148 35966 38268 38302 38896 38491 37457
149 31567 59697 1052 46195
150 50818 1953 5819 33114 787 33507 32534 46335 13494 32637 43134 31804
151 19675 30053 45467 36001 30113 33909 72 31581 32561
152 19710 19789 31996 20144
153 54271 28001 2795 52302 15284 57679 56047 52271
154 28702 56861 55497 57155
155 31115 34434 48104 60675
156 54755 39309 39308
157 24400 23365 25771 23369 23368 23502
158 16237 18128 17168 19007
159 5030 18095 15606 18096
160 47440 34955 52700 38874
161 23236 14521 14220 14225 41057 43449 42227
162 24826 23826 22350 25469 22974
163 20051 20544 17330 20476
164 4886 5507 30912 12314 5068 8355 2332 46255
165 31835 31931 31736 58477 31932 47964 32930 32931 32481
166 22881 5510 44210 22218 18991 24221 11801 21546 4755 4771 59411 60419
167 55104 47832 36330 55105
168 11816 24738 43514 36946
169 45519 14443 60903 1341
170 51398 23938 62181 60034
171 44647 1225 17424 54630 31104 42045 17685 45410
172 56241 42454 39382 43290
173 59545 34719 59549 12749 3211 59878
174 24232 9563 9221 5372
175 28754 11082 2088 7384 7680 58148 11270 39906 22275 33120 40525 11040
176 53641 43293 14862 40334
177 10457 31733 33049 49489 32805 30147 44178 60174 2886 14772 58618
178 29821 55328 10387 29661 8518
179 58768 58836 61783 58435
180 55474 57812 10575 39759 55475
181 62150 15885 6665 15615
182 35425 62065 61148 61254 35697
183 13727 41121 57381 42341 42340 40524 57864 42342 41384
184 40631 21375 21718 16179 26262
185 39191 34185 36377 35905 43051
186 32667 7137 33618 28675 7588 34856 19850 48756
187 56301 54994 56559 57463 50295 14633 56837
188 20181 26704 20893 19511
189 4469 33245 42295 50430
190 14289 29614 55968 30628 37251 29815 51214 46468 29691
191 53475 44204 42313 40386
192 24463 60281 45735 23931
193 31361 26929 19298 21520
194 16758 19711 17027 18185
195 41932 54315 39819 42570 53352 32955 10787 42567
196 1988 2057 10550 27648 1766 28197 28181 1736
197 15250 47600 21225 48793
198 28098 36950 35498 36786
199 8063 43202 54168 22760 44352 37167 24298 44105 6056 53360 25462 25411 7466 53927 24358 30843 53036 53067
200 28248 519 379 384 21760 21794 21766 28342 473 32777 15875 306 15598 15876 16141 289 15797 297 495
201 62193 62057 17642 53626
202 8256 24388 1710 7455 8258 5194 11158 22589 24933 51462 22256
203 22143 9905 22287 22248 24742 22343 22142 9408
204 9244 8376 9716 9424 49075 49028 48863 49029
205 23875 25269 23506 19276 16593 22555
206 56314 43588 38303 34376 55808 37459 14728 59925
207 22558 49551 38328 24184 49404 53672 22762
208 20584 18423 5583 18888
209 50245 33979 33749 55511
210 16763 27059 43207 46282 20120 54197 17419 58064 58067 33459 26764 32769 26175 17031 16964 14221 17193 54284 41055 53991
211 35831 38465 35828 2615
212 24065 6544 5032 46039
213 22253 47985 23238 9068 22636 18075 18093 21245 27192 46471 12517 25518
214 49857 49945 55940 36422
215 19802 6856 15942 18527 18447 16121 18251
216 8201 8200
217 757 48577 25864 25538
218 22018 23442 28304 26958
219 46747 46013 46048 46431
220 20365 20842 20838 20850 20831
221 34444 14629 40113 44052
222 48607
223 49361 50820 56998 57117
224 26735 26741 26740 30733
225 6946 45498 45870 6900 23360 39682 33784
226 34487 37024 50134 36855
227 48859 43070 9390 8577
228 34340 58155 47460 1078 32994 57642 29626 41894 35888 1567 3996 17205 47939 39811 36619 35266
229 39851 44591 58384 41783
230 41142 35265 47435 42190 37925 42819
231 21167 18038 20969 50160
232 38067 53584 12625 40166 39198 40269
233 40592 40601 17683 44739 32106 40390 40614
234 53044 9402 15100 33047 50817 31838 54622 53096
235 11989 49767 52696 60779 3268 8638
236 43102 36137 36997
237 31615 10717 10508 58753 55125 10703
238 38648 62700 35337 40365
239 15569 28217 2735 2087 31573 28249
240 1482 13498 18974 17543
241 10343 54825 23694 55820 5155 48757 23456
242 35169 30262 31345 10854 35277 10853 11442 10791
243 23361 29666 26543 29283 3999 8486 51863 9964 29667 29278 4092 42470
244 5013 27809 52288 55695 44287 6400 4262 25570
245 31429 22911 31500 1716
246 35237 61643 36834 61889
247 18246 49040 18288 17846 30780 18248 5997 34051 6027 32573
248 53318 50421 50371 23068
249 26650 54942 26995 26976
250 55909 58088 12776 56523 49279 48396
251 9171 8796 23933 24130
252 19496 19472 6994 19495
253 34188 34189 34322
254 43225 22329 23458 42533
255 54364 37537 50901 38994 44195 44188 43591 54042
256 11592 15964 15713
257 39610 29945 17070 2666 11469
258 28944 33387 15944 50734 15399
259 42191 42783 48110 43475 48058 43476 47998 41949 888
260 29247 9456 24977 25715
261 31072 4361 34087 31059
262 10055 61714 12936 23266 22208 52808
263 14918 14449 39640 50763 40333
264 60333 60042 16274 31473 51748 57922
265 50113 59342 55992 55722
266 1749 1929 2197 2080
267 672 19659 6559 22675 25783 16451 31238 18493
268 2331 33452 32044 53649 32223 41806
269 58416 39483 40488 39369
270 46842 46866 34608 46846 34618 46852 46855 46841 34610 46847 46849 34609 46845 45499
271 57123 54733 57550 56235 60973 60331
272 52350 52360 52637 13642 51248
273 38316 57921 54776 46402
274 38094 4071 28853 15692 4084 4039 60431 39190
275 55087 59032 20139 50105
276 16261 39981 20319 18052
277 4404 1438 42436 4424
278 1569 5125 50751 56956 47802 56228 29551 31383 55494 26876 21437 62606 4934 5910
279 38557 49324 61693 60994
280 48516 42943 58049 13034
281 41368 4036 42941 40937
282 35575 23897 6902 30626 48509 33966
283 4515 4486 36782 45500
284 16879 39892 50138 32796 17437 42889
285 39786 43033 44083 41083
286 10155 7736 8547 7175 8810 8088 6982 4806 11021 32451 10144 8808 7286 6925 49185 33425 9318 7556 24701 5666 9591 10235 9324 8597
287 46470 45557 55670 45774 53368 45139 46268
288 3161 15126 48517 60916
289 23452 5530 24102 24971 23432 24281 24882
290 10611 4600 10759 11339
291 56371 38585 13605 56760
292 16804 17141 16485 16511
293 51050 28647 29284 31099
294 58233 58268 58368 58272 55273
295 2077 588 586 31995
296 59014 42674 39307 53002 12860
297 23658 15770 34560 27916
298 58977 61011 4143 59780 58958 53314 54506 58976 55357 54873
299 23877 7257 7098 23353 2254 8246
300 23408 7453 23280 62171
301 31865 53004 21469 45657 39303 31628 26035 26033 33325
302 3212 47182 47183 38684 49461 49396 49395 38400 49312
303 23150 22407
304 56443 54706 55932 28572 49604 12150 23927 35359
305 18593 19223 9373 58156 55975 8907 7712 18627
306 58583 30331 33847
307 39713 55484 60344 60338
308 16309 11991 61094 45148
309 19206 19743 16926 18261 24434 3918 17776 20038 16914
310 36188 52973 36189
311 2116 4412 18803 30510 19664
312 8692 21041 11939 11080
313 62477 34942 34944 62549 62551 62553 62550 61414
314 36037 36038 47464
315 4009 38094 47777 59073
316 51492 41349 21034 6584 17265 17206 16271 4882
317 38080 39925 3334 36565
318 1789 34318 29072 51729 6623 2899 11923
319 43246 39329 57708 4120 43271 13186
320 16439 21401 32569 6260 45443 23971 33051 15322 18724 20668 31802 21904 19448
321 51604 8963 45079 39820
322 41069 57345 58613 58072
323 54359 54361 53007 53818 53477 53808 50785 52836
324 41588 40981 41036 14089
325 4041 36061 5212 36021
326 39385 20454 20949 39392
327 17995 56243 56216 56225
328 54358 53993 47514 54352 43563 50735 54350 54670 54273 50425
329 25678 49159 9897 22604
330 4704 24395 5628 24157
331 21555 34578 18765 34580 38375 34063
332 54559 39099 39102 36281
333 35298 45916 35338 59783
334 56126 60263 14829 12955 35787
335 35969 23955 13888 37213
336 30942
337 56776 56775 54992 56779 56778
338 61943 59343 1181
339 34649 33619 36664 3336
340 10945 35260 2459 1013 1017 30070 53639 30155 35002
341 10058 29704 11391 20194 29266 11381 7772 9102 27061 16249 29662 21184
342 56267 14275 14968 60369 14182 61453 57814 59755 58830 56284 59760 14276 58837
343 19828 11902 38047 38147
344 13022 39176 50201 50621 38381 62390 50620 57161
345 24167 12808 8378 9136
346 37344 47013 37556 37149
347 20448 51285 17648 18923 20836 16890 20943 23787 16731 20835 24030 23541
348 28397 48975 28357 11467
349 56873 4123 38782 58381 58899 46446 38271
350 47006 15009 56333
351 55209 35345 35112 35554 57108 39404 37250
352 34534 60235 59659 34370 50260 34558
353 32492 23282 33510 29838 2658
354 41226 13647 13586 41208
355 7074 22185 48976 31589 43510
356 28077 13989 2195
357 3174 47574 47628 30751
358 27478 3825 11060 61797 20015 61785 10404
359 11842 47389 22433 24060 24350
360 11936 36098 49691 35996 40763 76 35995
361 15549 8733 51406 45110
362 27455 19634 29465 42644
363 38436 16196 16195 48583
364 43262 39769 14588 43263
365 54935 55357 55009 19285
366 19421 58069 30039 19548
367 32869 8271 48903 24093
368 33856 4984 34679 46574 34242
369 42797 59255 42527 42796
370 3585 43941 54363
371 19202 12156 12154 12153
372 40278 24154 61858 25802 49451
373 5514 20708 11394 24252 24257
374 38646 34953 37404 1278
375 43244 14144 34456 53549
376 18186 20282 18990 17179 58924
377 17147 19856 17217
378 43020 43414 46624
379 25285 10949 25286 25303
380 45083 6361 855 15628
381 31375 24681 4621 24682 9633 15449 19351 5022 12328 45264 22221 5229 30139 28797 31403 31412 15368 28801 5300 23422
382 10533 61647 10519
383 30865
384 31531 32262 28775
385 21481 14087 14222 14214 14199
386 34602 11972 45678 12078 11963 32303 44761
387 32410 31881 32416 31704 18844 32648 18809 48561
388 18168 7452 39939 39295
389 17872 22256 17988 19965 20182
390 47541 52343 39441 52342 47487 40205 38254 38253
391 52448 2700 2576 53452 60877 43374 30360
392 47082 45626 45625 45487
393 1638 1639 16282 21419
394 40582 41540 42544 39643
395 46176 3840 19348 16135 36212 52208 52474
396 44844 26324 2113 2131
397 36843 5479 39400
398 16836 29669 18290 30553
399 52044 51581 51582 51871
400 57209 11308
401 15275 21144 27574 47493 32220 26273 33103 20892 49749 47490 4614 44554 47168
402 47243 48973 10324 20915 28574 33519
403 46381 50717 12946 43349 5957 18866 43331 19462 10800 11525 18007
404 41620 2822 1545 2823
405 52913 57420 60413 57419 58106
406 45719 16290 13304 56240 5234 15444 36123 25944 55852 45672 5992 14944
407 18689 21699 49180 7418 15221 21477 42983 20661
408 60610 56124 58358 58360 59697
409 26695 20316 5432 15292 59323 23148
410 9468 31797 9467 29366
411 5233 17663 44116 18054 24098 17548 56014
412 55802 39020 50873 50723 56846
413 47774 21239 40136 39361
414 3434 22365 48509 60783 50423 50116 39710 55123
415 4858 30154 17388 18209
416 33642 3925 58592 4468 3926 53271 60984
417 18926 27136 26981 17366 29598
418 17350 18827 18811 18801 22326 30818 18799
419 41950 35577 48082 43192
420 47161 818 12969 38450 32447 32580 15383
421 57027 56863 57972 38755
422 12259 12104 45042 12225
423 21888 1470 45907 50542 31640 31970 39574 58691
424 1338 36457 56246 50037 47336 60347 3703 56388
425 47568 27775 19932 20688 15067
426 26231 26230 20455 20896
427 20038 20765 19989 20764 19990 20767 18016 20424
428 55991 59327 60048 59326
429 33059 49923 13072 39228 42815 10696 12984 32412 33224 39360
430 39588 53434 54587 39584
431 58490 50814 40975 50778
432 41021 6484 40573 58829 31512
433 21659 56768 33537 33515
434 5425 59667 4882 27700 27625 49505 5481
435 46229 13257 13256 14577
436 35223 50106 14668 47438 56225 36136 44535 40984
437 13210 28953 36856 39143
438 23076 23078 46178
439 31199 29627 31198 20644
440 23923 7558 25842
441 20208 15990 18014 45019
442 41797 44248 7083 14955
443 34631 57177 34312 57194
444 54008 11248 15245
445 53781 36269 54536 39457
446 5576 5575 45070 44997 22481
447 37685 49641 49477 39814
448 23529 17706 32135 58336
449 13802 12800 39728 44385 54245 44383 40362 54266 14434
450 43531 43533 38875 43542 43898 43891 41549 43889
451 57788 1422 60337 38011
452 24484 23272 24863 24692
453 17785 4397 48508 51066 34384 50725
454 11112 26178 17749 16495
455 14929 59070 54096 58841 40601 41424 54097
456 40322 40321 40319
457 83 41397 29094 98
458 22608 24608 7024 8404 22601
459 12773 13377 38609
460 18468 18610 4338 19010 20800 18620
461 37177 10043 8039 61149 9532 9288
462 24518 24746 24247 24633
463 221 61756 3275 60722 62309
464 15590 16003 15928 18132
465 9081 24513 20771 17567 17501 8419 9327
466 5605 26998 8765 21730
467 34524 46071 9474 9033
468 48910 18442 45234 18441 7630 12327
469 45000 39233 40647 38958
470 30863 24268
471 2638 30117 11452 6093
472 22908 22907 22905 22909
473 6339 6512 19923 863
474 61930 12832 61928 62125
475 15247 62288 5201 46580 2240 31186
476 38715 36564 45921 5055 38182 7694 22724 36346 43691 36194 36732
477 14901 40320 41904 42059
478 6008 30536 1944 32090 6947
479 19114 61710 4808 33412
480 28642 31568 2461 2478 32274 56264 30700 57878
481 13100 42929 42534 44770
482 61966 59080 56881 14103
483 61660 61791
484 48591 48596 39066 48592 39065 12731 39250 52114 36143 52149
485 11642 15643 15456
486 19796 27140 20885 20985
487 44500 20675 40648 44499
488 18318 18317 34620 16524 16786 16523 25339 34654
489 1320 56569 41399 56086 41555 48213 56298
490 2188 2193 30259 31164
491 5892 12966 50024 38791 50023 12968 5514
492 16964 17190 4888 17384
493 46213 13236 25083 36380
494 29956 16168 27357 29967 21717
495 27904 27854 6043 30260
496 5400 17754 17719 51225
497 43439 38219 29571 58918 39005 29578 44435
498 53913 38737 10795 47389
499 52446 51507 52542 31414
500 461 33124 17099 27558
501 37076 50241 41590 41575
502 8068 16129
503 13681 27452 27381 13680
504 34426 27105 34062 48518
505 35657 14022 43326 57076
506 48478 28603 48546 4381
507 41326 41742 20389
508 17117 18517 33430 47138
509 9232 15535 23062 15387
510 27941 16622 15224 17089 935 20433
511 30473 30037 48484 10940 2906 2403 3078 2516 4362
512 54220 619 42406
513 42087 39038 42005 42261 38979
514 50013 30668 26091 50487 50159
515 26485 18178 53919 42351 18335 52953 21528
516 32126 31984 32129 32510 51796 32191 32103 32511
517 43832 20155 57516 47747
518 33472 30842 380 30984
519 2158 21393 2142 2160
520 59536 56624 59702 36391
521 57796 39040 26151 31510
522 15755 17901 15717 19547 19951 15949
523 57134 55804 3469 60359 3470 3241
524 57977 40070 41667 55070
525 20640 20641 20642 31300
526 59872 57869 14282 13290 62536
527 8852 17493 18142 7764 8438 31748
528 13664 41621 13634 44236
529 24492 13550 62470 62499
530 24749 9713 23153 22376
531 58418 59344 57983 54072
532 11424 21772 8044 21771
533 29505 52240 24491 23478 24329 25043 29411 29420 29462 29461 29577 52488 27913 52327 29457
534 46490 2896 2638 30303
535 49601 55295 22617 37662
536 61467 62386 61272 61080 59557
537 1696 22692 6168 6175 6167 22756 22727 23189
538 34613 42992 43518 41999
539 35954 40597 50468 50408
540 33924 55026 55829 48465 56835 13651 55836 13621
541 4265 27219 26193 47582 27220 20038 20040
542 20074 20785 11084 20073 28006
543 14935 31900 31933 32240
544 52881 8383 53661 8460 44823 44855
545 10994 28848
546 36977 4606 52994 39317
547 2708 10069 6299 2640 36252
548 16774 32381 31884 32830 31869 32893
549 47967 30145 21661 56390 47936 19872 27085 47937 53179 47898 48426 20046
550 28684 19029 43509 4585
551 28269 6621 15555 29236
552 42421 44718 4573 4570 42714 58970
553 62517 62559 62428 55071
554 5842 769 29540 47720
555 25395 23731 48842 6007
556 31017 50769 51047 36645
557 7951 9410 6963 7874 47104
558 32297 29866 29902 2316
559 43405 61634 28856 43403 36167 37999 43416
560 30349 50917 46326 42437 43477 59403 23373
561 37314 47265 28566 35549
562 18222 27251 20218 59447
563 50762 58721 59881 31986 58720 48346 50679
564 7194 24771 7207 53655
565 14385 22741 13534 14216
566 21841 59342 18173 18422 32816 21384 478 20095
567 30969 21165 46733 21164
568 27124 45283 43205
569 14317 13405 42555 43126 13834
570 41041 15739 28987
571 12445 39778 12681 43402
572 25529 48912 23475 25681
573 28766 61666 27514 48016
574 53005 6146 53158 23894
575 7090 52661 32884 57722 51646 60080 4872 43719 23642 14435 10389 23219 13088 10382 23945
576 4251 12857 61139 61137 40026 61764 29861 2336
577 38551 59649 59476 60016 59491 36488 36492 4109
578 26872 19766
579 49367 49262 52526 37790 37022 43913 32436 38170
580 2626 23404 23292 2725 51019 1990 38378 51018 34854 40237
581 46988 47171 49806 49802
582 25215 61540 8283
583 36115 36819 39118 48644
584 29154 27813 26125 27806 62031 30372 23216
585 3554 4710 49353 23726
586 58601 59443 3582 8372 57978 13807 49740 57982
587 31540 10617 31579 31546
588 33176 33177
589 38356 47421 48597 48471
590 61414 61679 48402 61467
591 40313 54033 39896 43616 40855 14326 43125 54074
592 13572 57213 37555 50010 3981 37553 12840 12467
593 11204 2812 11294 11185
594 8698 25995 8833 25512
595 6069 28417 3119 5437
596 8467 21645 26686 132 32618 5114 18975
597 56937 56721 55079 56325 55276 33739
598 55066 18884 55058 3754
599 36616 39184 53833 37897
600 30669 14584 7709 55523 33028 21216 52066 42287 39670
601 1658 37475 37481 2354
602 25588 45463 45432 28858
603 47408 34913 8894 8895
604 15288 59024 15181 52876 45801 39252 39864 14529 45095 11875
605 31462 31436 17899 19650 31868
606 17885 17903 17957 19286
607 40148 25072 41359 39827
608 8023 9455 8021 8019 892
609 62196
610 61231 1599 3424 21459 19242 42614 26599 56624 21663 1619 52760 3314
611 49170 8411 9591 25448
612 51553 15243 24852 15291 29441 53985 52485 4909 25633 9749 32684 4470 15262
613 19159 27551 23969 7872 15145
614 21469 26377 18868 60338 58903 26290 21573
615 26856 27048
616 22857 14044 37684 22267 25130 34378
617 27537 20546 18072 20384
618 61638 47430 47376 60768
619 15832 15814 23670
620 36959 34145 61522 25584
621 8022 45476 62420 20184 17559 19230 31431 17596
622 47114 45792 27353 21942
623 62240 39201 61111 62046
624 58508 58469 36244 50742
625 40844 49317 12543 37786
626 55582 50812 47889 48240 3542 57300 38255 56961
627 38256 40641 60694 13785 4273
628 40043 54916 14998 57706 60254 56568
629 35012 35014 35013 34994
630 33111 61466 38466 37509 31676 61515 49397 49264
631 16014 15690 32260 33290 33210 33046 32049 33076 33062 28238
632 42118 46263 9545 9546
633 61567 60754 19407 19406
634 3476 55020 59710 59059 55028 55835 57040 60448 57034 3474 60605
635 56352 35390 33 14366
636 23917 50931 50686 36706
637 60537 12863 60523
638 35667 47454 4253 1066
639 40615 43066 15488 43029 42431 44561 43118 42430
640 31826 32055 3048 32908 32089 32059
641 59034 21325 17341 10451
642 47086 46982 29033 2508 47553 3003
643 8974 24085 24437 5267
644 21889 34589 36303 37878
645 21811 50043 21757 28299
646 29109 43301 13113 62512
647 19534 34302 21544 27451 19231 16902 19737 18179 20215 19623
648 29267 6541 28187 28188 47186 15566 47200 15733 15841
649 9125 9207 16076 46698 11217 9096
650 31162 31293 6416
651 56918 60473 60063 49872
652 46340 36419 45685 34616
653 5188 33168 37846 4841
654 5779 32242 29582 50214
655 21234 18808 19822 17007
656 6359 545 32121
657 20042 36245 18793 26263
658 50315 50504 31054 31005
659 62060 38475 37726 40605
660 50858 39611 56317 47343
661 34802 1185 49636 49758
662 1167 17603 18513 7923 57343 44678 7921 44510 40361 19944
663 54766 62540 37951 55493
664 60026 61137 3137 40654 4222 13777 58111 56010 51811 58407 14259
665 30038 3288 30231 2543
666 25496 46977 38858 46345
667 13182 58545 35743 35142 41015 42267 35312 44452 36093 58484 58880
668 13935 50340 60262 3414
669 58658 3695 3396 4001
670 52807 24274 1419 4026 3595
671 22758 22759 19723 23397 23241
672 6679 6614 60732 34347 30052
673 3774 59992 38522 45989
674 8907 1773 8905
675 16401 18401 16703 19475
676 38479 37793 37439 38441
677 27068 11052 26420 26649 11169 14043 26651 14048 21519 19435 26120 4028
678 50326 1366 55035 35979
679 27989 46253 789 783
680 7079 24911 7240 51185
681 59976
682 57936 3711 57944 3466
683 33636 33638 33633 33634 33639 33683 33635 33631 33687 37206 33632 34425 35681 34430 18727 18728
684 16222 19161 16239 32224
685 6128 6143 28528 5358
686 33630 33634
687 18613 12014 9682 24759 16928
688 31170 162
689 256
690 44603 46098 42278 47494
691 38639 59872 58883 57582
692 38760 61474 61892 42483 42484 38942
693 33436 23426 15807 51675 52145 15381 57882 28657 56331 54081 52679 32738 16074 52650 6050 52008 12533 40692 23497 52607 40261 15132 51575 23418 51451 56332 51226 8538 32739 51200 54600 4922 6292 40262 23425 12534 41741
694 42684 10782 53623 44394 10798 53669 38250 40788
695 57506 41986 55593 41225 49516 57132 55557 52817 53627 35121 14139 41383 53555 53803 58113 57486 52851 41985 53840 48694 48705 57766 62216 57527 53737 23613 53805 56963
696 34422 46120 35726 15264
697 21758 28307 61723 10660
698 15336 27520 11252 11251
699 1387 30195 30126 30034 50650
700 1158 60635 35111 62658
701 57973 14559 56244 36453
702 10015 2642 8070 9093 26708 20564 30157 9870
703 43861 53607 13355 39510
704 41934 47240 12191 4542
705 4542 35954 27595
706 59484 57150 58012 59501 55660 55837 42791 44630 56007 59485 59478 56093 42721
707 45882 35600 43848 36234 47282
708 21209 61593 50589 56946
709 56419 20563 32128 32127
710 3179 22323 53647 36515 59905
711 18881 2668 21200 26749 27468 60376 52806 5488 19256
712 36398 38484 37814
713 61364 7800 1891 36929 14258
714 21182 18080 20290 17865 20625 21183 20380 20627 21797 14844 21205
715 1426 5936 25191 35244
716 37300 44282 59306 20880 54690 13496
717 55375 55749 21289 21386 26783 14951 17703 9350 53557 21286 11811 26153
718 27491 27490 4336 22048
719 43116 57625 43112 43113 43115 58705 30947 37506 58709 59616
720 7903 25947 48882 10365 48789 9079 8336
721 59393 59397 59396
722 21447 31898 19866 26593
723 33542 25 33540
724 38943 12908 50605 36863
725 45154 61753 11825
726 48988 48989 48870 32196
727 38843 40977 30851
728 19466 23872 20961 7722 57282
729 43678 15611 39957 57920 12358 41457 39906
730 23224 57047 23988 23223
731 19881 18092 21016 17969
732 25968 11030 24902
733 49079 42926 40235 3765
734 10866 2199 36514 60693 30480 10919
735 38652 29806 3447 2546
736 1100 61646 30889 30902
737 23557 23855 31392 45106
738 26834 19487 47185 19131 41055 20861 26923 19368
739 8491 22404 30829 49146 9641
740 54817 41358 39502 31061 40465 39648 60731
741 9143 8746 7888 9353
742 45949 24032 5825 24500 31387 46818 5754 24179
743 7525 11207 24365 9329
744 58518 58743 58744 59290
745 25669 25662 25980 25981 25667 25973 34831 36719 25661 25664 25113 25659 25977 25110 25668
746 53676 61931 7786
747 57879 4549 59937 50826
748 32588 57358 47154 13122
749 58324 55020 55460 56968 58321 56373 38142 56518 56622 37778 38872
750 32022 57154 50486 59847 57792
751 16860 48679 48681 57799 48680 16858 17655
752 46297 37425 36308
753 9484 9568 14986 10390
754 60421 45594 6240 22550 35627 36035 48051
755 34929 59019 39268 59601
756 52840 2034 49044 2031 7301 43379 1713 52121
757 36906 36313 37468 35439
758 9162 27822 7999 32987 11654 1016
759 37909 8504 8568
760 57922 4545 56589 18410 55627 60368
761 27480 21588 27470 15255
762 41757 44657 57368 12865
763 60930 18061 16228 16211 33244 56705 16354
764 36714 45310 31117 61137
765 10513 30400 56634 32736
766 6965 23288 23536 22637 2401 61139 7430
767 29908 34035 34958
768 47940 24648 22383 24649
769 31052 13930 14478 14480 43817 45911 14296 43541 14295 13335 46929 42749
770 54010 40055 54008 57017 49535 58238 54026 40395
771 34300 57077 28467 46702
772 10987 16381 11000
773 53116 54605 43187 53046 43653 42387 26768 54596 53048 41585 60812 43857
774 36800 1042 10794
775 62079
776 58467 58470 50714 50109 3118 50712
777 32530 158
778 16680 20164 60681 17279 26559
779 31327 56442 34256 31185
780 13618 39222 56527 42011
781 53117 33008 11188 11191 32549 11214 1242
782 9740 45571 43564
783 7849 31073 33108 1539
784 18058 5784 18020 16239 19510 15269
785 30010 27921 51335 24015 25507 35875 22613 24258 53378 2488 51490 2726 29960
786 10918 28819 11902 12226 12214
787 16924 50768 61769 19481
788 56799 56676 55890 56633 56736
789 16055 22660 55995 26719
790 13390 59014 13287 58629
791 49039 36790 6510 60532
792 1538 4418
793 16626 21731 57924 23072
794 62131 39405 41497 61930 35807
795 21801 21813
796 45256 12301 45071 20758
797 34881 4475 53699 31073
798 50417 38304 37465 37297
799 45166 8375 10218 18601
800 55949 55604 58612 44525 54812
801 53544 54578 53436 47425 53537 53545 58982
802 37631 22066 55251 17874 58881 55250 54993 57241
803 53148 12947 59183 60889 42126 39615 12876 43319 13203 43258
804 22651 27577 8723 24631 32939 52411 32249
805 37438 31042 3155 45230
806 26240 27253 20742 18082 26169
807 42575 42572
808 34899 22032 1348 34887 34901
809 40367 13900 14656 13646
810 30761
811 42522 31263 31304
812 34187 4496 38654 31008
813 42235 1055 37730 14245 38227
814 817 582 31660 12289
815 37709 35773 37368 26823
816 40473 54010 40470 43729 42468
817 37541 36633 8458
818 6380 54008 10567 31320
819 49037 8825 2667
820 56895 57548 56894 50354
821 11413 1006 53293 11352 11733 11773 55215 10757 11726 8598 52832 22817 51395 11108 1019 11458 11416 11066 56130 11684 7368 22754 23641 11428 11771 719 53296 57242 11359 11057 8382 24654 11770
822 62177 59698 56295 54292
823 37818 1516 48103 7822 62525 47855
824 41820 54458 12884 44346
825 6745 7843 27701 37965 15640 21406 26065
826 36598 43565 43546 21344
827 42975 14891 44022 43989 14834 48502 44642 14823 44024 15025
828 50853 54561 62488 54111
829 8991 45112 49107 24337 1660 27850
830 29679 35718 37011
831 20760 18036 20830 20916
832 16188 30864 11662 8011
833 3625 56241 44224 12797
834 10248 3083 25163 1892
835 15146 27748 36996 27798 27781
836 49112 20931 28851 11199
837 54197 54422 44663 54409
838 17429 16549 16458 32238 16889 50751
839 48180 48126 48078 58146
840 1235 18968 20950 19955
841 21275 55 9865 21274
842 14602 57430 41641 40462
843 26018 25982 25978 25979
844 36597 45142 37523 12238 12039 34661
845 1777 24125 25477 32404 49519 49388 54707
846 47145 34036 45763 26693 46553 21639 46436
847 25147 27299 23774 21654 26320
848 50716 12184 59989 45237 55560 2407 1662 62273 12143 3023 21827 569 17395 56492 50313 11380 679 36796 652 57489 57371 23065 38717 272 47092 6280 16568
849 52632 45105 7732 12195
850 22000 21059 25844 27812 19785
851 14550 16820 1590 57454
852 47954 35573 38494 50837 3752 49408 49378 40000 12759
853 23983 14561 7243 14286 13081 22609 25008 2198 7159 10170 39374 31765 39523 13871 31488 14120
854 39296 38389 47443 39377
855 47230 25849 50089 46320 43887 45772 6249 6271 46321 62425
856 43140 21342 21323 41546
857 41261 30723 42750 44126
858 24432 24431 24577 24568
859 35961 37692 59043 18731 38443
860 39894 40091 54601 48452
861 44586 53534 54574 53009
862 23939 24689 7873 25101
863 23571 33018 9759 42131
864 21255 15086 4757 15158 15089 55651 4753 55956 21254 53648 6655 56598
865 16158 39716 43385 44533 12830 33823 27532 32368 34177 13046
866 48509 22335 39124
867 48613 50724 13709 55104 1384 12950 37531 1219
868 39465 52277 43517 52538
869 21171 20003 22084 3962
870 45967 39506 29319 29309 16149 39846 16150 12919
871 40868 27604 13147 50262 31515
872 29719 29533 42690 29721 29727 29459 50974
873 21381 17499 22029 11487
874 12810 41872 43041 41281
875 62498 43961 36022 62538 41983 62423 21563 50575
876 28461 9333
877 33377 9556 9701 27125
878 29193 31323 31294 30302
879 61638 61897 5034 5585
880 46936 46935 46810 47209
881 61623 61927 28969
882 62342 61521 61473 61472
883 13544 1228 13417 23306 14099 44583
884 48116 57356 54853 47271
885 7760 20380 20485 19786 22075
886 361 780 25729 9742 25316 32985
887 452 33356 447 32834
888 9295 29660 29404 29418 5647 29611 9159 29466 29386 29595 29500 10238
889 35094 61287 31811 60257 49486 31812
890 60642 60654 60650 48381 60655
891 16256 19073 33900
892 30394 30350 30373 30388
893 19352 15970 29269 16020
894 60400 36838 37221 36737
895 4072 50122 24380 31408 59061 34223 40163 4119
896 22342 22748 25491 25175
897 24361 24460 24462 31084
898 38222 35499 33911 33912
899 60874 49431 62681 55086
900 22050 21967 21978 39135 38797 38238 22069 38178 21971 22053 21969 22070 39134 39169 38796
901 3932 4097 40798 60383
902 47235 27997 46612 27935 30466 27977
903 3486 54148 39231 38458
904 60092 60600 48331 55448 60601
905 21436 57989 26410 27053 58003
906 45700 35536 35535 45699 45595 38080 40664 1568
907 44243 13285 14061 42349 13286
908 455 11554 516 364 645
909 41588 41721 39595 15995
910 5548 22110 30743 11078 30744 30021
911 51416 31281 31240 15899
912 46697 46353 14953 6979
913 35702 14664 43978 14805
914 34188 34317 47807
915 2235 60690 29971 6159
916 21066 20789 20970 20971
917 4567 11182 18062 17958
918 26642 26915 34092 26916
919 56451 41567 43305 56566
920 14334 14880 41892 39722 7363 41418 41415 14976 13093 12994 41207
921 33954 34816 23974 47587 20524 53103 25251
922 62179 205 36524 21901
923 35282 43146 850 47038
924 16212 57325 56557 58852 55729
925 56169 56183 56156 56165
926 4543 61485 62319 11462
927 52918 45397 45375 3263 40179
928 53022 50967 50966 24005
929 38221 57097 14830 59339 44038 39793
930 19631 34123 19420 9486
931 6218 27264 17023 26139 26177
932 13803 62049 43149 13838
933 48627 49736 48689
934 5624 13513 12716 5621 47530 774 36628 50697 6345 6756 52164 61510 37490 31380 6809 45998 45349 61501 50696
935 7695 48902 8557 8556
936 2138 19893 16652 16671
937 31534 28908 15473 15412 1759
938 28311 8838 45125 7761 7952
939 11815 57263 51126 11856 50655 61174 30493 37732 49768 54757 49760 59178
940 40231 42367 42370
941 19947 19726 19627 18182
942 16281 13770 53230 53167
943 2094 2343 2344 33351
944 55765 35239 60143 60070
945 57525 13241 55960 56554 57526
946 11102 43698 32933 32613 38336
947 3147 35900 22022 19941
948 1417 1605 38497
949 30168 36344 30033 21683
950 8461 17421 49132 1951 7374 8071
951 19728 19565 16871 16988
952 24834 8075 55545 7075
953 13242 14992 39413 41354
954 7564 20087 49963 49889 9968 49964 22643 22698
955 18953 17086 10713 18980 10665
956 24421 7706 41112 22658 7681 23832 9696 8015
957 34612 34459 62248 44569
958 3544 53186 3499 48157
959 13074 14903 1470 46101 34490 12031 46770
960 25751 10352 45805 8362
961 16028 23650 11534 47572
962 1224 36691 1231 62618
963 54999
964 45504 1682
965 27745 32448 10323 8767 11307
966 3093 32876 55907 55112
967 43427 13024 43492 13023
968 43577 2912 4684 42411
969 4479 48436 48633
970 49054 10162 10161 23042
971 1109 1265 50375 55213
972 28879 48125 61412 9526 51787 52454 5809 6713 61411
973 6813 31029 2263 18967
974 20271 27395 8395 20344
975 16169 21570 21626 21704
976 33108 23100 47883 34349
977 14581 12834 13691 58192
978 32775 32841 33464 32288 48959
979 23895 26217 35435 26226
980 44502 27314 52367 26099 26098 51345
981 10671 7010 22427 48541 22601
982 9156 9994 8361 8795
983 58128 52104 51518 38912 52150 52143 51315 52554 52188 48546
984 280 61396 61600 12484
985 54258 35838 44914 51752 49667 17158 27475 44897 17285 17588 54628 53178
986 3623 57262 56652 59380
987 54720 2945 46730 59819
988 196 11947 6559 6304 603 46401
989 16229 18563 7621 8133
990 47377 3383 11822 34105 47436 45972 60760 1335
991 26707 48616 2570 20379
992 42505 34981 47485 37728 46775 50032 1108 60733 35754 50041
993 60342 1519 41228 15837
994 6365 47982 1632
995 43153 47648 42239 43701 25656 25654 25655
996 12556 37455 49718 34234
997 18838 51413 12439 4136 13000 18736 51319
998 6238 8977 30632 9177
999 57292 33949 12125 34897 53028 8516 43722
1000 277 28825 28815 36132
1001 820 3475 12269 29220 58614 58193 59238 56144 60068 49946 29736 53773 57349 58184
1002 56408 48413 37233
1003 13032 14232 25591 8723 33207 12778 25528 24715 24716 22770 8831 14131 22815 22998
1004 58808 59788 56616 21961 57306 6907 60096
1005 16737 52733 50137 50440 56627
1006 26503 26506 47619 56858
1007 50418 49888 50525 50416
1008 12257 30465 62424 30469 45181 45228 4452
1009 39338 61506 25240 41606 5888 23507
1010 6045 15798 31509 28229
1011 43118 3943 60869 41219 41960 41600
1012 11239 55169 55168 58472 22489 24818 58462 60406
1013 28402 33230 33243 36566
1014 7089 37030 2870 15199
1015 31037 60441 44740 1176
1016 15932 8132 17877 24193 53421 53403 53844 2297 53843 53842 11687
1017 6394 24006 12469 2268 6464 6317 11578 45486
1018 17329 25260 18618 22235 15221
1019 44704 58714 57032 60598 60453
1020 32326 11193 21125
1021 43206 9361 40906 40715 5028 25334 39339
1022 43383 42251 43710 42525
1023 56880 48391 19296 26648
1024 58254 4000 62295 1129 15476 35076 12546 36164
1025 24364 14546 24363 22296
1026 19968 21783 16998 108
1027 34850 33600 33849 34655 20
1028 14840 43764 50374 33450 27642 42795 20597 20253
1029 21538 26071 21702 19210 21650
1030 1106 46776 62549 1105
1031 10562 20154 20996 39921
1032 21576 25626 16183 21554 21684 26359 2620 27554 21572 34596 37025 268 27222 8182 50403
1033 16852 34310 34593 614
1034 54051 33359 33361 53318 33360 23999 53855
1035 34245 34181 34177 34180
1036 13703 13704 54600 40636 36078 13130 13131 40635 54134
1037 58005 58013 13636 13657 59593
1038 16789 3204 60307 19018
1039 35870 31073 48461 1607
1040 10597 10653 10657
1041 30967 5102 30835 46765
1042 35542 37055 38073 36746
1043 13530 14730 44628 53504
1044 52564 49796 5063 59798
1045 20909 8175
1046 7875 37451 7555 45729 25913
1047 43932 56620 50529 24217 59562 56624 23588 59431 25569 24429
1048 32238 32716 32465 31768
1049 50704 14719 47458 57921 36809
1050 16512 50860 56446 58278
1051 13771 43811 17128 28544
1052 27720 8111 48939 18474 23061
1053 34870 61545 34494 34497 34495
1054 29814 8233 29809 29291
1055 43731 41843 42244 42245
1056 6841 45278 7050 10150 52328 44362
1057 43507 44541 25234 58285 14422 4174
1058 59749 56123 59748 35158
1059 41419 62604 36318
1060 27366 35321 43058 42315
1061 20879 28311 30114 5750
1062 4377 48525 4379 4411 4535
1063 25703 25621 25752 11029
1064 49674 29199 52827 56625 38773 28170
1065 49967 46112 49950 4991
1066 2584 2670 29916 26101 26268
1067 51665 50718 22824 22823 22825 22448 52381
1068 61417 43342 3331 38577
1069 53698 938 30036 2643
1070 41119 3576 14513 13861
1071 18349 17384 8646 18260
1072 9758 10269 8149 10074 9924 33096 33398 8146
1073 47567 28589 28680 28746 28679
1074 10619 39724 57004 57923 44453 44203 44454 58292 57741 59700 41008 60344 57274 44506 57172 42183 41326 43026 41616 58368 40012 44445 39725 59708 40604
1075 32612 496 31961 15992
1076 46400 49584 46244
1077 49411 27146 14078 12757 14512
1078 47848 46392 53590 46827
1079 9786 9388 48917
1080 62419 53289 1573
1081 7512 8045 7295 7650
1082 31700 56610 3859 11624
1083 3665 32058 31811 1444
1084 4397 54621 37137 4415
1085 2569 60409 17502 30152
1086 40652 41521 23793 40441
1087 60024 29936 1551 27743 15936 21450
1088 20612 21314 20976 20614
1089 30946 6340 6968 8273 30788 30734
1090 61643 45355 55575
1091 46283 46788 36968 39133 14752 36812
1092 3815 4341 3824 3823 11749
1093 48383 3085 48382
1094 16030 16100 634 15728
1095 62687 12632 58910 12633 12628 60867 12630 12629 42810
1096 31023 49434 34061 57461
1097 12307 32728 12204 31859 12380 32560
1098 12319 51513 6018
1099 22191 7462 27825 49542
1100 35796 35797
1101 28607 30713 418 57114
1102 41916 55633 53647 41832
1103 27794 37463 15142 46011
1104 14460 17804 14198 32654 54583 27446 19569
1105 36826 35970 47982 50485
1106 31480 31479 38914 44725 52433 52458
1107 62642 18751 24156 18717
1108 33380 33077 33329 33379
1109 28314 314 15789
1110 25499 9152 25370 47166 25505 23673 30819 31972 9022 24403
1111 49807 47276 47303
1112 16225 42938 44595 41713
1113 61422 31280 31318
1114 39288 39302 60130 58619
1115 26799 31377 11210 18150 6694 31378 6594
1116 8018 7439 24439 9884
1117 4400 37461 48026 60025 57940 38820 62601 44166 34708 44412
1118 59143 37376 56526 38419 59564 57805 59562
1119 34233 53317 40910 47430
1120 20705 17211 42695 59468
1121 41967 54088 52810 14896
1122 17079 18644 27279 26773
1123 58282 32431 18466 35736
1124 24229 25079 7526 10906 2696 25440 8447 23839 48897 24483 30546 10923 7500 30543 7562 24477
1125 41752 4170 35660 44183 4172
1126 32213 52564 8474 61518
1127 11470 30181 11803 25489 32397
1128 41243 53612 41242
1129 7450 9826 48997 7449
1130 55033 59496 38678 37987 56953 57584
1131 14156 4920 5247 5080 14858 13901 14857
1132 3082 19945 20731
1133 47717 16283 25358 18319 8001 7016 24311
1134 45469 61377 47067 49820
1135 44733 40326 41109 44732 40325
1136 54362 12969 13329 41268
1137 53787 47280 44775 4384 825 664
1138 42243 43701 920 42984 49586 41852 24588 11796 41845 41850 28507 41636
1139 62690 23825 17392 59814
1140 31739 58286 32606 32878
1141 31063 35320 58953 31036
1142 30472 52373 52500 51988 52312
1143 29232 19326 28172 29235
1144 27579 11190 23915 7998 11176
1145 59175 55660 61411 41181
1146 60372 3738 46408 53583 43245
1147 58130 59195 1563 50431 50432
1148 19112 20689
1149 13220 57191 34288 58540 18720 13758 58944 61873
1150 21788 20230 32951 47512 18784 20002 56513
1151 59789 61988 46721 60087
1152 13192 5534 25622 25623
1153 62326
1154 6605 46578 14580 46025 45922 4666 48654 54166 45866 1657
1155 39980 40197 42167 39982
1156 2369 25833 15093
1157 50314 50835 59698 37691
1158 50256 35258 61005 58628 50435
1159 16857 55270 16281 20697 16869
1160 26565 15332 28639 16962
1161 32465 34101 34249 45470 45677 34404
1162 23699 46542 32983 22125 51696 51305 53120 13503 22717 53140 62419 13502 22468 1774 54175
1163 14316 57886 55827 35904
1164 62410 39126 36846 47389
1165 13917 13919 42441 44606
1166 16980 18394 17433 22072
1167 57213 54582 13036 41633 53436 55113
1168 30868
1169 40263 57553 7389 27101
1170 37613 37052 38143 39207 37605 36062 37606
1171 61303 45598 46373 46354 46214
1172 29349 52226 5572 5430 51216 4871 23379 52155 51587 45976
1173 18348 20629 28690 18239 34663 19886 47198 2140
1174 10693 32608 53094
1175 35310 47578 29472 51595 6616 60351 54520 34877 6446
1176 20959 19593 20323 16894
1177 15094 31146 45154 55873 15095 12282 11849 56924 31159 31125
1178 31482 31483
1179 52000 49666 2353 15334 35916 13941 45590
1180 48733 43908 9019 52234
1181 19394 18741 21491 20038 19370 17215 16707 21486
1182 11789 17713 17711 17563 17562 20304 17712 17561
1183 27889 6236 15732 6064 6028 5998 6002 17911 15897 16000 6048 6068 20162
1184 18184 18182 20381 27099
1185 59608 14023 56905 55105 22512
1186 25396 8543 2916 22960
1187 30877 30881 30962 7332 32843 30884
1188 39069 51898 53023 38177
1189 25639 8144 24282 23953 23341
1190 27165 29066 2144 18857 2180 39304 26415 19811
1191 8035 2708 48790
1192 9097 53785 146 61304 8905
1193 16085 15900 15493 16028
1194 34526 37252 36027
1195 10546 20872 27846 20968 2469
1196 29113 38315 61610 42040
1197 11814 21201 11344 11672 18777 11851 30718
1198 33206 32665 34099 33967 47143 33682 32092 46554 26940 31800 26629 6916
1199 39470 39634 26812 31359 60222 41556 49536 38830 40905 4417
1200 33740 58244 54892 37179
1201 32577 11299 22921 8458 11165
1202 7658 8129 7832
1203 35713 38801 8316 35865
1204 62417 62400 62502 62401
1205 25929 22720 24063
1206 48632 48597 48456 29909
1207 38724 36030 38723
1208 49090 22056 16376 18583
1209 59085 4290 30419 26026
1210 30717 30909 30209 28604
1211 10897 62038 2959 61657
1212 19624 11122 18972 20670
1213 50265 50883 36310 3657 57889 34135 34571
1214 56056 32851 48019 32442 33478 37192 1679 30225
1215 11563 11691 11698 11650
1216 17463 53490 17109 17772 61956 53487
1217 47348 45806 36365 45028
1218 2819 2967 2965 4301 30773 2828 2968 2966
1219 32514 31621 31871 32015
1220 28149 2507 5924 48414
1221 41238 41666 29014 40844 40845 41563 4206 4044
1222 11410 17163 17302 11033
1223 16463 1492 34000 41708
1224 54490 7996 27531 5172
1225 25504 23607 7939 25643 504
1226 34193 49581 50541 55626
1227 61379 60844 19405 46968
1228 11927 2884 10400 53928
1229 31916 48453 54257 39615
1230 48179 57138 60218 55480
1231 60842 30507 3477 46838
1232 36605 58379 14135 36913
1233 28289 15833 30344
1234 45145 2429 33759
1235 36547 40196 39715
1236 62307 25500 20353 61504 26571 25052
1237 30563 10674 28671 22982 9767 2012 1942
1238 54037 5507 49570 48488
1239 8939 30133 7891 29988 4274 31894 2664 11328
1240 41255 41416 11393 35871
1241 4582 17660 21569 18524
1242 28032 38646 53317 60492 60648 43883 42772 29700 38475 27954 27966 53316 58680 47679 29825 55349 41046 60057 54599 38803 53314 21943 27975 56335 41474 29701 62336 2549 2547 61513 58874
1243 59033 61970 13222 20608 62220
1244 61354 28901 50874 3505 26598
1245 2655 2593 3449
1246 56626 56634 55314 35570 50303 59563
1247 38500 34188 62535 34617
1248 51985 51804 51569 51637 46779 25888 7228 22739
1249 32696 16977 13019 35019
1250 10883
1251 19574 47482 21479 19844
1252 54393 42000 19520 59694 55421
1253 41835 41077 13558 12917
1254 30035 60992 59717 60971 60871 59026 42861 40928 59700
1255 13510 7043 15266 46223 36221 24678 44874 5974 12553
1256 23201 40189 31827 40188 42053 44168 10540 27769 43871
1257 10943 38138 10957 10931
1258 46262 45450 46237 45578
1259 24548 23679 5369 22559 24549 4962
1260 49355 51610 54686 12638 38621 54234
1261 27063 26384 27065 26649 13607 14243 14003 13251
1262 34134 48172 14651 48341 35858 14662 57635 56064
1263 37305 36728 61583 36384
1264 23033 7930 23472 8848
1265 32664 33439 31937 23621 24379 16041
1266 319 31242 554
1267 41623 21917 44016 21968 54107 37586 37595 17927 38312
1268 62353 62204 58846 33995
1269 15352 15819 15862 15558
1270 38622 38775 5648 37763
1271 35305 11854 57192 56892
1272 11890 3103 6135 16730 6157 39825 18211 62333
1273 17055 18854 36884 8908
1274 14359 43369 43368 41680 42656 29915 1582 60762
1275 32238 30365
1276 26683 17802 17857 17310
1277 29991 2312 17267 17363
1278 6380 29241 23248 19961
1279 28849 54954 58762 45150
1280 23730 7726 25289 7731
1281 23946 61271 33350
1282 25596 17573 42623 61593 17405 17630 10702 17033 21822
1283 708 25413 19329 110
1284 55128 59124 54766 58739
1285 1397 15822 19330 19328
1286 55274 14157 13183 41566 41350 61426 61749 41351
1287 10405 6950 6866 5630 7885
1288 62182 62131 62300 61929
1289 7456 9227 8502 10019
1290 25788 34189 36055 46996
1291 31556 31542 31604 31557
1292 35750 36027 42860 48152
1293 23546 23192 28445 28346 23323 11206
1294 11068 62541 46078 22601 61973 35741 35935 32437
1295 28655 37840 28654
1296 56084 48582 24366 5726
1297 20920 17767 19764 20156
1298 6763 7298 32210 32 29258 6761 10003 48938 9438 9894 10122 11089
1299 24616 24687 22265 45738 7170 24440 24596 25641 339 23797 23745 24475 22106 22266
1300 6029 333 1571 45417
1301 8902 18525 6702
1302 46344 33741 35794 35955
1303 23162 26818 6072 45886 46949 139 4588 23032 46184 32870
1304 47296 59714 55690 58266 3341 60703
1305 8606 25245 1310 23660 25905 1039 13397
1306 30603 30686 30640 30580
1307 13508 14885 13384 41365 14966 36171
1308 61136 55227 55755 56927 61134 35061 48597 12447 12414 60208 61498 26116
1309 24582 24583 24660 24581
1310 20028 26890 44882 20168 19742 19982
1311 39793 54715 5590 3538
1312 39472 56238 39956 56223 56219 56244
1313 19508 49721 19361
1314 22466 34012 29751 9355 54068 53659 7628
1315 50091 38740 54816 58647
1316 48489 37676 38598
1317 12016 27526 23663
1318 7675 0 33979 37191
1319 21728 21720 36048
1320 46913 46914 46915 61419
1321 20153 40942 40941
1322 59173 4141 4142 59176
1323 55963 55966 55962 55964
1324 10429 35998 47372 34879 60996 12037 62364 62607
1325 33639 32483 51508 58481
1326 35224 44518 35165 39539 39475
1327 53998 40837 43500
1328 33539 23595 49608 57095
1329 3087 16449 3086 19301 2347 27094 23136
1330 59868 56528 59477 55828 55523 55524 58565 47373
1331 13362 26253 17403 17467
1332 53509 59874 22977 20875 59737 22965 57985 22976 21204 58082 9437 20877 22299 20036 59741 22278 55263 58548 22595 55101
1333 57158 29650 22968 30888 25087
1334 24086 5246 2025 2109 52393 537 51443 62596 52565
1335 30045 2289 30559 30106 19262 19287 2671
1336 13057 1515 21976 53828
1337 21881 35299 48401 38531
1338 44779 44333 60372 56889
1339 43968 9335 57623 15923
1340 53400 54613 49225 14148 51566 52475 13392 53284 52636 52971 22021 52960 22007 52974
1341 20065 1586 7609 19996
1342 54262 30677 47522 30613 30604
1343 25935 22793 23829 28623 22923 31982 24754
1344 27711 32071 10701 4183 42846 10738 27708 57928 59147
1345 4434 31713 31455 31716
1346 22523 23074 9651 8740 8078 56204 29070 40816 43740 60164 9886 58441 22524 25256 58100 22242
1347 36442 29397 28415 815 573
1348 33689 41092 1177 13532 41637
1349 25055 25054 22518 25914 24283
1350 25189 23514 8137 49002
1351 7693 52990 61747 52989
1352 30757
1353 45236 45292 38157 45286
1354 4313 17777 4312 28147
1355 48519 48479 57903 37355
1356 51162 52528 54215 51188
1357 21521 61052 61397
1358 52400 24095 23599 25666 4832 24607 15363
1359 4874 17197 17601 27613 27629 23833
1360 39707 29780 46931 47983
1361 55857 57593 60509 55391
1362 47337 47970 39202
1363 7942 7285 22230 7161 22386 10318 23500 30063
1364 25740 25809 24758 55498 24308 24761 24598
1365 58681 49717 38913 41512
1366 10273 29356 6140 25130 8270 8245 34283
1367 27645 16030 22003
1368 53389 54473 39413 54469 53387 39565 54253
1369 61372 62585 62605 62602
1370 58563 57895 3763 43957 50767 49423
1371 10785 40167 22844 35993 38380
1372 21068 8194 9807 61104
1373 46546 8457 23728 60594 49032 15957
1374 53846 42105 53847 35675
1375 51236 27925 27926 27928
1376 59407 48146 59076 31036
1377 23796 12400 11955 22391
1378 38883 54035 50046 38783
1379 40191 7804 7139 9137
1380 23851 42499 39868 42326
1381 60431 45580 41518 57833 59592 56563
1382 2893 27185 18943 2800
1383 8460 24452 12235 7428 7423 12292
1384 43355 42765 43316 52738 12995 56342
1385 62030 8321 61389 15780 9118 14039
1386 3922 55534 42207 51095 54225
1387 27198 15751 20441 11897
1388 34585 34188 15167 37535
1389 42980 44639 37770 54100 52920 44547 1234 42153
1390 38644 62215 36054 36107
1391 7559 51411 51798 23232 23233 48418 47236 48628
1392 19172 10388 20355 1924
1393 18027 18097 19703 18064
1394 26150 27145 26446 49269
1395 27556 51813 27746 52482 27357 52110 29958
1396 26280 31890 16665 17701
1397 29327 27316 30685 57171 60140 21577 19025 15930
1398 31463 32238 20301 19729
1399 47461 42764 53922 41536
1400 36092 37904 37270 36647 36264 46701
1401 6507 62079
1402 42362 44090 13914 39575 14109
1403 53757 47928 22511 35280 56381 37699
1404 22485 24557 5011 24559
1405 28289 38711 28286 50519
1406 17357 18764 20413 17422
1407 56586 38974 40060 38735
1408 30584 61652 61552 28810 51629 11238
1409 44990 45050 18295 210
1410 38595 39939 38169 57854 13012 5345 38119 13396
1411 32936 25075 33235 10604 23001 10140 881 10603 32937 38703 27713 32938 10138 23003 48046
1412 56386 60308 58966 47667 55911 59215
1413 31852 44681 41291 48927 7795 54603
1414 62334 38274 42178 35223
1415 61831 61326 45516 1527
1416 19935 19445 28714 20790
1417 38572 37563 37562 37787 35155
1418 13379 35902 38811 14740
1419 60225 35440 58788 383
1420 44694 42447 42217 54599
1421 57039 57605 57033 56826 57606
1422 1148 49135 25537 52135 25536 14870 2508 40730
1423 59002 50732 57375 44745
1424 59209 59207 54729 54730
1425 51707 12349 54629 60791 12324 12111
1426 15818 15683 16009 15472
1427 49389 60630 16832 17848
1428 7099 8526 9803 8029 8080
1429 54171 2763 8589 35416 48858 25516 24007
1430 56096 46993 62514 61317 1604 54651 54659 62494
1431 14696 31044 1379 1433
1432 15909 6748 8424 8333 9305
1433 33246 13911 43835 14290 14292 14291 43824 14097 43803 53071 13617 39432
1434 45478 38413 10643 10673
1435 57475 14483 40272 13931
1436 31099 36131 31100
1437 1565 36429 4173 61017
1438 14815 14826 14820 14648 14811 14817 14825 14807
1439 54006 10509 54015 54005 54037 48204 54007
1440 60028 50870 36454 60029 12807 60030 12814 1449 35823 59537 60098
1441 36688 29944 36808 49320
1442 37765 37759 38675 39427 35891 62198
1443 34703 50750 24041 26858 14249 49578 26264 55723
1444 39823 40060 40090 36884 54004 54017 54016
1445 22601 19535 9009 13209
1446 13406 31390 1584 60517 2806 2335 60266 60286 440 5816 58104 3020 58105 55245 39785 2964 39468 40004 1612 44184 3109
1447 9708 24374 24016 38243
1448 15503 61456 45940 5122 27982 7873 5121 45434
1449 44187 43635 59359 56624
1450 29211
1451 13740 13735 13744 13742 13745 13737 13733
1452 21220 8599 18264 17127
1453 11403 11365 11267 11187 11411
1454 27995 4551 36571
1455 20784 45429 17478 17549 45430 51833
1456 17688 19464 17661 20805
1457 20794 31592 17054
1458 53573 34998 21259
1459 11704 2409 49529 4700
1460 35151 35149 35166
1461 22081 87 20040 26670
1462 57064 15453 19003 29933
1463 42865 42867 42873 53336 42871
1464 61540
1465 51506 52007 14010 39566 48467
1466 58196 50644 57251 57342
1467 42934 43238 35375 53031 35365
1468 60417 35256 35302 62486
1469 7288 7013 7678 7289
1470 52669 52483 47622 71 54686 54678 58865 52673 29088 50484 32890 31222
1471 45509 5239 8870 46971
1472 25292 49097 39641 54524 442 58489 9311
1473 50195 50197 50196
1474 39039 54734 13269 38845
1475 127 19395 22456
1476 45716 45715 58596 12823 13339 12863
1477 50636 58532 57911 57598 60242 37323 31038
1478 62151
1479 35688 49558 49557 12896
1480 22653 25820 6760
1481 15051 44252 41079 36787 252
1482 61711 26250 19797 19795
1483 611 59245 30358
1484 50980 41330 61269 61414
1485 51062 51021 51055 50956 33691
1486 21033 20701 20722 20729
1487 19123 25461 50727
1488 24138 26027 11092 6036
1489 25050 24806 25105
1490 16330 24233 5502 8120
1491 21260 25137 10924 22600
1492 42574 42576 53394 42573
1493 49142 11909 27653 9599
1494 30742 30726
1495 37005 53904 40392 54007
1496 55969 49960 58039 2903 2904
1497 39978 39048 14186 14054 43118 42935
1498 15172 32549 54216 53938 5788
1499 6604 6686 2583 2582 4249 5776 34792
1500 52115 23914 15241 21228 8324
1501 22199 22366 1337 24351 22601 1515
1502 52055 52278 51389 52033 30592 55642 6653 6215 33500 6105 31369
1503 35207 35721
1504 11735 4637 5413 47167 5976 6755 13117 6718 47199 33471 62716 5939 5051
1505 7876 5622 5339 1512 8589 52886 15287 2617
1506 32378 19014 27674 28828 15362 15637
1507 50934 33921 34808 16380 50935
1508 14124 35393 13827 51865
1509 27988 24390 12268 27953
1510 25312 23012 16528 15081 47476 15834
1511 19763 17480 28297 16332 21422 11797 16331 20273
1512 5023 47988 5101 46295
1513 24840 54758 55506 1805
1514 5717 10305 24836 24623 24145
1515 3709 57700 59657 55612 55047
1516 2544 32189 32691 16079
1517 4706 51088 4643 4739
1518 4518 41754 46210 62695 49415
1519 18690 53786 18652 18633
1520 16864 16943 17466 16982 16697 17513 17668 20192
1521 4666 47962 47353 8386 47963 48089 47959 36994 55838
1522 52026 23555 27033 51847
1523 52507 52374 5766 5832 50219 51884 52509 52508 44964 52493 52480
1524 24094 6180 26179 44497 26195 15092 54510 26164 44498 29912 27902 6181 22115 27894 54515
1525 8621 9529 8206 8064 10355
1526 3644 9681 36743 9223
1527 15767 16776 15752
1528 44522 40738 39882 53392
1529 52503 45257 62200 43689 37970
1530 9354 32522 32553 1926 24397
1531 8982 10068 32174 19097
1532 54583 43067 54005 42710
1533 54534 58605 34264 57768 57767
1534 29568 29720 2262 12138
1535 17146 17646 16473 18282
1536 39904 39895 42234 40046
1537 36246 34464 37579 58255
1538 6591 259 30250 6399
1539 8119 7309 32996 6060 9969
1540 56244 44690 56239 21828
1541 44827 37657 33507 56186
1542 34778 34739 34727 56607 50140 50096
1543 32681 26012 1539 35912 1424 1548
1544 20489 19465 32926 20479
1545 27911 13096 53384 62418
1546 25355 25346 25348
1547 25193 24944 7934 25058
1548 57535 57545 57546 57189
1549 6137 22797 6077 28666 28782 28489 17230 28631 25671
1550 9787 18294 49955 5494
1551 58293 12766 47100 42083 14218 13346 12871
1552 58664 58662 60586 58663 1068
1553 38460 38462 38461 1666
1554 30942
1555 32530 31734 33378 31829
1556 10934 2370 10935 10877
1557 58727 56556 33026 56506
1558 9485 12238 61508 45106 32947 49764 8582 15758
1559 10174 51294 25974 51293 25375 7429 8554 8302 10173 25394 52517
1560 38459 62430 42403 44765 1243 42401 45231
1561 40862 44115 53235 54375
1562 14817 14413 58751 7924 7279 21043 14768 19670 57361 17194 41673 60278
1563 28897 520 498 45068
1564 49705 60976 60953 3159
1565 6264 2191 21262 62062
1566 8071 45322 5092 53442 7058
1567 43069 43117
1568 796 31271 2178 11499 32828
1569 16336 24234 16337 2175
1570 31527 31565 1112 31969 53935 53723
1571 31235 3753 61755 51022
1572 21661 45302 27566 21540
1573 4825 1866 61155 29697
1574 52668 29904 52291 48003
1575 25407 5505 44367 8821 37036 15350
1576 56947 57890 57893 2228
1577 38004 35543 62659 62244 35126 61419 61370 61509 1032
1578 58160 16047 55435 44973
1579 49306 43266 41181 42833
1580 62562 62561 62563
1581 23415 24990 10032 9085
1582 20751
1583 31992 32914 31474 32915 33087
1584 61200 50494 58603 44309
1585 44913 45255 47177
1586 45484 35659 45485 46060
1587 60725 47784 60726 60526
1588 33960 38438 44674 60577 38437 57922 40482 50243 60803 57000 36832 58356
1589 21252 24970 21251 22482
1590 9492 20573 28310 17418
1591 26038 19402 19245 27529
1592 51776 15483 54120 5964 48728 47621
1593 58785 27448 58949 3687
1594 1263 12854 42394
1595 41253 60413 17273 60240
1596 14548 50587 60338 13497 52993
1597 58028 58280 56785
1598 26183 26032 31466 16012
1599 53501 3545 3228 13643
1600 25877 9581 9582 24613 53894
1601 56500 8777 56558 32331 49728 56241 14450 57471 14179
1602 8689 48597 7883 7231 9570
1603 28338 16760 29075 16684
1604 38680 44665 44666 44667
1605 47272 47106 46288 39120
1606 35496 27406 48153 18277 20445 21432 36561 18231 50373 27356 35428
1607 42688 41438 31028 42560
1608 62303 33636 35110 38910 36695
1609 9500 34601 20325 46835 33976 45261
1610 55592 13489 26173 13051 26426
1611 38592 29561 37773 38593
1612 53405 42417 42663 42662
1613 16538 17311 16903 16431
1614 15826 59088 52382 517
1615 18929 57746 21498 21653
1616 10063 34342 34521 34017
1617 35775 55981
1618 58687 58727 26568
1619 219 1322 2389 203
1620 54526 34647 54527 53710
1621 2694 30702 57341 11950 60636
1622 62285 30000 34857 61726
1623 54833 55643 55445 55290 54894 55441 54834 55444
1624 55294 58955
1625 28138 28139 28129 28128 28131 28144
1626 38817 14112 14114 14795
1627 58932 54055 54030 56287
1628 27639
1629 16644 16645 18354
1630 31325 6852 6554 811
1631 18804 18919 19241
1632 9374 20474 20473 17382 20332 20475 18164
1633 1861 1860 1856 1862 37991
1634 28319 17093 18987 13645
1635 4030 33792 43050 62616
1636 41179 39413 35843 52824
1637 53188 53229 2243 53102
1638 7752 4542 19049
1639 11200 46961 10979 4760 38248 2701 27990
1640 25210 7325 28508
1641 11830 16510 55815 5249
1642 6811 11945 12279
1643 39407 54599 53047 34804
1644 57126 57125 57141 49304 59105 50506 56259 57394 57127 57128
1645 45800 32136 46830 45917
1646 16960 24933 16588 25773 9706 25688
1647 33970 33830 58429 34644
1648 27635 11140 27614 97
1649 30255 2724 23936 19358
1650 5284 25692 8485 51936
1651 34475 50447 57937 36114 37465
1652 12169 15943 15434 33903
1653 30876 48512 52695
1654 21 61297 35289 13097 61286 35234 31157 61548 34568 44264 22 61175 35033 12895 12996 62566 31158 62615 35130 19
1655 6201 7048 6235 23884 53889 10129 10356 10712
1656 28177 12316 11899 27609
1657 10670 59260 16403 4127
1658 58056 60339 60335 56735
1659 15293 16956 16661
1660 10744 13202 10664 10594 12250 12093
1661 59083 59650 50610 51204 60510
1662 34202 41968 44233 44164 37922 45479 44160
1663 40425 5934 38205 5859 38669 25685 39747 267 57632 36053 52216 57631 50497
1664 13083 39513 12943
1665 5417 42222 15300 32767 27826
1666 59466 3348 3272 3373
1667 30988 30898
1668 53044 39750 14361 35487
1669 27578 31901 45019 32188 32430 30445 32119 34935 28526 51264
1670 38070 36385 31605 33344
1671 4201 33645 30448 35272
1672 8766 11599 61055 1888
1673 20128 44161 39988 20656 39535
1674 16386 19668 16647 31643
1675 51288 25190 41293 54217 43433
1676 11399 5635 25020 5634 11213
1677 48294 48004 47783 54891
1678 21497 27362 27143 27297
1679 38298 46868 21920 45567
1680 27582 17126 17624 61887 32699
1681 11710 51230 46528 14328 5549 4663 6696 52407 35992 47039 270
1682 40886 40878 43014
1683 7783 49017 8025 10330 9732
1684 58941 43602 61132
1685 22415 8693 26579
1686 50472 48642 59615 56820
1687 58089 58562 50216 50889 50997 50654
1688 43948 31096 7208 33400 8476 7130 51807 13781
1689 13972 50952 37244 4075 42743 42657 41451 51074
1690 33324 6603 6698 39206
1691 22371 22340 27445 12151
1692 50981 61869 58998 61867
1693 1126 21305 62137 48547
1694 54738 35079 3758 34972
1695 36099 45848 37300 45423 47187 37957 40469
1696 45952 9702 61209 24935 25430
1697 2496 2495 2337 2974
1698 38050 31097 20732 31144
1699 34604 41019 37810 35613
1700 24600 42432 22731 23008
1701 11829 55811 62667 39158 56619 56974
1702 62718 43917
1703 56162 4306 28325 58123 12992
1704 20076 16771 50153 58357
1705 62020 28844 30984
1706 56627 59663 43714 39671
1707 30942
1708 10709 1539 31909 10551
1709 7527 29455 29753 5919 27969 12461 51821 50939 58054 46105 8079 11987 31176 55910 5779 47531 5454 50940 5378 58055
1710 32746 4366 58286 45667
1711 36486 35633 36414 47023
1712 39328 13165 39499 41817 37378 43099 39872 43809
1713 3039 2449 3037 3033 3041 3036 3035 3034
1714 30949 30792
1715 50323 42314 56696 55401 55525 47331 50827 34684 11836 50444
1716 34125 5501 7995 48992
1717 1293 16372 30095
1718 56495 62250 24794 56003
1719 3508 3483 1326 39007 3195 3209 52727 48606
1720 40979 43742 40972
1721 7483 55009 54949 8248 8417 55254 7766 20599
1722 6793 44910 5316 4602 16145 4929 16060 29678 5366
1723 39614 47277 37983 3772
1724 840 30475 36089 227
1725 20416 28463 45560 26788 18867 27262 28462 19359 18747 18861 18761
1726 57362 55921 60462 57969
1727 48625 48446 29202
1728 21151 22521 22785 19868
1729 47160 6776 33311 32538
1730 43141 27154 44972 26810 59152 14908 28118 44433
1731 25218 20514 20780 8932
1732 10050 53645 43657 44281 30398
1733 24851 9100 24292 9385
1734 38864 17786 27391 53447 21799 3786 53446 7666
1735 37028 35790 36015 38371
1736 46564 12407 9853
1737 39094 46814 12193 46813
1738 50475 55824 58132 45501 55825 48228
1739 42640 27207 41846
1740 17361 1791 2061 8548
1741 54592 60748 1242 13382 53089 62588
1742 39503 39282 39285 56546 12772 56545
1743 39593 40401 39693 39852
1744 16280 4560 1038 37001
1745 3517 36230 14455
1746 28955 30839 21681 18651 2468
1747 40717 33978 44629 33629
1748 9507 30517 30692 28563 2385 21833 45876 21919
1749 24775 8000 36599 22127 61519 36600 9743 62301
1750 49525 26644 26496 19243 26722 49471
1751 6407 48512 32945 18637 48510 18240 9420 18500 32912 45389 18656 7386
1752 32253 17826 17608 27389 29434 18557 28625
1753 2826 2368 3234 2241 3237 3240
1754 52123 5921 11715 2103 6944 1776 11731 14170
1755 14110 39971 33835 58282
1756 46805 32390 47162 46992 47117 45597 32224 12219 33001 167 32426 46502 25971 23771 33000 15122 45493 12267 24747
1757 60223 49964 59837 29463
1758 17593 17150 20365 20203 20237 16481 18099 44173 20720 17423
1759 16737 34674 20822 47728 18085 24183 20648
1760 44000 4393 55562 3111
1761 13237 39406 38394 13106
1762 46447 13525 41102 36148 59959
1763 58022 46653 59386 56575
1764 46884 32768 429 392 6257 31319 18194 46194 32783 18508
1765 47385 12054 33606
1766 5712 11441 11459 42583 40825 40824 61865 44689
1767 51016 29335 7446 7197 5043 23268 23052 51026
1768 16138
1769 58927 56635 17836 17686
1770 3584 62688 3592 3578
1771 53989 31134 35171 27422 31133 27073
1772 44808 51930 5584 47218 14055 44850 21294 5354
1773 45290 5019 23909 5165 16287 5164 24446 29558 29617
1774 14066 44560 39902 62009
1775 52294 47616 52292 47625
1776 26985 15007 14841 21333
1777 4672 6426 21807 11616 46674 3896 21806 4542 49784 34453 11464 30240 49238
1778 14643 40372 10722 41202
1779 38328 34932 49351 54032 53613
1780 15532 35346 54899 59940 57595 27603
1781 5808 30850 30711
1782 52546 11981 5602 24693 23776 24201 22297 56294
1783 11810 43573 21922 53787
1784 18952 18999 18998 329
1785 54024 54005 42794 54013
1786 17955 20666 15474 29190 18561 7166 608 2139 30796
1787 382 45932 381 61711
1788 53930 18154 40818 40680 43701
1789 19465 20569 18079 18028 17180 19531
1790 23273 7696 52530 7987
1791 23991 9504 23522 22153 25184 7117
1792 6629 6757 6844 46224
1793 29159 10432 29176 30532
1794 15839 19770 16101 23207
1795 49556 31000 16557 3601
1796 85 36451 19336 183
1797 18823 20039 707 60660
1798 13729 55430 14974 55225
1799 9027 39254 39270 50147
1800 27300 9144 28994 423 26789 15857 31166 2146 32324 32724
1801 15560 33239 32449 32084 10724
1802 1472 48199 48198
1803 24505 36883 24351 4829
1804 46481 51543 8252 8665 51304 46578 9041 7414
1805 226 28942
1806 23410 23004 24062 52576 22849
1807 53527 52929 22717 33909
1808 38314
1809 8224 7442 8998 11574
1810 49410 21991 41392 26603 29224 22028 43711 42847 30211 26720 9146 22429 26595 15383 54684 26490
1811 26464 26222 26794 26798
1812 47336 41374 35520 34764 14300 42910 37438
1813 39614 47431 42956 43882 36409 31016 40643 42165 36320
1814 214 282 46011 266
1815 33019 42540 46104 42703 23491 23488 11988 12048
1816 61212 1958 2087 33306
1817 25060 24898 29739 19994 8915 23421 29819
1818 4162 36018 4200 38318 54760
1819 53398 23370 28922 8005
1820 40236 15118 50351 50693
1821 10349 11983 9960 12412
1822 27387 24916 19860 21514 19738 16160 26933 26436
1823 43177 44511 39968 40028 6559
1824 3998 31442 31433 61604
1825 4964 12199 54838 28696 30443 24601 22700
1826 34292 61414 55971 43741
1827 29615 55951 29361 29604 29360 15328 55222 29618 55640 54988 30690 45897
1828 42375 43327 43715 42298
1829 61934 30856 27650 32406 35001
1830 37086 48283 36064 55673
1831 48398 48587 48585 48614
1832 23256 23254 23258 8605
1833 24638 23582 23725 24332
1834 4814 52214 49833 49969 52029 49904 3027 3081 4744
1835 46831 47101 21768 46197
1836 36179 42165 52451 51330 47969 15286 35186 21975 18545 37073
1837 30736 15184 18660
1838 44800 4181 59066 48095 4176 53025
1839 4254 44268 4548 13855 13542 60704 22557 2443 42112 62376 14560 46932 39858 52724 13143
1840 45207 37864 41275 37859 53752 45151 35029 12502 54334
1841 3057 47591 9836 10291 47590 3726
1842 60551 14015 10593 62293 31026 53316 56048
1843 62325 54036 46055 46694 12101 61463 12049 61529
1844 32384 21955 26993 33033 17476 32312 32383 21215 11146
1845 60680 46899 60679 986
1846 32859
1847 57756 27346 52959 49966 57757 53030 27345 9579
1848 40029 12410 56624 56635
1849 20170 24077 21782 15816
1850 8738 61044 21253 22111
1851 45097 37379 37806 38043 37174
1852 16329 26549 19649 2908 15116 40311 20268 19749 20387 1258 15137 5758 2991 26977 54498 21232 7631 60377 43089 20865
1853 38783 61828 36077
1854 45889 13687 58866 12953
1855 40897 53216 53587 42539 14358 12767
1856 53074 54827 33644 39554
1857 9391 39139 49136 9941 52862 10530
1858 24969 5861 25228 25183
1859 40797 49703 59972 48007 49702 47789 49738 14753 59920 59372 59971 4782 5024 4618 4838 41736 52315 51489 38334 49701 44963 56472 14014 52434 5057 5050 59960 56748 49726 49730 49737 59139 49247 51336 13091 44321
1860 52028 42429 5925 12969 46903 51495
1861 22940 54283 7472 40427 43562 53923 44573 7238 54474
1862 20657 10545 20470 59301 19905 20471 18696
1863 57921 30499 57704 58308 55288 55748 55868
1864 13541 62068 39092 45109
1865 37176 38406 39274 36203
1866 4958 50631 50895 34014 31091 47468 42985 41793 48041 50054 59572 1316 59052
1867 9229 9569 48895 9511
1868 57380
1869 12949 12950 1623 62022
1870 30429 36927 62337 61195 38722
1871 36459 35608 35749 36460
1872 19600 20256 19705 19678 7280 19490 21864 17950 25023 19665 11754 22827 19609 19648 19612 19610 19555 20269 21860
1873 54307 19213 14991 51466 17346
1874 17971 8202 42523 54442 42453 32647 42514 31541 17970 21123
1875 9169 8472 10781 10822
1876 15017 59057 44344 46380 14647 60334 58556 14299
1877 41367 39576 17770 9411 12704 44709
1878 36513 35932 29103 36502
1879 13314 41829 43880 44520 39269
1880 48364 48347 60876 28597 28500
1881 48622
1882 20464 20661 16934 20281
1883 5594 38081 42857 18172 28225 36359
1884 43982 41340 54481 55033 42987 55020 54480
1885 13378 56651 55300 31022
1886 54038 4006 57657 39175 34878 60112 60255 55987 53318 38546 51068 31699 31591 60110 57933 42798
1887 19874
1888 50302 12401 890 55636 39739 47836 32527 50244
1889 34966 55779 39389 60709
1890 32766 35011 51840 47703
1891 42128 40220 34060 40259 60865 49418 40614
1892 13404 49565 14694 14693
1893 19892 32660 32852 17328 25212 7817 11179 16592
1894 62518 61638
1895 1993 16078 15855 2062 16033 52269 1994
1896 31343 62051 61255 36106
1897 20468 30360 120 21297
1898 7224 23598 7871 7482 7965 8564 20880 7963 52954
1899 56504 5393 46544 44698 46955
1900 48444 48445 48449 60678
1901 39586 53542 53269 53538
1902 32992 45093 12248 53114 28440 15682
1903 41101 29263 54602
1904 59332 59142 49095 58476 22912
1905 37306 12745 28287 36989
1906 38897 34812 38457 34339
1907 59821 22542 12900 14077 24166
1908 41064 13625 43343 13628 40557
1909 57924 50873 60336 57920
1910 1724 36671 1726 29308 11609 11594
1911 57369 21522 15589 27569
1912 60481 59689 41745
1913 55260 29110 56594 60306 55155
1914 33963 38313 37626 38739
1915 61618 50992 33863 58239
1916 6765 8887 6767 9043 52311
1917 9521 8143 33063 33064
1918 42288 38681 43834 43800
1919 21749 27726 60429 47442 20226 47503
1920 49850 962 27939 28672
1921 29285 57505 55742 3364 55771
1922 16456 16799 10831 4594 43768 41651 19781 17426
1923 11820 29495 36980 30764 30901 29801 52272
1924 15725 15478 5683 57773 15681
1925 28359 58002 19482 20295 50509 20906 28358
1926 42942
1927 26465 53926 44295 24094
1928 45556 6383 30452 51602 15525 52629 45721 7430
1929 2546 16082 1742
1930 20080 17746 18673 20225
1931 52789 53154 26298 23010
1932 60178 59906 60133 60179
1933 51648 54259 51744 13773 51741 32225 31550 22416 30437
1934 34629 1216 57859 58867
1935 34142 23585 23781 45649
1936 25298 7082 2039 7209 7383
1937 53486 4163 47181 54302 41832 53444
1938 35328 40381 39866 39384
1939 39932 20045 32558 33378
1940 11747 11568 11546 16166 30465 6843 11664
1941 42177 14805 14803 42994
1942 8073 8072 490 9528 9873
1943 17607 17114 2161 33075
1944 52215 40059 51834 46568
1945 1655 22854 35800 52970
1946 61460 1179 1235 1241
1947 24991 5486 38799 23004 22353 22499
1948 54829 12075 34163 21319 45340 34458
1949 47078 46967 46732 34442
1950 27361 18636 17447 46570
1951 1596 60338 56807 21288 37648
1952 61825 38710 40204 37557 47053 59248 61614 15571
1953 32530 15832 10529 678 32531
1954 22152 25253 48400 51918 4193 50694 23721 6291 13482 5082 32122 35837 50698 5169
1955 16566 23557 24624 6439
1956 38998 41430 59378 40723 56461 42096 59682 13389 12867 13349
1957 35540 46762 37842 46642
1958 35783 50255 50441 59523
1959 16281 10418 6452 19790
1960 36099 56670 56671 36682 62600 22947
1961 2594 2658 56435 29867 50410
1962 37152 38967 37826 37903
1963 5335 31207 29782 6485
1964 54831 54836 56453 55744
1965 26580 40800 21457 42189 26875
1966 32632 28394 9263 37718
1967 53041 7256 27364 16899 39815
1968 38026 38527 12456 12455
1969 32085 20157 19928 20736
1970 15804 45547 6787 45546
1971 47506 38828 47400 13913
1972 24731 5006 23527 23706
1973 38084 12901 46714 46923
1974 49804 51902 8112 51769 26523
1975 44123 43056 57943 14641
1976 16037 30763 34915 33992
1977 18692 18554 46234 32354 13075 13434 21866 31834 49852 52286 56382 3779 60593 21890 32766 35621 5688 57510 23646
1978 45449 60067 54599 50982 61200
1979 4087 41526 44420 23492
1980 10300 42434 39723 40712 40579
1981 49751 18118 17024 26950
1982 12271 25068 2073 18351
1983 35898 40339 56224 35897
1984 17251 27704 18649 17250
1985 47363 29796 52290 29658 7071 18939 9407 27853 8910 48744 24472 49186 174 12147 20531 48838 9454 18538 51303
1986 14978 57379 14593 62426
1987 35605 33727 26052 47355
1988 11158 1870 15918 27951 47707 6351 20955 4857 6559 15411 5703 34757
1989 61649 62222 4583 4562
1990 30093 26997 3113 2533
1991 60963 31244 27181 13507 167 13563 19766 60989 27141
1992 12660 49060 36888 55120 9392 7798 5744 6998 12627 12430
1993 37150 47440
1994 41088 49347 8060 6550 30314
1995 41612 32585 62530 33469 32587 32586 21979 32712 18151 60815
1996 38967 54926 50050 35765
1997 9368 32163 25024 9716 9715 9736 61521 9737
1998 22349 16659 16631 8172 17352 7182 21392 16907 8009 19267 24255 17309
1999 643 474 759
2000 30016 49462 27186 32568 30829 32929 32182 49653
2001 60501 42686 36360 3983 50830
2002 50879 33098 50878 3731
2003 4461 32244 19426 19439 6971 31447 28850 10536 19305 16477 2274 8555 31536
2004 35937 47015 12109 52557 45535 46474
2005 16257 19769 19745
2006 22841 23016 2233 7091 20040 7066
2007 14267 17427 26855 43003 43296 13067 18707
2008 151 29034 28361 28976 33762 986 996
2009 16714 41895 40589
2010 34907 43735 51429 51818 44737 52664 51523 1228 15136 13635 36335 27985 13630 13613 15135
2011 27296 27369 27377 27374 27378 27293 27379 20014 20232 27295 27380 27376 20714 27375 19924 27372 27292 27373
2012 28318 1693 2081 2017
2013 8168 8003 13907 48825
2014 58878 41660 60337 3960 39621 57558 39182 53058 58877 55561 45418 57659
2015 30984 30877 26347 30723
2016 58818 14484 59498 55031
2017 38835 56581 57234 56761
2018 44887 44888 51755 48338 38140
2019 16365 35966 20324 36912 7669 18307
2020 33069 26746 57920 43818
2021 44372 3220 44371 37849
2022 6695 363 484 33886 700 3503
2023 18899 26031 2418 27486
2024 56339 56066 57208 56340
2025 18502 28333 12276
2026 49005 24066 9938 23106
2027 8232 7949
2028 34611 31129 58919 60289
2029 39578 59044 53042 35564 28795 53044 3251
2030 1515 36611 1511 1521
2031 59031 760 31878 32748 731 32405 32898
2032 50868 35983 59534 61889
2033 47030 45841 4358 38103 49021
2034 36885 1291 1292 12680 61575
2035 27634
2036 52756 42563 38526
2037 58332 34415 38676 35896
2038 55364 55830 55021 56623 50772 50770
2039 48288 35392 13206 44785 14272
2040 1578 17362 31005 20669
2041 8267 8252 5323 24210
2042 38707 2472 48051 36560
2043 22658
2044 15111 49951 35663 59770
2045 11201 8216 10409 11161
2046 61809 2125 27509 16596
2047 57813 28809 51928 44929
2048 25391 24783 3989 46168
2049 62610 33355 3810 50789
2050 33888 27054 26158 35190 26259 43873 27196
2051 54925 54306 54305 59825
2052 18133 18214 15458
2053 13622 13655 13623
2054 10784 10812 10821 34980
2055 32907 46767 32824 32896
2056 31515 57446 56318 23020 23312 57286 22201 7007
2057 33189 33193 33186 33191
2058 45394 61628 24235 24825 21735
2059 6843 37666 11590 31920 6644
2060 12615 62136 13345 30896
2061 31601 46252
2062 22572 23576 23575 23334
2063 23899 23898 26867 9686
2064 3564 56809 21829 3565 3598 50481 42864 3052 50978 3566 39287 51033 21762 51645 27201 51056 51260
2065 61805 19450 54640 59297
2066 21003 16513 17780 21000
2067 23906 5418 8007 31599 32321 32102 8478 25262
2068 38670 42479
2069 16445 60838 19499 3160 34929 18855 26364 32548
2070 61414 61243 61700 61411 61431
2071 48231 48324 56625 3361
2072 56684 61411 59716 55747 59460 59675
2073 29075 28283 29105 15859
2074 48087 49890 48229 47923
2075 6468 11291 25970 33441 8243
2076 45339 7402 25297 24105 25284
2077 15436 48345 26194 1242
2078 20773 49332 16849 49326 47144 21747 60335 20707 26941 46292 21888 26161 27311 26791 26170
2079 33269 46396 2648 10816 10290
2080 9224 48813 10286 49078 8784
2081 32183 10591 58599 21097
2082 9443 9204 8474 22281
2083 32644 33009 7767 10035 32613 9397 822 25697 8593 10066 6734 16335
2084 7805 5759 28879 51778
2085 41762 48657 27044 41759 1444 41317
2086 42140 41138 39697 41164
2087 51586 43091 43243 43613 42134
2088 250 16092 48711
2089 62396 3647 57971 62421 56971
2090 6149 6220 47743
2091 47666 4227 6556 54142 36033 23794 11374
2092 19129 30940 22080 30814 18333 19366 2127 19078
2093 44469 44127 43451 36017
2094 27628 50332 46061 2641 5182 3837
2095 20136 41115 26909 12341 56624 26910 26084 40497 12643
2096 47188 46047 57024 1416
2097 50470 56495 58290 58283
2098 3842 26860 6794 62432 26861 26846 26844 510
2099 60405 54881 3643 49942
2100 31926 35328 50095 408
2101 23611 23352 39556 62349
2102 10518 15888 33578 6154 29833 16040 6153
2103 59693 50857 16850 60336
2104 51026 50957 31867 51078 50958
2105 29090 856 62503 31301 44358 59426 1043 57049 53318 725 61838 31249
2106 5865 5098 25880 5768 5443 4891 5737 5097 9942
2107 54997
2108 42970 40067 36958 42971
2109 14545 39381 43819 43821 43820 35285
2110 29273 32493
2111 19271 48296 42767 3217 18249 44707 54584
2112 42891 50971 53449 44766 40574
2113 25917 23666 17612 24614 25032
2114 51298 54615 39859 44144
2115 34194 18713 60895 53057 32132 32133 31475 2253
2116 58361 38180 58359
2117 50077 24133 22220 31152
2118 16214 16352 16347 16231 27189
2119 10380 9195 10351
2120 32821 33475 32108 15766 32254 32009 32638 16100
2121 44625 13007 40732 41214
2122 20105 17458 18807 20102
2123 18204 17508 18334 19581 19828
2124 53831 53553 24451 53832
2125 31635 31919 31637
2126 12952 12956 43516 42380
2127 8071 61376 8073 4454
2128 53896 52408 14327 31065 2558
2129 53638 995 48291 48072 924 34188 967 945 930 28622 48200 970
2130 23752 15490 25139 33404
2131 39123 30474 30464 36660
2132 12035 8442 19469 26215
2133 37422 22860 38731 11964 4236
2134 59672 388 52413 2952
2135 44619 41637 44618 29383 59787 13741 43031 39625 44111 42472 39447 41103 13076 39477 39448 13845 39622 42727 41335
2136 14553 14136 3923 40696 40046 40702
2137 56191 54859 35039 55357 56187 55176
2138 45644 14448 14446 11988
2139 17271 15623 17006 20263
2140 9751 8145 51325 7318
2141 36332 62170 27608 35095 62171 37917
2142 18674 16262 18595 58878
2143 23137 23131 22247 9020
2144 6726 6683 6628 6622
2145 36463 39272 44059 39482 14476
2146 7941 8352 23062
2147 47024 10000 10199 49085 18738 47196 46941
2148 14077 35749 14074 40627 41436
2149 35766 36146
2150 59656 44260 44261 56033
2151 6082 21290 8936 19418
2152 9319 842 8349 14557
2153 61814 62214 61146 61644
2154 21009 19838 19819 20940
2155 27626 1574 27597 27637
2156 23091 24645 22257 8249
2157 5614 20300 20447 20649
2158 59684 59241 45972 47028
2159 31982 35195 46648
2160 54303 54658 43665 54297 54337 44196 54356 42277
2161 28247 42534 43153 55581
2162 58755 34577 46250 60466
2163 13666 13190 14522 3777
2164 26284 21430 21428 26285
2165 9800 7051 48751 7806
2166 32344 20040 22251 9008 19775 10382
2167 4872 61969 17057 8861
2168 808 11550 29243 29963
2169 46142 51699 53494 53761 34476 45994 36067 46744 38806 46552 1646 53548 45782 51631 53701 46789
2170 57364 57365 58396 46422
2171 31040 36753 36755 31082
2172 61393 1794 49039
2173 7497 7844 7629 10322 34587
2174 47081 4968 51243 5207
2175 33138 29053 32528
2176 41257 41080 41710 52848
2177 4666 5420 20798 15138 4076 20338 4150 43850 20800 12483 42635 20339
2178 40094 40057 40424 39820 39809
2179 14960 34628 45783 36847
2180 44209 50122 34256 50296
2181 17227 18921 17005 16591 25468 51319 44930 44943
2182 5968 50790 38409 42517 5291 24476
2183 38304 38206 1486 38300 1539 1540
2184 889 55442 44106 42151
2185 17981 33218 32140 20570 32349 3096 20880
2186 36260 35920 36258
2187 48600 59634 36615 59224 61440 61153 50478
2188 385 35440 40689 37520 35432 37977 37063 50947 44299 50433 56398
2189 21221 20869 21129 19744 20717
2190 61290 1582 49650 15437
2191 11581 12193 14377 11505 51929
2192 4070 4171 58112 10675 39183
2193 44189 14507 62142
2194 31472 25543 8307 8492 9287
2195 46115 45789 47121 46124 45790 45517 12390 46985
2196 55583 36440 47420 57976
2197 11087 30517 8729 30518 13001
2198 29849 1243 1399 36245
2199 46533 15680 22833 15403 16136 45906 95
2200 5874 20768 5695 2563 26281 19303 15281
2201 55104 36345 13299 49440 49568 49374 49373 23916 25839 30640 24572
2202 19039 16500 19089 55900
2203 38125 54796 42843 13182 43166
2204 2932 4311 47557 3064
2205 8583 8156 22777 8561 8584
2206 584 42209 49783 10431
2207 33745 7143 7398 38632
2208 54420 8344 1242 43829
2209 27776 49346 51318 51823 27795
2210 51340 7535 53634 25266 8196 31227 7991 11272 7275 10047 49015 8858 11351 49145 52255 25566 9943 7534 52436 11389
2211 26785 6079 9825 4239 22705 24567 6049 18380
2212 20978 21177 18303 18875 18070 17924
2213 17446 47112 46427 4879 21418 5867 47021 47090
2214 36 33518 28966
2215 15738
2216 59980
2217 59573 50417 58570 57223
2218 42539 41899 53703 37494
2219 39724 55273 20500 21309 56494
2220 55359 17083 31121 42327 53800 37869 55364 20475 30997 9153
2221 9793 15512 16258 8591 23892 24290 15514
2222 2356 9151 9149 12102
2223 23411 20754 16951 4848
2224 57178 37518 15123 35400
2225 53888 10910 45957 53929 43688
2226 50331 50355 52285 51605 51844
2227 51244 21428 27488 37098
2228 19644 15475 19545 20130 27513 27178
2229 41559 41560 41562 61138
2230 22904 24273 23181 61355
2231 42138 37032 3506 40482 11845 13716 53347 41488 39391
2232 58114 42850 41965 28956
2233 28303 47357 21627 8136
2234 29581 6221 18076 20860 18630
2235 60640 38997 47271 47255
2236 26717 17762 5407 61191 4631
2237 26327 58917 17985 26640 31977
2238 30612 49661 30633 49330 49634 20453
2239 20712 13437 16622 51935 20711
2240 53962 57764 57651 52418 52387
2241 13321 7874 7344 22604 33018
2242 42031 4356 42033 60391 60390 54912 4360 42554 43043 19877 42036 42018 57699 58945 4359 58147 41682 42030 56796 42026 42035 46114 20267 42024 20022 34551 54910
2243 19845 42578 16991 19846 51234 51277 16867 51238 42725 19815 54694 4688 52605 52601 18723 21623
2244 57931 58608 36885 13237
2245 26325 4406 12189 55613 27516 7498 33683 35073 2848 25478 25479 21539 57012
2246 27357 13886 10639 41246 15442 27990
2247 42291 18192 42292 26689
2248 3256 57534 13311 14534 41505 47932
2249 54381 44641 42050 42413 40833 44185 54419 43860 43755 44553 41603 53822 54207 48712 41072 53826 53130
2250 30576 30642 30652 30651
2251 60588 50953 50954 51085 49862
2252 37431 55039 39822 57637 55756
2253 52767 52770 39529 39703
2254 20587 16567 2778 26868
2255 36724 55624 35955 55285 32675 26410 55287 16417 40759 62692
2256 60544 424 60545
2257 1933 148 48872 30736 3857
2258 12498 34937 60233 13380 58583 39631 13381 54599
2259 31039 23888
2260 47434 47417 53357 60623
2261 37512 37513 37301 204
2262 59849 57072 27019 27020
2263 31671 33376 31784 22925 31702
2264 16682 57438 29346 17411
2265 35704 38291 38931 38702 38932 35703 35473 38341 37409 35472 38933 38290 36962 36963
2266 33927 31994 33150 31053 33495
2267 12015 8478 6996 7707
2268 54990 3471 48405 47308 54743
2269 18997 38642 1757 12159
2270 29157
2271 11933 22083 46068 17909 11526 18658 21835 2023 42187 47656 18933
2272 54525 40733 40103 32452
2273 58915 20957 40988 53576 54529 53653
2274 27273 27277 21358 1718 21426 2038 1971 23701 27276 26399 45752 46451 26811 21585
2275 32699 11883 21458 3032
2276 13514 11504 11547
2277 27630 10770 27596 32284
2278 48673 28014 1001 972
2279 35228 56551 34651 35300 3405 47406 47392
2280 19871 34565 18562 18083
2281 45705 33601 33650 18021 33298
2282 55365 55689 60018 55479
2283 25524 6143 49163 25963
2284 18801 29467 36673 29521 18798 50825 20526 29524 27271 29289 20137 45362 27358 30619 46959
2285 20551 51211 17041 52680
2286 48485 25892 20788 10287
2287 59335 29382 59899 55580 55621 50741
2288 26418 19252 20928 26267
2289 16396 39361 47751 39517 47771
2290 40008 53858 58095 12981 42564
2291 11915 32727 20254 3847
2292 47875 3207 36767 39732
2293 25694 23155 24178 31810 32688 32659 32367 32734
2294 13788 22504 14367 61877 39995 44154 16578 61059 17219
2295 27778 24762 24493 27893 24494 24764 5143 9923 50548 7848
2296 23777 25666 11387 9643
2297 13909 61927 41016 44481 40745 43147 44475
2298 37759 50465 32796 31701
2299 5113 19312 19136
2300 12232 50003 30710
2301 47310 29064 8627 36604 50942 38218
2302 61416
2303 13750 14180 51583 61096 46161 60238 46509 35860 51386 45606 46425
2304 13760 54013 39735 53318
2305 38027 21838 47440 39087
2306 52833 19353 9063 9064
2307 41235 51685 22223 20082 5835 10061 22395 5189
2308 52875 44081 41792 14997
2309 25209 16499 19441 17252
2310 47768 50530 47820
2311 38006 4491 1209 62630
2312 20050 16621 50183 29370 18431 17396 49797 51084
2313 24248 53351 4830 23407 15422 24556 29083 53255
2314 5673 37702 36532 5656
2315 39771 39772 43265 53874
2316 142 100 886 101 30721 17842 19835 17838 61845 11790 8363
2317 17542 61973 53677 2856
2318 26900 28344 15580 23509
2319 32177 10502 4558 32037 31822 32423 4592 4593 4555 31625
2320 43578 18210 42548 18166
2321 30999 31021 31034
2322 2782 1611 8854 18207
2323 6155 5950 25156 30943
2324 45134 47195 11683 11572 46018 22518 53764 46437
2325 54790 47440 58937 39293 36205 39617 54791 59524
2326 4867 45388 33738 60695
2327 3896 21346 47677 34662 59028 3519 58847 55688 44141 38247 37500 35834 3520
2328 59389 12011 48597 50372
2329 32689 1514 57559 58312 30246 58747 3605 57320 1673 56579 1456
2330 46688 15666 52883 44913 6820 52346 16000 666
2331 4114 4116
2332 36036 37888 12737 61538
2333 35493 10370 17848 2855
2334 26862 14169 58134 26255
2335 16558 13409 17156 17164
2336 32486 12568 22514 197 25276 58033 30449 51480 32391 12526 5440
2337 59492 57484 22093 61998 44149 20109 16722 59263
2338 26291 26400 62404 62186
2339 32924 31511 32923 36874 10569
2340 14591 41131 43430 12794
2341 9251 8137 10054 9847 21040
2342 34381 33492 32143 45408 10697
2343 59114 59379 56694 10680
2344 17747 20072 18506 19453
2345 42455 40463 43700 30738
2346 11617 404 11018 46358
2347 18254 18253 18162 18255
2348 42251 42692 55069 54597
2349 62350 6138 9129 10902 6160 10947
2350 23338 44062 11115 17684 27123 20103 17503 22734
2351 23617 5368 22423 24095 22264 11042 20753
2352 1833 62385 11908 29295
2353 5266 18039 51071 32013 49226 28592 51038 28708 9747 30746
2354 3016 3451 3911 1911
2355 41184 17508 32509 17333 17261 44460
2356 41478 6827 11682 21935 38762 32487 39709 9133
2357 12299 45219 62355 35195
2358 31618 14526 47878 48290 5857 11425 38868 6689 33944 47995 5253 21924 21925 47879 59587 59589 33767 5498 45223 11067 57467 18716 51186 21744 28483 48187 4963 29484 47877 4811 10881 48389 4866 56701 5678 5298 5975 18229 51660 48292
2359 33212 32581 20984 40252 54523 10177 13812 13064 5937 7031 44298 51830 15206 32167 33107 44467 9188 5692 33213 27694 14201 43951 31709
2360 54281 47540 49785 43966 43967 37089
2361 4921 31719 47539 32934
2362 21077 20539 26761 20575
2363 10134 5444 26979
2364 15858 16203 60210 54919
2365 11782 18639 24547 48891 11783 3780 11775
2366 55996 42969 61753 26217
2367 41541 33328 43976 44280 40626 46434 30752 41024
2368 10398 2064 33041 11220 49143 1960
2369 11010 28449 29696 28399 28786
2370 30463 5991 10889 11643
2371 17552 16416 17815 17553
2372 38807 47508 11744 49500 35612 11745 37453
2373 23563 26955 23785 18848
2374 29965 2706 54261 54369 43580
2375 11048 4899 29041 27187 27214 13227 17118 26004 17229 7171 6871 24139 7348 27304 21597 27755 7109 33549 29608 13089 5118 27164 7110 53362 12799 21875 27212 27225 52809 50903 27852 25250 5117 4788 4736 27761 38324 13944 25227 27213 23380 53361 25389 33553 27226 7347 26089
2376 6681 29198 5595
2377 2756 3307 32221 9045 32926 35645 52714
2378 1694 30342 30243 32053 11139 28558 11110 15512 38204 4705 30819 6301 15601 5905 28559 38452 6715 5694 29189 30327 31829 16073 28915 23685
2379 8053 4568 6020 23149 25229 4561 25131
2380 57914 13568 9270 5449 50078 52603 43614
2381 24611 47581 24922 8635 8460 8501 22901 24666 9162 32333 24136
2382 30384 292 11426 46980 2788 30204 52394 52424 14911 291
2383 45833 36883 13308 56758
2384 18262 11446 16586 19708
2385 53534 36938 53532 36070
2386 47981 48039 45604 48152
2387 7458 15333 20058
2388 50411 43709 43385 62169
2389 60792 3335 50333 37173 29776 29464 47419 52746
2390 50766 38427 36198 55277 62682 56593 35054 58418
2391 33897 5848 61802
2392 19963 1326 19936 19443
2393 10563 1420 8885 28998 15763 32479 468 6782
2394 29633 3412 37792 55685 26441
2395 34666 39223 8906 37529
2396 26145 52750 39518 34929
2397 61715 44240 13902 44245 56649 35971 43901 61992 44246
2398 55844 12861 39188 43347
2399 47428 17185 53985 53733 17245 27600
2400 25465 22503 44837 25145 29695 22195 24458 57201
2401 54133 61038 2610 21339
2402 44598 53997 54401 53190 53091
2403 60909 53660 38151 53606 53775 53704 54027 1610
2404 785 718 876
2405 39089 35760 10929
2406 40021 32698 39844 39937
2407 35094
2408 14380 30904 20748 52991 19542 40340 54578
2409 31138 31139 19707 35096
2410 27425 18589 32095 32832 33195 33240 19163 32476 32636
2411 59136 39035 39044 47205
2412 55589 48106 13463 36219 49527
2413 50563 55806 14500 14832 50564
2414 48974 48845 1648 1635 18420 34829
2415 17584 20616 56499 18794 20827 51512 51515 44363
2416 53354 29172 2943 28288 3042
2417 22054 18877 17628 18599 17144
2418 42562 34982 48661 38074 48698 59084
2419 12887 14709 12888 12935 14892 13702 13844
2420 23723 32666 39411 22393
2421 57747 30248 13224 46565 13305
2422 55051 4374 55818 22914 27351 55631 54878 55915 55147 54819 56535 25719
2423 20246 1371 44331 20776 20744 52844 40641 38778
2424 35104 11874 60665 35034
2425 29443 27334 56993 27333
2426 37225 17730 37608 37593
2427 50816 50969 15153 39086 15148 50787 27 35581 50656 35692 37279 15152 36618 50968 15149 49663 49878 35598
2428 21241 47519 38060 38748
2429 6843 49189 15716 8061
2430 56542 38986 58474 55467 57145
2431 54118 54113 3915 61280 1207 23984 35950 10494
2432 25841 6083
2433 34184 16604 19660 16715
2434 32691 31664 31724 32906
2435 11417 11421 9541 11422
2436 54693 47607 45462 38161 52617 37319 58759 55567 47158 59437 51401 13857 32779 4210 35638 38627 13115 38321 4208 35836
2437 16408 20214 2182 16410 20249
2438 30680 5704 12141 5350 30679 5638
2439 56158 12174 5810 5811 61961 56170 6016 8080 10172 61283 55108
2440 3334 23309 43846 41140 61846 38954 40753
2441 43082 24197 40690 43081 40208 42438 40691 42580 41347
2442 40006 43843 44487 3243
2443 13896 20461 18429 19543
2444 26552 58703 13233 57896 59528 58199 36224
2445 220 22246 22271 23025
2446 52266 30884 44977
2447 48316 152 33365 183 31388
2448 60701 52830 13280 53012
2449 36468 37375 1529 37894
2450 13663 50888 24625 7711
2451 47300 29002 29192 28937
2452 60632 31310 6609 3098
2453 53951 41841 36299 44509
2454 45908 46482 1191 46219
2455 15981 45522 15973 22962
2456 60633 53474 40740 632
2457 37629 13487 13488 37603
2458 47432 15054 14714 4545 15056 35955 36103
2459 36481 37527 51120 61876 16014 12512 47551 3672 1936 29982 56967 15436
2460 42930 62082 61133 48529
2461 13140 33135 36740 32952 32655
2462 17414 20511 21121 20523 17450 4628 20917 19709
2463 21362 49732 1091 17464 21352 49733
2464 6353 56919 11769 47315
2465 3850 62480 3849 3827
2466 29705 4966 5695 29502
2467 3961 39629 4188 41716 39738 4164 36116 39286
2468 32965 12106 33462 31588 1534
2469 40060 55694 60483 52846 58034
2470 47184
2471 1430 11555 61210
2472 1444 13006 35796 42757 44391 40204 50913 43680 34345 50757
2473 40027 2196 39591 39765
2474 4407 13817 62421 1092 26999 57397 55471 62396 12589 60215
2475 11871 12379 45128 12350
2476 42699 280
2477 57123 29099 28991
2478 53263 57557 40274 61691 14744
2479 5286 16709 5671 21270 5285
2480 22279 48780 24405 41427 40743
2481 58856 58855 34176 58853
2482 40600 43649 43594 44135 44550 39570
2483 4268 54475 27963 60285
2484 15200 18003 15312 30320
2485 53918 17136 13758 49430 43808 43214 38440
2486 30984 52019 45090 2578 29960 30004 57110 56099 3911 30583
2487 22910 24368 22652 22864
2488 1128 62080 61425
2489 62504 28043 28056 35818
2490 7443 8251 24196 25275 25466 24099 24396
2491 39782 58911 13942 43188
2492 30153 32528 1792 47691
2493 33270 53762 24382 8622
2494 41461 1400 40072 61411
2495 35468 31112 44778 41084
2496 24012 14924 38197 25414 23396 36868 25040 56623 25034
2497 62261 62264 62703 62256
2498 48822
2499 32241 19070 11107 27686
2500 40162 53427 54950 40443 53426 55298 40402 40320
2501 26631 12311 22647 26629
2502 7161 37836 38338 35855 43115 2636 38236 43026 37754 43017 54803 7494 49875 5403
2503 35911 35917 1410 37171
2504 31160 39949 13656 14244
2505 30830
2506 49876 10988 10989
2507 47308 16399 13556 55033 16383 13548
2508 30722 28418 48942 48896
2509 31869 15695 2041 18257 20125
2510 48057 36644 43470 34408 33846 38476 43615 40714
2511 263 14937 39601 29011 14921 37521 38771 44824 12847
2512 51239 21412 49177 51233
2513 20962 18590
2514 38213 59731 37615 59360 58926 36606 59361
2515 42184 56225 57551 50902 17665 19122
2516 18011 20633 18026 17928 20632 17926 61458 17960
2517 34187 45778 5484 54517 44804 56962 56441 3906 53430 57388 54119
2518 60475 55929 57386 39694
2519 2750 16014 61439 1145
2520 34244 14406 35669 38317
2521 15546 28237 16083
2522 48540 49083 50272 6857 48898 51129 10486 50352 50492 8461 17237 51159 48541 9273 32306 15171
2523 15156 487 13555 15163
2524 46869 25103 25104 46586
2525 33868 59391 6607 59392 59394
2526 28152 28153 3613 60396
2527 25425 29290 30467 29297 5151 5654 25960 28611
2528 26618 19299 19749
2529 57411 57720 1554 43155
2530 3931 36918 4005 55064
2531 36874 3138 46182
2532 46728 45909 54335 34294 14585
2533 1275 61030 44981
2534 57499 32458 60305 58896
2535 14177 55011 62087 47892
2536 52672 56842 22608 10171 24461 6237 7169
2537 44673 58282 61408 35122
2538 35031 61502 35205 37074 35022
2539 44061 54432 43596 53813 10429 4531 53815 54132
2540 5240 34928 25946 287 9483 9475
2541 20521 54 33521 9381 48841 35 8059 34584 9379 61 8266 34401 8673 34522 34586 34187 3018 34815 34157 34583 8899 34748 34817 62
2542 17944 21149 26376 26435
2543 40214 40223 40218 40213 40219
2544 28159 46557 4539 48484
2545 24999 47119 12391 8257 48868
2546 55223 55053 54986 49991
2547 28281 12983 13374 13125
2548 43001 43002 43422 26187
2549 33161 19865 11396 15783 27745 32228 33006
2550 115 45029
2551 48142 45667 45602 56072
2552 58344 32259 1699 30210 32848 49183 43220 32676 32925 7463 32826 3019 33172 22388 22400 42785 31633
2553 56242 56199 37138 54460 56215 37139 54586 19869 56197 37285 28819 35682 55684
2554 14418 61209
2555 13539 14640 12883 14893
2556 39509 1098 3467 3527 43169 47922
2557 60366 57690 55306 60482 58696
2558 11751 11752 48729
2559 57210 33643 34130 60053
2560 48735 7540 9907 10723
2561 56242 56208 56199 56197
2562 12081 4904 61447 45513
2563 38465 47440 1493 36769
2564 5536 36687 37742 38483 62294
2565 8644 15002 9581 13588
2566 15267 17757 26537 18543
2567 12161
2568 22155 4971 39408 4970 52777
2569 51730 51839 51656 51525
2570 19875 20868 20740 19991 20038 20037 19771
2571 239 38822 56202 34186
2572 23810 35774 24378 25801
2573 11402 32760 23086 5806 39633 22805 32275 32161 32117 16086 5813 39706 11205 45609 40829 33424 24001
2574 23230 25520 23234 38947
2575 3196 38570 48442
2576 5818 3975 57793 31793 26532 32708 11221 49711 49626 12603
2577 48719 10758 61457 61470 51367 29200
2578 30578 53049 21790 10483 16440 21793
2579 35304 37265 10616
2580 36834 28853 13835 60008
2581 25498 39397 39393 53328
2582 22210 61126 53176 22620 25338 50695
2583 8928 13891 8761 25819
2584 62664 34628 32877 40454 48064 48192 60621 1188 28396
2585 60347 19897 60337 3765 60197
2586 13174 13943 55985 14420 13575 13343
2587 23433 10011 25724 14021 23696 55682 40631 55683 59977 25432 5474 55478
2588 28 11119 61826 62109
2589 56625 56356 3844 56355 55985
2590 19177 33329 19197 18960
2591 45259 55500 2973 55041 46070 12286
2592 23581 43984 44789 23000 2485 20914 25889 49209 17745 42356 7260 42289
2593 37863 55725 59321 2799 25418 22702 56653 11508 50310 55912 50688 11462 58704 47372
2594 48661 48520 48521 48660 1634
2595 19128 18969 18932 35372 19042
2596 20063 20061 25586 20059 1444
2597 32477 32408 32766 49157 41091
2598 567 15773 724 7557 7518 714 7689 4409 692 691 8889 27682 27654
2599 13841 3219 26392 27401
2600 52847
2601 19385 16505 862 21042
2602 9255 9575 15785
2603 9066 46137 27859 23737 20120 25179 10020 9958 30188 23568 8761 23271
2604 28664 47704 13504 61890 28480 47849 28735
2605 9893 24922 24873 1005 1010 8744 24980 1008
2606 52855 53806 62589 59548 39997
2607 31364 43377 51358 51359 31365 43376 51400 44286 55135 58723 60590 61765 12683 55136 55138 49365 51399 39312 55439 54896 60591
2608 24242 18069 19667 25155 20667 20360
2609 54844 14338 13136 14339
2610 38757 62674 1463 13069 61230
2611 21937 37491 3889 1669 5382 38370 20660 21688 37166 20795 38374 34516 35486 1385 26440 2095 21682
2612 42317 42738 56741 60561 42605 54842 58350 58341 42320 58348 60570 55102 42739 41406 60556 58399 60566 42318 41404 58347 43540 58351 58325 60559 57322 58349 54857 60563 60573 58181 57820 58353 37189 57323 34413 55807
2613 36430 36140 36845 38568 34330
2614 16426 16556 26416 17602
2615 9173 18225 18152 18228 7937 17583 30716
2616 53744 23015 60175 54424 55100 7496 43583 7811 42395 6933 28303 6957 43669 54249 10522 43585 53747 23017
2617 54091 18701 29556 33724 29328 54488 58648 14034 29321 2981 50845 29659 50840 29555 58695
2618 58715 49642 34470 41254 40323 13221 42164
2619 44683 47337 4435 4441 3277
2620 43672 13837 10700 37371 41873 42924
2621 1762 3084 1807 1782
2622 44010 13350 19585 20450 13713 13739
2623 30789 30807
2624 1232 2168 43575 26343 14160 37065 53532 43579 26751 54355 40555 53705 44599 43571 59925 54278
2625 5962 43010 42214 44427 43013 44428
2626 2371 4242 2209 3102
2627 11197 8452 8092 22862
2628 45201 43745 61495 40579 8 39955
2629 18233 18232 18247 29634 29668 24504 51072
2630 18215 28915 16307 16312
2631 56514 59352 60148 59355
2632 57157 14309 55855 53898 13627 41625
2633 35602 48083 57922 56815 1406 1198
2634 39117 34236 6540
2635 13013 20493 27385 26083
2636 4747 41656 24854 25713 32880
2637 1355 49756 48412
2638 8028 49014 25605 7661 9691
2639 30077 6826 43419 246 2802 43138 40857 33502
2640 18405 15924 18564 20979 20987 18556 40834 18323
2641 1639 36581 46878 13799 47239 34922 36667 38244
2642 61636 61634 61879
2643 58158 21820 56868 36105 38424 35027 35214 56375 27505 60316 57057
2644 27801 39429 42179 40519 52023 60198 6130 37825
2645 25074 61608 24320 22686
2646 50822 56326 50737 58939 58936
2647 11842 18397 12351 3834
2648 31306 26628 8745 43035 7455 26630 22425 2515 48836 60655 2889 32776 3841 11602 631 28912 31254 3804 43034
2649 8249 4882 11332 10016
2650 31955 9875 9768 528
2651 62071 52815 37015 1494 36545
2652 58589 39721 39717 44534
2653 54007 15638 36646 23346
2654 15720 32238 31764 19520
2655 10913 18836 18837 27731
2656 26405 351 26639
2657 9267 9266 28011 8249 10098 28558
2658 62431 61473 36768
2659 33928 18283 30819 20883
2660 49801 55927 49921 2904
2661 15195 16876 20792 9799 13219
2662 42546 42232 26709 42156 10636 26475 42158
2663 39433 19712 28207 19837 19318
2664 32566 60877 60504
2665 36041 14798 48509 54202 53339 42510 61167 12251 13523 40774
2666 53450 53518
2667 29039 30237 4656 46590
2668 56578 7634 54756 56525 60075
2669 13071 12910 13351 59531 59530 59758 40858 41133
2670 36364 54718 35559 36648
2671 34892 12580 56766 38215 34897 41197 29529 60213
2672 44543 44520 36844 39453
2673 27784 46016 5951 46895
2674 26294 18499 19836 19893
2675 61028 61029
2676 34948 57326 31033 35273 60520 59918
2677 12898 14716 62118 61839 14940 46284
2678 38013 1610 4532 54007
2679 61887 59425 13461
2680 8147 22799 45034 23133 5612 24899 8385
2681 11268 61955 7710 9813
2682 5876 32138 33132 15349
2683 32796 56940 23274 30502 21994
2684 39952 61520 34212 39736
2685 20911 10900 45005 17571 34245
2686 16289 19971 7515 32839 32147
2687 62433 7315 45307 6377
2688 7770 46336 7867 8124 47022 8660
2689 59181 26430 17296 21492
2690 53182 41544 53172 43070
2691 32206 32507 31771 30799 57523 57484
2692 41124 52569 29523 29378
2693 14547 58230 58719 62346
2694 40504 62597 54345
2695 46455 34241 7002 4667 49169 7010 53363
2696 9662 9126 7884 20894
2697 29494 29452 12617 29649 29451 29569 12595
2698 49744 21997 31400 45946
2699 58257 49319 58201 48658 45604 34929 48509 49458 3713 49292 49248 58211 48508 49265 49310 14308
2700 56634 37113 55171 56625
2701 34187 28975 54033 669
2702 20349 49679 37269 49672
2703 42778 43486 42103 40809
2704 47228 51521 45939 47118
2705 36042 36177 37106 37107 38861 37781 38860 37783 36040
2706 25785 47157 62414 35223
2707 11519 6465 39070 8225 19604 560 24143 8541
2708 30795 28981 30425 18137 18149 52685
2709 18198 48233 35058 54641
2710 24668 10946 27777 23476 10960 23672 10899 1697 10909 23547 30442
2711 55720 4819 5570 245 53254 42144 53069 39780 1359 4845 55407 26463
2712 38565 14399 38512 40061
2713 31309 11460 32563 6691
2714 61861 61073 61273
2715 15472 20057 19048 20799
2716 1472 48546 13086
2717 16919 18841 21597 21472
2718 28992
2719 27507 2112 2430 30458 27488 11557 16181
2720 55658 56625 62407 55659
2721 4392 54975 60644 21279 54478
2722 4440 9421 23743 24303
2723 23655 58804 42157 25035
2724 7316 7327 7414 9901 7165 7616
2725 28985 24314 12769 51517 3674 27981
2726 56182 39787 14706 31832 44010 5331
2727 22006 38638 60856 21929 26969 21424 26117 22005 38637
2728 38825 6332 1242 61650
2729 27616
2730 29087 58235 28948 61838 475 42668 42719 42829 61839 44319 43161 42828
2731 33391 25116 33304 6151 33495
2732 17627 39449 56236 18579
2733 48830 46003 45832 8105 24498 25896 33237
2734 61421 50760 31064 50373
2735 28231 16901 31497 33252
2736 26445 19848 27419 49295
2737 15379 31719 32934 31718
2738 1558 61313 47396 49883
2739 9066 25032 14597 58997
2740 61327 42482 34517 37709
2741 6112 23493 51599 25775 51343 24333 25782 51802 25082 25084 3964 24603 24908 51541 27930 6119
2742 30746 30829
2743 33470 24801 4476 33700
2744 45581 6928 41548 45795 33999 8176 34361 8379 8380 8328 7595
2745 49424 42093 62321 38311 37797 4078 37321
2746 9563 10152 26943 9497
2747 18739 55046 5084 1551
2748 20552 17367 3688 21317 17650 9493 21304 17605 93 21227 1927 9319 8481 31862 17577 17606 20712 7237 8459 48393 48397 29499 8248 32465 46196 11061 29807 58270
2749 45781 10037 47095 4951 8209 9301 5174 48865
2750 27661 16120 15958 15865 32442 27705 32863
2751 54114 1743 23102 1925 24872
2752 61684 33185 31762 31785
2753 377 158 48509 47714
2754 25923 32093 22982 24256 51321 53451 22828
2755 3491 22641 3071 36113
2756 33313 7499 53034 7132 53507 8249
2757 24992 21607 20112 9655
2758 8030 48764 20596 9582
2759 51369 47169 46523 51953 51393
2760 8248 56222 28136 56206 15589 15590 12066 27469 59160 15790 32964 56209 32811 56205 13842 31681 46575 33589 55793 33121 60062 56215 32645 33588 6909 4878 33122 32725
2761 18246 16798 52241 16796 52238
2762 2613 36450 53977 53113 11896 12393 12392
2763 3180 3185 11817 45791
2764 33394 11260 24842 8828 9108 1795
2765 61292 31851 59001 15711
2766 23327 2406 5241 4282 30044
2767 14231 51004 50984 5399 50093 52088 14419 57255 52445 41074 52906 55242 57252 5310 51688 51380
2768 41267 35541 43556 54368
2769 29100
2770 29252 741 29233
2771 45934 45759 45904 45905
2772 31153 22487 9314 8753 22341 7173 9243
2773 62719 38199 10421 18250
2774 25581 2457 24211 4416
2775 28039 2372 30079 3444 27986
2776 37756 32756 32755 32642
2777 11582 32874 6587 624
2778 33732 46693 33734 33731
2779 26055 21209 21620 20440 26306
2780 61087 32442 47000 53247
2781 26689 17282 17281 20985
2782 22868 19597 18018 20631 30217 7377 23756 54115 51657 54113 22667 19918
2783 34158 33982 34840 50809 60531 37560 19308 34518
2784 2989 55156 30003 24402 25312 60568 8037
2785 52420 14524 53438 34029 34030 34957 61542 51836
2786 7141 9239 7897 6891 3227
2787 30405 15133 32279 2153 21789 52062 9519 49847 11364 10547 30410 6538
2788 34170 41586 36160 13220 13698 34255 46386 33802 34465 39882 41582
2789 22229 1227 31855 3701 54120 4789 48449 51373 1226 49803 54516 48074
2790 57051 37494 46365 60840
2791 15769
2792 48443 48465 48466 48467
2793 29510 28473 21763
2794 57689 55090 45604
2795 4556 28127 9470
2796 3327 13939 60699 60906
2797 22505 53887 8037 51502 60663 57291
2798 41655 12965 54667 25456 53170 10365
2799 48206 20397 20024 60824
2800 45272 5618 4935 7594 59606 15097 48875 8157
2801 14406 33839 59880 34003
2802 24799 9562 8305 6014
2803 35174 35232 35050 10858 26326
2804 15806 15451 15433 583
2805 39680 35017 35261 42001
2806 59144 26694 27180 27367 26954 41447 26316 51854
2807 60168 38469 60990 44456 9130
2808 35463 45856 3393
2809 12258 28247 62552
2810 48553 7607 30933 45378 52371 25006
2811 31241 31232 28288
2812 41631 41630 47630 2738
2813 38808 34248 46009 47232
2814 23669 25579 34139 22177
2815 24403 3269 24148 24841 8399 8461 9517 7069
2816 21349 6244 52860 9063 34898 33746 8908
2817 33271 31008 1874 14608
2818 53587 53319 54178 40731 40384 46720 45992 43536
2819 8319 9725 10349 7410 8252 9723 9354 23355
2820 46044 52074 26664 21453
2821 58506 25544 25737 35733
2822 47365 60752 11834 3286
2823 28990 34712 6523 11675 10321 10298 11944 6704 34240
2824 20522 17894 33366 20140 33255 27547 3295 7747 30142 12920 27508 2301 3245 57732 2835
2825 15374 57293 28879
2826 10627 10633 48411 34277 10595 10648 10689 10632
2827 50228 50284 50142 57133
2828 26826 52087 61599 52085
2829 54584 40350 54572 54009
2830 58660 34189 32542 35476
2831 60489 38086 60322 4323
2832 62119 62318 1137 61255
2833 36139 37277 37907 37920
2834 41428 12536 45966 42836
2835 62415 35462 54703 5338
2836 24104 30611 61896 26277
2837 46173 42882 46991 41990 42374
2838 12241 15216 61473 36666
2839 11511 32369 1466 15351 15407 29061
2840 35405 61169 45442 35404
2841 10053 9098 8164 8672 48900 20974 8410 20681 20613
2842 15562 3801 15370
2843 33498 32124 40594 39901
2844 61000 60959
2845 36046 4642 21642
2846 36317 48622 36318 36314
2847 47910 48209 50373 58965 34188 54915
2848 22517 49003 9240 1611
2849 44763 60567 59851 14754 13593 60554 13882
2850 38430 35522 27946 13665
2851 60835 60834 60833 60836
2852 50149 12055 28255
2853 43629 43644 52283 1875
2854 40843 1074 35738 44431
2855 35306 59879 4191 45691
2856 62416 45520 62268
2857 53285 53145 53215 47559 42789 44191 53272 46610 1117 53321 1266
2858 60966 21561 58143 58144
2859 50080 34467 49212 49224
2860 8649 10258 7123
2861 30418 6444 30413 2000
2862 12490 48921 23744 48936 22157 54049
2863 30082 26617 60611 52579 30646 26174 29722 62555
2864 23628 43167 23215 43059
2865 13035 40632 12597 54809 37271 53468
2866 18045 18046 19885 17677 12959
2867 22593 18615 52415 52025 35194 52543 51722
2868 28081 563 905 610 28080
2869 3308 17361 57175 56812 58685 57176 50702 57174 56471
2870 32667 50385 23289 58940
2871 3937 36226 37381 53709 55575
2872 24752 15876 15616 25048
2873 23814 19092 6253 31980 7279 22327 23813
2874 32794 13017 35872 3421
2875 31514 31135 19193 19521
2876 40808 35005 47392 24942
2877 29910 366 6776 45217
2878 10116 25359 8905 9279
2879 6528 3451 29153 28811
2880 30729 16186 61978 33556
2881 15741 31636 31763 15642 31592 31529 13785 32197
2882 49196 48816 8126 32658 32508 10492
2883 13456 12916 48237 40045 55854 48295 55331
2884 15324 15254 19505 44476
2885 38641 49393 60360 49305 58183 60548 41618 12655 56067
2886 53082 41711 54603 48229
2887 7000 53616 7475 5166 5168 22768 15160 25717
2888 3418 11160 26807 20010 26269 33929 19767
2889 39170 39273 43598 38920
2890 61558 61535 44387 61494
2891 14393 42552 13847 38180
2892 35815 62569 37974 62701
2893 57514 28551 28658 38171 35586 47520 35629 35527
2894 8485 50143 23202 25959 7226 52122 53245 54664 54513
2895 62024 6640 29508
2896 8458 29358 6790 38009 7445 46022
2897 57823 59703 44163 54800
2898 14345 41027 42849 31219 44486
2899 53198 1289 40068 41460
2900 52978 23926 24839 39430 25797 4875 24106 22443 10685
2901 17223 40170 58280 17208
2902 22938 16803 5328 27418
2903 25955 17331 7359 24420 23772 52735 22847 24350
2904 44425 36227 38851 49476 53802 60528 41969 45460
2905 16873 16949 17021 16402 17799
2906 30008 38244 3448 28016
2907 36623 47422 14165 48557
2908 23359 10788 7772 49144
2909 27360 26767 1635 25733 25049 26851 34444 27317
2910 50052 33173 54594 10802 46506
2911 20039 20602 27520 21055
2912 41871 44269 39881 44432
2913 44054 44056 14822 44060
2914 233 32293 44672 44988 1127 59341 46684 45124 58893 45215 45030
2915 58820 13603 59495 35744
2916 27510 32164 11571 5140 15480
2917 61161 61373 2435 61371 39754 2436 39350 39380
2918 10276 19982 25810 49553 55373 25293 20925 25811 19948 56697
2919 21614 44085 26309 26891
2920 46885 22649 33520
2921 11641
2922 15915 40653 45170 11038 31287 62072 6647 15477 2070 32153 341 41788
2923 50292 50377 57338 42133 56173 23904 55848 23903 60107 3881 51440 55360 50365
2924 28292 11618 59405
2925 6948 24468 24841 15702
2926 51998 61918 13492 13493
2927 3727 50798 37389 49459 49328 42741 50528 59497
2928 45051 58150 3717 51083
2929 43986 54820 42923 21493
2930 47130 61927 14438 29020 39180 56063 44736 13760 42896 1568 41288
2931 47742 47828 47738 47765
2932 26168 19261 29642 883 16184 26385 2128 26729
2933 59307 57070 57069 57068 59946
2934 50424 50500 50458 52137 50108
2935 29482 32628 4980 49936
2936 9414 5287 5348 6953 10018 6093 9506 5321 5347 9928 49084 17991 10067
2937 53995 56797 53996 57147 55160 60595 59371 59519 59370 57825
2938 17304 8592 17439 15240
2939 1607 62096 38764 38498
2940 52783 51439 34749 52938
2941 1964 1967 1968 1966
2942 38201 62472 62446 46043
2943 21983 20727 20728 37009
2944 5706 54405 14487 43493 56309 2174
2945 52187 15265 44846 211
2946 50921 14530 56639 60291 51008 56908 41143 14468
2947 40307 59923 14994 13850
2948 37199 36978 52720 49998 50038
2949 48563 48564 3514 3512
2950 22526 22661 25706 25749
2951 55558 10776 61156 62075
2952 24410 25211 25339 22175 55812 24212 25535 54951
2953 24790 17595 2882 17956
2954 58249 57517 58656
2955 36686 39662 36972 52247
2956 6591 6581 6438 6742
2957 18266 26264 19628 16801
2958 40820 43026 47668 54035 4292 53472 27867 18758 27863 21301 27865 27861 50550 43029 40595 43016 27864 43019
2959 62655 58170 62702 62706
2960 47517 37336 50751
2961 45194 51851 51568 5720 52105 52168 5722 53759 51470 5938 52197 52406
2962 49508 42494 49624 7265 3593 49622
2963 55019 46243 14244 55031
2964 31683 61816 10580
2965 54433 62629 54428 54435
2966 57390 57393 58221 57395
2967 14142 56151 59537 13428
2968 43797 48511 48513 42130
2969 39838 39934 40100 4560
2970 23126 24027 2524 53849 5270 2464 23125 43619 43743 44221 30025 2525 30068 30069 53430 25886 52395 11626
2971 41963 39394 52772 39287
2972 28251 28294 33898 33742
2973 35566 61572 61172 35622
2974 28386 36595 41740 7032 14043
2975 10109 8668 8497 48982 8956
2976 58015 58750 55919 56771
2977 26514 3074 29869 20027 20272 20352 26873 19502
2978 42541 43750 23200 42535
2979 33917 40506 39311
2980 14046 20719 20491
2981 17875 32546 19602 32002 16569 10136 18050
2982 34499 62151 61477
2983 3540 20777 26526 15143 26946 57115 23430 11345 15147 39726 17937 54486
2984 54284 43365 43364 54124 41681 53238 54195 42008 54449 54455 41617 40437 41619 43359
2985 5728 16306 32539 35332 21024 18270
2986 25340 28963 22123 41654
2987 43440 53588 3305 53342
2988 28416 55326 9780 9669
2989 17839 11872 16726
2990 464
2991 9155 8431 24888 22613 34640 8430
2992 28191 5700 3894 11355 61829 11348 10024 715
2993 61490 11367 61854 61503
2994 34964 47465 238 6436
2995 37927 18286 15074 16792
2996 37536 16117 6652 6519
2997 45466 37656 61137 31050
2998 35829 49934 60158 56601
2999 60940 57233 56865 56867
3000 43215 43487 40846 58983 58962 15055 50699 36964 54765 4090 3969 46133
3001 36558 36951 36219 36952
3002 61076 61131
3003 50777 50136 50705 44490
3004 16827 44566 31706 31695
3005 61817 34734 12230 34735
3006 58742 24530 11743 30645 47217 45874 59138 51714
3007 45379 40947 34718 45480 34720
3008 10896 9154 45811 10661 9319
3009 18271 21044 20309 20378 20898 17879 20828 2151 27536 20574 17882 17983 21202
3010 26762 62505 33655 22552 22648
3011 29331 30774 40142 31930 10503 29296 32293 22100 61275
3012 34698 34502 34699 34085
3013 39925 54084 39400 40488 54082 42948
3014 39026 62331 50301
3015 27024 26521 27026 62698 27025 27023
3016 9354 45249 22407 61046 58438 61246 4260 7041
3017 37069 42634 42775 13545
3018 14260 14197 58367 12816 55194
3019 30174 57622 59217 47733
3020 36818 36869 47433 55211 37553
3021 42557 36833 43394 59248
3022 16170 20045 4365 4367 58960 4364 61022 6914 46857 19504 41488 61202 46853 61675 42862 45530
3023 35411 40694 42543 4482 48212 33893
3024 1587 62498 28932
3025 54819 15280 14040 59075 39718 39109 12768 39171
3026 9648 8110 48304 8631 7909
3027 57630 58623 58577 58580 27482
3028 10227 9354 9174 8360 45632 46969
3029 52252 54603 16042 15918 60296 13107 52246 60297 18004
3030 26157 26813 509 26948 28833
3031 7881 2621 9583 8359 9589
3032 55508 50139 38873 55111
3033 54846 32206 46600 12700 23668 59293 49401
3034 40172 38277 24182 53314
3035 14631 59430 59489 59594
3036 12221 7601 12222 7388 25585 11304
3037 61411 38306
3038 41396 41296 27492 41297 12744 54461
3039 12852 38968 39889 43269
3040 14280 14603 39635 14515
3041 6641 15821 15820 6674 501 6610 370 6739 6630 6736 369 6642 536 6741 441 298 15817 6796
3042 56221 52621 49777 2769 42902 4175 2651
3043 39491 42434 14401 39490
3044 32475 22479 29261 58708 42125 8461 3332 49167 8229 52138 49052 22200 10523 39057 7376
3045 28478 59314 52110 4348
3046 30228 22064 29946 21721
3047 6268
3048 46485 16748 46103 17345
3049 61901 54759 15863 16046
3050 45319 30380 45236
3051 24643 24788 22547 24314
3052 62468 40956 10568 43032
3053 43826 43823 44198 50007
3054 62080
3055 26908 14196 14573 26816 13673
3056 38561 39214 36240 37868
3057 30249 30273 30276 29037
3058 950 52306 5964 966 47173 28093 43524 46824 28068
3059 4374 4377 4375 4372 35753 38097 50885
3060 50455 17218 17733 50454 27461
3061 13158 27520 16343 19085 30705
3062 7408 55394 12320 11908
3063 48566 48444 48448 48570
3064 47388 61109 41708 40760 50322 40566
3065 58973 30383 660 60813
3066 54597 56238 15103 24925 54967 59345 56370 56145 57924 7035 40751 55847
3067 40621 57487 62464 56035 40241 11966 39505 61995 39520 61849 1213 62491
3068 49008 26589 27047 8412
3069 37126 22039 21940 21914
3070 592 12505 387 47068
3071 31487 31553 18662 16966 17342 18450 23534 15800
3072 29375 28466 29511 29740
3073 37659 11621 61032 46058 31903
3074 22603 29893 4633 27268
3075 59246 34229 57780 34504
3076 12285 53161 30371 28949
3077 11609 24404 30239 20204 34986 30092 27120 25313
3078 57998 57170 33663 60090
3079 60317 58395 57565 54885 62178
3080 59417 48469 58897 57321 58092 4198 56561
3081 50572 50574 57492 54938
3082 55099 29362 13167 40284 42473 56786 37181 56021
3083 11385 33276 8418 7484 13530
3084 17029 18170 18169 19058 29913
3085 1590 62079 62080
3086 4546 4456 45125 24619
3087 51308 49922 49241 49877
3088 37157 42944 39185 50979 4046
3089 7998 7606 7507 7608 8192
3090 29925
3091 41957 54089 61392 8299 21340 40811 13667 41482 39907 44241
3092 41191 14479 48492 1162
3093 54120 53493 5404 28940
3094 2790 25927 41123 37048 14028 62128 14025 58422 2768
3095 44259 57560 62520 42669 43245 61306
3096 17290 17993 20318 21844 19873 20255 36707
3097 28160 35065
3098 34737 61792 34225 34042 34763
3099 49633 26388 27091
3100 47695 11499 17943
3101 6254 30486 2393 44821 44889 18756 6255 2480 45059
3102 39661 14810 47197 34358 46774
3103 62667 27938
3104 25865 16460 25007 22808
3105 20579 24542 7690 16390
3106 32829 32366 32162 33258
3107 16270 31849 45285 1803 8764 396
3108 28925 29047 32345 28814
3109 35170 45518 35263 31846
3110 18745 21863 18743 18729 34530 10836 21964 21373
3111 50287 60346 55869 59691 59701 57923
3112 58986 25135 58528 25155 1423 1410 11489 60345 20878
3113 3360 21213 16965 21952
3114 22268 16382 16072 16383 15932
3115 46638 2779 5130 5521 57160 3110
3116 57458 57547 57056 54764
3117 62160 51445 10944 51183
3118 43700 39354 43303 44147 43701
3119 7081 7796 25879 7797
3120 36340 34179 61422 28954
3121 5847 1706 2059 49170
3122 43503 40992 24936 42979 52510 47517 18417 52253
3123 25759 22545 30970 23722
3124 57327 42718 54492 57328
3125 28798
3126 28860 10526 18434
3127 13633 1581 1669 48587
3128 29045 11755 190 6455
3129 45053 46208 28437 45282 28578
3130 34185 34184 15788 17256 58527
3131 57365 3524 59318 30999
3132 19311 19357 53323 16070
3133 54588 44091 39516 53957 38895
3134 10743 33372 13244 26713 26569 13267
3135 9163 24375 25490 52015 25224 23954 13453 23901
3136 45170 59356 54685 28822
3137 7508 6888 44851 7984 44881 2492 2493 5181 7652
3138 59537 3436 47865 13947
3139 25599 48888 30004 23870 25725 2486 16177 7887 29995
3140 41749 40193 31005 39724
3141 18894 53526 26390 47426
3142 28855 6322 15383 6486 28302 28245 28276 6651
3143 28290
3144 17169 11255 57531 14173 4622
3145 53881 41129 44029 40971
3146 44465 43184 42545 44380
3147 30297 28331 28293
3148 17724 17528 16406 17682
3149 30911 30748
3150 15883 58103 7491 32105
3151 59574 45615
3152 38480 41567 36736 35881 42776 44131 62373 36016
3153 54959 37937 3725 47873 58043 54784 58203 59746 31005 58954 54890
3154 35509 61180 38881 34558
3155 33605 22336 9078 7415
3156 3928 36276 50384 49246 55126
3157 52925 10734 61997 53496 52927
3158 22866 10396 7470 52693 10191
3159 17708 26427 18212 31760
3160 39619 4381 43257 57783
3161 41930 13976 3165 41284 53256 44212
3162 15920 6703 7106 15396 15907
3163 18540 32413 19139 18436
3164 28400 10950 51603 15966
3165 31734 54852 37725
3166 35603 34440 59452 58131
3167 43097 15005 61423 49348 55028
3168 584 1582 35237 6392
3169 54880 49616 57830 49825 39804 60558 58107 59049 50685 37868 44755 59051 60555 58182 50616 56965 42604
3170 33319 23119 61023 51280
3171 48881 7080 30759 7794 1539
3172 43092 4220 41842 4187
3173 39262 35585 62254 31196 35195
3174 21982 21176 22055 26477
3175 41702 53772 54633 54708 27813 32981 36805 20721
3176 62064 49034 9657 52152 9010 8957
3177 15356 5435 28339 11538
3178 24589 24894 24590 25596 24893 60056
3179 31423 10596 20716 31587 10799
3180 13885 42113 13254 36059
3181 8559 24940 21264 25064 23967
3182 56597 57430 56127 35626
3183 32281 20185 14402 16604 36631 23640 33215
3184 3606 27128 26486 59554 3718 6228 6099 8691 12348 34007 45373
3185 4372 38084 4347 35470
3186 40138 37098 13278 13021 15537
3187 8248 25814 23878 48766 8661
3188 42037 41506 14837 42021
3189 30792 30875 30885 30876
3190 6912 12647 6962 42602 6879 6961 9320 42600 42607 49545 12648 49665
3191 12068 62538 27872 28884
3192 12958 62469 42081 28803 39938 40993 53373 13035 1130
3193 32868
3194 2994 2293 2986 27937 27957 30229 28053 29973
3195 53253 141 6749 22530 53282 47620 47651 179 10766 32818 32495 32785
3196 36920 38372 37704 38521
3197 55531 48529 30110 15856 55889 29857 55906 16143
3198 34843 42631 34357 42038 40286 37574 43362 42408
3199 48821 10044
3200 28855 59017 60349
3201 54298 59501 54301 59472 59235 58014 59481 59483
3202 940 42460 56932
3203 20623 19610 21108 21109
3204 28408 43942 1685 28431 57088
3205 17736 17391 30429 20529
3206 24797 25895 25057 61065 16322 25251
3207 30542 56966 27706 62332
3208 32170 26040 21511 47784
3209 27217 16225 26058 51597 56900 61447 50222 52645
3210 14472 27416 18693
3211 15083 7482 12882 50862 50451 50861 25903 7399 32761 51922 15072 3987 51923 7538 14492 15156
3212 4205 4029 59169 3956 58378
3213 22257 38881 60343 17492
3214 52175 44006 52198
3215 6163 8749 47352 2249 2248 47423 44934 46028 2246
3216 9553 22219 55193 22588
3217 59726 49863 52470
3218 23958 16687 23959 24392
3219 19026 32875 24934 52056 7519 8604 24931
3220 40052 35064 22578 28715 51499 28761 41348
3221 61259 61079 61759 62347
3222 37637 13179 48130 37143
3223 13431 56249 40810 13527 14731 56250 13531 14414 56255 13537 13312
3224 59583 57339 54946 59106
3225 45068 15632 45358 21011 3451 17122 19215 26865 15844 17259
3226 38645 54098 52870 24769 44391 7809 60414 36086
3227 39794 1097 41431 13915
3228 4474 16604 31071 3264
3229 6807 29717 57800 11666 4999 62708 6433 26994
3230 29009 17802 16938 29054
3231 61219 37843 61857 35344 1318 4345
3232 19109 19111 14386 5040 17544
3233 55273 52943 55042 40894
3234 50179 11036 15374 618 18641 20404 8390 40609
3235 31652 28311 32135 31972
3236 667 9422 540 7211 793 58017 755 506 7283 858 8801
3237 16210 16346 30949
3238 45279 4634 12433 51942 51911 4792
3239 31432 19105 59661 19100 10166 19084 1831 19101 92 19103 19102 19104
3240 44787 53909 43970 14510 43791
3241 34883 34905 30080 985
3242 41816 43195 44037 34050 44652 45612
3243 28846 47635 32826 28368
3244 48135 1483 33938
3245 33071 43472 42895 24471 41328
3246 6404 29947 45645 6403
3247 25590 25644 25608 24240 25734 8347
3248 13027 16537 17386 16536 16512 13345
3249 41856 34643 34563 61682
3250 38975 48024 31155 3440 31154 48071 48154 46399 57022
3251 7575 16419 17827 12843
3252 54600 54597 53252 53041
3253 1798 30439 2487 47689
3254 38317 57382 38344 46623 46441
3255 21542 27528 21474 4233
3256 21218 18084 11080 5565
3257 6685 6607 33488 31960 33414
3258 23371 2531 2678 2987
3259 42884 14922 39913 14207
3260 48531 12535 12623 12418 36930 37228
3261 21600 2102 1830 33729
3262 48253 47140 61003 50824 61927 62208 40746
3263 60767 61414 38420 41689 61702 3201 296 41688
3264 19154 16276 34199 18775
3265 25326 11542 23700 23924
3266 18870 18106 18863 17946
3267 38668 60036 37331 39127
3268 32137 37145 37580
3269 50776 35419 37104 55529 55895 56732
3270 37489 45937 55586 58342 46457
3271 61718 52899 55838 13331 55063 39364
3272 24620 9892 24926 7530 24832 10027 9459 24629
3273 55167 58209 57866 58214
3274 21236 50988 50985 21715
3275 34863 32143 32696 34855
3276 38448 34188 49670 35351 37039
3277 62148 17717 3201 19497
3278 51887 26456 51319 40118 51317 14257 52240 14645 26912 49377 49376
3279 47573 55617 47148 47149 47615 51563 41517 37158 50237 40512 1709 44777
3280 44073 44627 39298 39915 44070 44074 41385
3281 32888 6422 53337 32693
3282 2998 27386 32109 27404 15316 43026 51545 8529 27000 26638 31970 8086 31468 20664 57921 2804 6141 2954 8551 10413 14842 2881 15306 21634 2532 18157 58620 27417 2907 22010 3069 51899 31632 54977 6210 57749 2448 51255 21798 34779 27007 51756 15323 59290 27266 8084 7177 60101 60231 32124 58339 21779 2715 32853 52452 59432 34678 27423 51873 2958 41327 2255 20610 20138 2226 32135 15305 2539 59346 26069 51494 15310 14962 33406 51948 12783 2969 39724 49270 26513 40232 31530 20759 5312 8091 18783 32944 55995 57374 32529 31353 10414 51461 2323 51693 60045
3283 39400 12995 13881 39405 12635
3284 15805 18685 39151 53652 15920 19344
3285 13216 50908 37802 60843 39562 3388 38076 42518 45537 58286
3286 15011 14430 12594 42247
3287 25191 49091 7577 25189
3288 22486 4305 23129 27917
3289 47779 60911 12750 12758
3290 48837 48826 9714 8917 9153 29639 45092 9294 9134 45289 10352 45356
3291 35215 8076 2223 7910 6057 35052 4785
3292 60002 36947 55266 40082
3293 7493 55025 24350 23627
3294 38764 40679 40796 30365 4472 50736 8754 54908 4131 43620 4130 38064 33844 45621 31278 29040 37830 55214
3295 28933 22902 51970 12192 15836 1864 11700 5523 24612 27639 37037 52245
3296 15429 6424 6273 44864 30014 25550 2618 1095 25681
3297 30978 402 30984 1253 5953
3298 54770 9592 8787 6954
3299 3009 3010
3300 33821 53612 41974 43152
3301 24679 31446 6802 58559 48063 56572 50012
3302 62021 40914 13960 4010 61007 38602
3303 58713 57751 39199 60968 60977 59157 59113 60300
3304 32831 36908 62608 47550
3305 61607 34981 3502 48378
3306 180 51542 7184 12118 52325
3307 13062 57712 33860 37487
3308 25619 21038 18748 21047
3309 40084 10480 62124 55718
3310 58391 58309 55098 60058
3311 7474 22806 9858 9094
3312 4987 10624 27807 40153 23739 10625 4625 9850
3313 36083 41944 12121 62622
3314 40532 44120 44034 43022
3315 60009 37784 36479 37119 39067
3316 43168 14238 41422 59791 58274 14313
3317 59218
3318 35554 36966 48573 37179
3319 48655
3320 43304 8239 7776
3321 14408 14831 14836
3322 31634 18437 35934 19972 18268 16752 18377 17339
3323 752
3324 21638 27532 21071 26337
3325 61447 13869 3784 24849 14882 29715 12634 61031
3326 17401 4955 1157 17344
3327 46216 4423 1500
3328 2164 31639 31600 16981 11072
3329 4864 49210 10232 5567 25700
3330 21945 61830 62041 21944
3331 21692 57451 43771 43969 43790 59232
3332 942 47790 949 2783 918 2837 29872
3333 60898 45561 56555 58086
3334 17827 23662 20684 23664
3335 19695 19536 20041 20415 20039 20405 20882 19626 19012
3336 52429 47105 9543 13193 52396 9185 8925 25377
3337 20532 16938
3338 21309 36348 47316 29117 35588 60964 36653 21308
3339 23299 6326 56128 36573 56075 10277
3340 61927 61236
3341 25863 22615 22601 25317 27291 14396 27306 49271
3342 44773 42779 43286 42230 41668 39141
3343 41104 43041 40406 43463 53164 57270 44700
3344 51835 15151 19354 6545 32863
3345 35962 38062 35494 38541 37507 35639 36421
3346 34752 51673 49120 18791
3347 59351 50660 59348 1350 1344 59349 1650 56747
3348 51860 57538 7331 47782 12381 56107 51962 51715 36493
3349 20371 50072 50217 47732
3350 38272 55187 59095
3351 41886 41877 43042 41885 42986 40950
3352 37910 15511 28970 38017 13708 5508 13435 13776 50511 52966 29542 33772
3353 45296 15470 23922 56869
3354 30984 32958 21689 32957 30998 23101 21399
3355 50227 51060 51014
3356 30780
3357 39888 40966 39890 34446 39521 39887 3782 39886 41033 14020 56401 35958
3358 17116 17318 41781 42586
3359 24419 22181 24175 4939
3360 3376 3312 41889 45586
3361 28292 2588 46783 21447 31844
3362 15085 46722 46724 50114 6875 51501 25714 50305
3363 45634 8123 45836 8508 33233 12885 32172 22243
3364 20788 30162 26689 26882
3365 41530 54601
3366 38961 46892 10113 46581
3367 20904 21078 60945 32267
3368 61047 61138
3369 8463 7100 11585 10658
3370 40768 48016 59280 43676 48221
3371 19821 3059 29288 5331 17633 17667
3372 21860 42179 21859 21862
3373 61451 39594 36502 54394
3374 59521 60082 60852 59719
3375 30446 6980 14868 27651 8800 27006 12030
3376 39943 41956 39940 39829
3377 48377 14722 60452 3516
3378 58792 1585 29619 34094 48883 1281 28048 8857
3379 978 61470 982 48678
3380 11129 8999 8031 11128 4895
3381 44063 16981 46763
3382 30819
3383 33576 16984 17167
3384 37309 37844 1616 12604 12422 54980 1321 22009 12423 1330 49318 48600 48630
3385 46663 46248 46496 38287 46662 46664 46661 38283 38286 46591 38284 46592
3386 1787 45013 17922 19087 16207 19292 24611
3387 8914 48761 48732 9310
3388 54895 12926 34777 57099 59441 19572 26386 6059 23681 57460 55374 55860
3389 60886 26675 58119 20730
3390 54057 53374 54050 60423
3391 47430 3523 58529 44082 36100 33466 61515 40299
3392 47372 42965 30354
3393 46166 35977 50943 57179 2454 17795 21951 13393
3394 51526 1692 2048 1943 1972 1691 1790
3395 34187 491 636 21026
3396 43527 13179 12913 43884 39507
3397 27107 27104 33857 26288
3398 20209 19685 19758 16737
3399 62117 37762 1271 1270
3400 21518 19554 5157 20228 28748 38624 29669 29415
3401 22659 24937
3402 37249 55546 57230 1346 57236
3403 5831 18184 41439 5478 42486
3404 44984 45266 46630 15347
3405 51222 28169 51886 1248 3654 30497 60664 52011 43954 49522 52044 2197 47359 51800 30591 3971 53679 34582 2509 10942 51952
3406 11893 22673 61142 61553 61451 61554
3407 43202 1083 43100 38071
3408 47727 4635 57111 46192 45102 51601
3409 4023 42089 56722 39823
3410 2115 2114 21679 44320
3411 54268 57979 44769 43511
3412 54286 54194 50561 40297
3413 45122 54167 45013 47887 53457
3414 62269 61323 61940 4340
3415 46587 8641 33302 11335
3416 22117 25204 23482 22137 22121 25203 25205 24844
3417 9035 44890 9691 55256
3418 4105 12831 12833 53226
3419 8477 24342 7978 32390 1395 10403
3420 25962 53414 56272 30166 54791 54790 2695 56920 57086 56921 56276 49592 25301 2732 2885 57087
3421 52912 41576 53307 54400
3422 39724 58286 34351 50600
3423 32735 45668 1497 6411
3424 23333 30024 22880 16081 23137
3425 9477 23128 52890 45868
3426 40873 40640 39904 42565
3427 12873 7445 53240 13379 22158 13361
3428 46584 18488 16392 33292 27254 15659 16712
3429 15803 29253 15889
3430 60958 40699 60975 11583
3431 14293 12608 24803 13261 1170
3432 35926 12751 3305 2719
3433 28677 28701 28750 28762 28760 28700 28758 28516
3434 2688 2687 3012 3013
3435 19810 27112 47785 20113 16701 17377
3436 22226 12822 52316 44084 39488 12928 43332 9104 52459 39332
3437 35380 38603 15533 33282 15701 26016
3438 30598 17843 18732 20761
3439 34222 45471 7914 8362 57092 50191 7913 34363 48749
3440 10980 500 841
3441 27664 11264 45815 21394
3442 58286 61887 4148
3443 9564 8312 9565 9593
3444 47273 60330 54661 32339 39177 62305
3445 44437 5248 1239 44438 53930
3446 19992 43480 41995 14876
3447 18918 11022 4683 6910
3448 31080 59189 36403 36402 35768 37227 56324 39106
3449 9331 15891 8866 51296
3450 31808 45965 30958 22283 24579 6256 24423 24895
3451 25329 7479 24522 24056
3452 7236 11183 8832 4646
3453 22128 5775 23037 22126
3454 37282 61556 43875 39431 14927 8977
3455 16658 3257 48050 34931 46021 23610 47981
3456 55767 55768 55766 60582 59660
3457 36872 46880 46743 37538 38404 46742
3458 59773 57272 56113 54998 57414 56049 58250
3459 5852 6959 2922 7341 5853 3054 21789 30065 30829 3347 3267 13340 6981
3460 3058 2329 34070 46621
3461 56875 56874 56656 56664
3462 62287 61391 61184 15576
3463 19625 8859 8038 30793
3464 33634 33630 38894
3465 30130 1238 2702 35894
3466 39927 54854
3467 61681 1415
3468 3188 3189 3190
3469 34185
3470 28504 60 11175 11121
3471 39509 39624 39480 40114 39911 42726 39916 39790
3472 6623 25539 5650 10364 48892 29135
3473 44122 43876 38016 41519 42262
3474 29435 33508 29436 10557 20779 18846 20069 33104 32173 50782 20783 18519 18842 33509 18200 19553
3475 53409 44197 43796 44193
3476 8361 30285 285 8123 47055 6305 6743 46108 6368 24255 47172 34910
3477 10933 2867 6427 48494 21877
3478 42522 43247 42705 41157
3479 46189 48055 30984 46491
3480 6697 52774 16075 15413 6524 10921 6837
3481 52127 37187 48540 37184
3482 4334 42680 61069 61226
3483 37229 37751 38782 37051
3484 49874 18350 59312 37716
3485 10752 38139 31608 9561 32891
3486 61982 35060 46134 46896
3487 47405 24817 24425 38625 23838 35711 14579 23982 13184
3488 43351 56634 43318 34891 40422 44615 56629 39677
3489 11612 55059 38649 38246 34500
3490 33250 45227 9556 45217
3491 4364 19416 16957 19412
3492 25311 23363 52132 23495 23301 24335 52249
3493 25565 15161 5716 50687 25604 52259
3494 13583 3864 5933 42075 8211 33163
3495 55433 57139 50611 34074
3496 21947 19870 30635 22024
3497 18568 54849 52091 18456
3498 43060 42637 57105 43999 55515
3499 7308 7305 39601
3500 38468 47852 56622 48076 3222 56625 54614
3501 48558 48564 36296 48462
3502 4641 8152 53057 52845
3503 31517 33347 7154 15833 56960
3504 14787 14790 14789 14788
3505 2820 27824 22477 30845 30478 24675
3506 10036 7425 7657 8534
3507 61502 50744 33058 37283
3508 19274 18913 26429 26239 26697
3509 17694 46128 13103 12931 16811
3510 49001 7266 16333 33290
3511 17576 19382 35195 33453 8882
3512 19148 5599 17408 21124 19891
3513 29496 20982 16461 17994 21395 29504 17363 22269 17832 11535 20682 16959
3514 22874 4512 8752 9637 8895
3515 27814 27873 15075 578 27807 323 1297
3516 17920 2167 17888 48965 30811
3517 22357 4862 23045
3518 28430 48876 29415 32550 32778 30989 8664 48791
3519 44870 4326 53694 1133
3520 36779 36840 61348 61636
3521 2475 30961 38928 37156 52609 30754 51231 52053
3522 28885 50221 6051 30727
3523 14642 42064 54237 55388 54241 54239 54236 42890 54240 54238
3524 61093 45948 61915
3525 43557 43623 40518 40014 34274 40013 43626 34268
3526 53397 54192 40543 54191
3527 40174 36984 13315
3528 47098 36873 35414 33956 38162
3529 17771 16432 25742 38544
3530 23332 39935 22624 11404
3531 36875 53569 53568 22745
3532 19062 8280 9003 8205 18159 18409
3533 4011 35203 22431 22173 29188 4117 29148 827
3534 8783 7914 8782 49059
3535 38104 16751 15331 15248 15228 21008 20372 20373
3536 20856 20857 26355 26354 42219
3537 11883 45253 42947 45091
3538 57513 28618 28612 61555
3539 44873 1110 5216 52678
3540 50780 7414 7352 50838
3541 57604 35724 55359 47287 61515
3542 9250 8171 8360 9267
3543 7488 5870 44424 20092 6027 9029 3205 41444 5738 51905 47683 26507 5442 5815 5655 5044 43549 46723 30508 40109
3544 20469 20244 20403 19946
3545 8872 49038 28428 28353 8381 20513 687
3546 23667 23319 23554 52892
3547 37466 7206 38295
3548 57885 44766 36520 14089 6 22812 38273 54025 14016
3549 39155 61916 35083 35228
3550 32898 58027 54960 33705 44613
3551 17496 17177 26515 32452
3552 47325 51661 29885 13992 34462 2888 29923
3553 44954 27460 17996 44906
3554 15377 54868 31539 62395
3555 52722 60983 50476 3324
3556 49562 48500 41431 46179 36311 3431 3942 1649
3557 33794 37935 1542 1539
3558 55078 23769 14241 31175
3559 6566 6846 16124 33569 29114 6732 33565 34183 33564
3560 18700 17107 4554 26930 26931 31565 18031
3561 58374 49995 2283 2993
3562 21117 19863 32729 21116 19422 20618
3563 61449 39103 62178
3564 44237 4947 61507 44239
3565 43204 18368 32948 31840 18427 33240 33445
3566 34459 33933 34067 33930
3567 37972 13411 37971 13892
3568 54321 1077 1300 10602 42131 47395 1156 36305 47450 54322 1071 53777 54323 1064 39756
3569 30855 59280
3570 57677 56383 52039 58443
3571 16242 48135 38102 18056
3572 37721 13853 31299 14570
3573 28148 28146 2135
3574 40181 23853 61071 41436 37678 34460 14661 54416 50514 39235
3575 32154 11290 8426 33345
3576 40802 45854 44250 39824
3577 17554 35384 17787 8475
3578 37558 10320 35680 42950
3579 15700 62238 15840
3580 32831 5777 5760 60264 6663 2021 5756 1177 5476 37992 5761 15753 5747 15809
3581 49132 30809 9900 9141
3582 32820 55400 10455 57925 59744 60205 10456 32236 14112 32435 10531 14357
3583 62265 61832 62239 62369
3584 20045 8602 39991 45336 55997 51999 25271 20929 41276 25372 56054 13598 34985 19425
3585 45703 1058 45918 29858 1445 11826 3006 4256 47989 45660 1672 1048
3586 22216 22161 10230 43097
3587 19421 19956 19561 19423 30608 19827 19431
3588 24617 10121 24830 7432
3589 28443 6384 19340 11721
3590 47907 37442 55080 52726
3591 47263 47264 34455 3172
3592 54417 54198 42878 60226 26631 34676 53448
3593 11265 11180 45300 44937
3594 45342 15413 45337
3595 38628 6415 60805 56847
3596 55289 48468 40456 24767
3597 28186 22930 15974 22274
3598 10895 59938 62116 48324 56977 47886
3599 31595
3600 28391 32898 19317 28716 53104 24295
3601 52250 11536 46263 54079
3602 55348 14335 18715 43008 13260 13255 45748 7120
3603 61810 34276 34657 47045 62228 34235 37194 61378
3604 55665 21063 19859 53408 48770 20888 30293 17495
3605 6176 48269 48783 12114
3606 59810 33616 34598 34772 33861 34228 34906 33934
3607 47602 45872 47604 28295
3608 47226 55141 22308 51703
3609 6033
3610 53375 52801 46236 52818 52909 52839
3611 16737 18802 22058 20647
3612 53270 47486 13184 61467 34231 50428 50409
3613 52610 41746 51810 60327
3614 107 32741 354 29187
3615 50596 52140 52040 60408
3616 13385 15039 13479 35117 13634
3617 20616 17514 17159 20823
3618 55783 53696 56838 60669 51347 23742
3619 42773 46362 939 14731
3620 8864 11703 6661 11497
3621 23788 47056 23786 36598 48441
3622 26380 26129 21909 26050
3623 39572 40600 50905 50545
3624 28537 38665 19173 38562
3625 5191 5305 5725 1410
3626 20576 48611 20544 48610 48435 48509
3627 46450 36528 10895 46177
3628 10792 19714 10797 34946
3629 50898 58871 57465 36464 50887 58868 16085 7870 48640 37776
3630 8731 14512 221 8730
3631 6549 9685 9622 10011
3632 20797 31058 62714
3633 33423 32711
3634 15605 16123 6702
3635 13159 6697 35748 5424 29016
3636 55773 47261 38129
3637 21466 48141 21710 4091 23307 49390
3638 8458 22231 48937 48810 10341
3639 1312 52736 49564 43672 60299 39745
3640 6995 7325 7314 48036
3641 39382 40056 39849 17191
3642 38331 12326 38332
3643 60246 55675 56291 56288
3644 17232 35139 16778 29401 16678 29544 35138
3645 49076 49117 49070 43956
3646 58067 57507 16217 58064
3647 34642 33882 34098 34096
3648 25723 23880 23580 31985 32817 25722
3649 41108 44072 54313 41432
3650 42485 57858 41146 55584 59221 53988
3651 25344 22454 12968
3652 39791 54158 38054 40298 51176
3653 58120 42610 59047 58177
3654 56952 12820 35544 36494 35391
3655 46930 50851 50316 13602 55530 50315
3656 48922 2104 32835
3657 2397 30550 46217 48137
3658 10509 61245 10427 10466
3659 13591 13448 14137 42253 45849 41964 13653
3660 47518 11831 21012 21067
3661 34983 13225 35198 35236
3662 36915 38871 38203 34189
3663 32379 11942
3664 18053 19440 18029 18112
3665 21161 19974 20343 20459 20594 17537 20342 19911
3666 8148 8218 1413 51167 5256
3667 43026 3249 53052 53115
3668 36853 47933
3669 24501 7785 53771 9642
3670 3045 34491 62091 34686 46908 2473 2767
3671 34507 54094 34651 34635 33904
3672 50367 50157 29069 59449 56711
3673 60696 45743 34188 45543
3674 14133 14038 43086 52853
3675 55981 54719 59282 37643 45997
3676 60350 50977 53245 52931
3677 44179 10569 44178 43701
3678 48591 48467 48592 819 15487 739 37056 60711 60777
3679 14969 21953 21698 43494
3680 43505 4160 4194 39256 35333 33947
3681 22105 53287 43151 53286
3682 37582 29175 37202 36499 47453
3683 5220 5972 27976 5959 46605 34201 33783 4787 40924 5971 37310 27967 28063 15303 53411 51893 61976 28010 5639 5385 46890 2390 28098 47614 61876 38339
3684 53209 54981 14256 49249 42074
3685 9571 16241 8510 25287
3686 2433 3050 29018 2976
3687 41355 57696 54573 45549
3688 39833 40020 39832 40023 38164
3689 62079 62080
3690 13375 53585 53519 40986
3691 37304 34731 35439 38615 38614 35438
3692 34537 38645 52729 50094 50318
3693 23145 21257 22262 22273 23178 27743 22490
3694 5204 1629
3695 30275 25060 8657 30308 2396 16147 7896 53109
3696 30759 25230 24935 9469
3697 22358 8706 12298 25796
3698 4322
3699 22516 26244 13338 16669
3700 4896 12281 53694 62064 5515 4995 52435
3701 12000 51350 12367 33979 34131 1255 57309 12340
3702 18002 21872 20688 21856
3703 5037 36713 73 67
3704 29773 46548 10128 29774 46658 7056 5365 38888 33099 5984 38590 53019 10107 4657 10344 33442
3705 25969 24357 8881 9636 24910
3706 9498 61336 9653 11956
3707 2985 28719 19917 2789 20284 30099 8981 2840 2961 20808 2839 28649
3708 9138 30623 8719 9822
3709 51799 36309 51622 48602 12827
3710 56150 40740 48301 2483 48300 34390 3363 34297
3711 27721 26394 26831 27696
3712 18763 27350 26197 21523
3713 31925 11916 30826 9000 10395 11343 45043
3714 20770 19595 17989 4419
3715 16024 52398 52501 2751
3716 8603 61931 11528 61837 61912 11437 12012 12155 131 62027 61786 8600 12187
3717 23109 35374 60364 25251 10979 10935 25308 24418
3718 62042
3719 62211 46306 50765 40550
3720 31268 772 716
3721 48638 51088 54584 54599
3722 36673 24228 11063 25044 23079 28482 6943
3723 23967 48755
3724 18796 47467 18795 15533
3725 55288 60312 51068 33680 60274 60295 47780 47955 60965 50675 60804
3726 29091 46066 29092 46065
3727 18386 18387 25473 60124 61238
3728 44769 44767
3729 36508 48824 56634 52811
3730 3818 32171 11509
3731 26554 26100 26271
3732 8907 8909 10279 61447
3733 26794 27042 5327 26733
3734 46737 60533 3764 37898
3735 53614 41840 53305 42856
3736 36495 39051 37651
3737 42822 58835 39973 39975
3738 45661 10544 10433 10651
3739 30995 28157 31108 11012
3740 56840 46294 36939 38567 35684
3741 37707 35687 58044 37713
3742 1898 15520 15707 15861
3743 6449 52441 25431 42823
3744 25016 17604 4016
3745 20048 45153 31894 62672
3746 55199 55258 56658 58509 57772
3747 52249 51990 51554 51552
3748 29670 18383 29419 18341
3749 8405 39768 4545 37967
3750 55520 55424 34299 33782 56856
3751 24076 62025 47489
3752 23528 23523
3753 7096 23321 7095 44904 44905 25001 8234 24972
3754 52970 36395 38578 1447 54001 53155 53107 53861 52969 53841
3755 24778 48507 32518 31630
3756 36973 59053 38997 59056
3757 18515 17896 17387 17916
3758 20616 33466 51570 33197
3759 53134 55233 44440 39724
3760 58689 28527 29677 62402
3761 22082 564 21963 19624
3762 55886 56417 56416 60495 14651
3763 30160 2270 29993 29503
3764 5908
3765 57151 53651 56839 41724
3766 61887
3767 19647 20480 21154 18802
3768 2836 2607
3769 56980 56011 57317 58550
3770 56323 55871 56322 37127
3771 48622
3772 46303 27678 35044 34991
3773 51574 30043 51659 18725
3774 47454 28898 49356
3775 61848 47711 32258 2431
3776 35076 55229 58551 56341 57448 3768 35209 57683 61536 35035 58547 61432 35208 56338 35043 56348 35056 56343 56347 35222 35409 58552 35077 57556
3777 51856 1366 15718 9080 8440 61806
3778 57579 40656 41554 41795 41489 41514
3779 45385 12802 60256 58074
3780 30268 31508 28866 31816
3781 36710 26581 58887 55989
3782 13283 2608 49834 49902
3783 39159 43227 57997 34133
3784 1610 37291 45674 36703
3785 26365 21932 51041 28640 39549 56132 25356 25517
3786 18140 19725 34387 2269
3787 9248 24158 9249 9081 9247 9186 10226
3788 53615 40880 41666 41305
3789 1462
3790 26808 21435 47375 17272
3791 17225 17444 48422 19233
3792 10148 9979 53194 53192 30930
3793 48333 48043 48045 47854
3794 53913 53264 54251 53588 53473 53095
3795 53967 39059 3629 11020 705 47314
3796 37160 13954 35504
3797 55008 55301 54978 50035
3798 54282 53166 53774 54446
3799 6282
3800 16607 18671 34169 18362 18602 32064 32234 18364 39867 32980 18677 18993 18994
3801 39293 39335 39334 40660
3802 29628 50344 50618 29798
3803 52599 57256 30135 25583 55257 49879 55332
3804 49053 7334 25368 49111 7455 7465
3805 13723 41105 21803 12688 13922 13870
3806 30066 8074 55067 2229 55201 58322 2566
3807 60449 38310 50975 37057
3808 585 16472 20369 17220
3809 58654 57375 58303 58653
3810 4675 48901 24888 8261
3811 28635 47407 28632
3812 8748 10246
3813 60946 29067 46278 33728
3814 27135 6892 7119 7219 8813 22842 23690 7259
3815 43903 43535 60927 39723
3816 45890 35163 56798
3817 17547 7054 9107 6111 24726 37884 37885 16743
3818 61426
3819 54184 40024 42897 12951
3820 29862 29864 29863
3821 49152 25587 13676 47840 39621
3822 39942 54600 32372 53137
3823 44995 11567 52247 6232 52230
3824 51039 2202 52410 30461 4644 5969 26086 4729 5261 2798 37112
3825 10865 11668 28573 3817
3826 6821 61178 31336 15378 54489 46123
3827 32872 55431 55432 8436 31554 10057 48690 32871 13188 7158 8303
3828 15745 28857 15508
3829 25107 25136 49610 25139 49609
3830 34818 34819 61262 38364 45422
3831 6040 25080 52835 22706 24202 8186 6000
3832 40374 6590 48103 6539
3833 23614 28290 15903 29009 19174 17321 16638 32798
3834 56637 60122 56432 39492 59785 56901 4132
3835 57703 48077 48052 60394 12561 53429 59801 4156 58488 48210 38193
3836 14809 14797 14893 37955
3837 27512 19736 19927 20012
3838 48615 17830
3839 45180 31391 28641 61098
3840 17727 17726 29918 18790
3841 14204 26417 26080 26081 21562
3842 35571 44637 43830 13650 13626
3843 8984 8634 9990 22687 24941 8980
3844 27623 7030 2749 46159
3845 40425 40346 43230 61311
3846 1456 21816 7683 38398 14827 23615
3847 16932 40516 21178 58809
3848 40173 27149 27150 12793
3849 47943 28009 53727 54635
3850 61912
3851 46681 61986 46682 36339
3852 30935 4308 27045 52268 30849 30749 4310 32854
3853 28112 45365 61568 61421
3854 23156 18661 18634 24918
3855 29251 28189 28200 28203
3856 32695 42169 41458 47786 40256
3857 50247 49725 53770 53769 50246 4003
3858 28913
3859 3157 31092 48401 3169
3860 34317 51883 27766 23158 28305 24885 34316 30519 24947 24667 22150 24263
3861 1510
3862 43410 4574 43404 43209 42172
3863 38744 200 36783
3864 5993 21784 4918 22019 21740 389 32088 9489
3865 15353 33032 18900 26749
3866 515 589 596 27152 597
3867 61699 61434 61623 61702
3868 10496 20696 12724 20438 60789 13170 21169 57489 31032 19525
3869 13524 13748 14727 13535
3870 4805 24087 5916 24214
3871 27586 27676 11407 4903 59234 5495 4902 4901 4758 27718
3872 43173 38533 37416 35763
3873 38009 5941 38174 36876 38124
3874 12262 12038 52816 49123 52313 46784
3875 4794 8824 5615 4795
3876 30360 40282 50719 50721 50722 36173 30381 36371 12610 12605 1458 50068 61671 12530 4007 50067
3877 8542 9232 11199 15627
3878 1421 32239 53061 53470 32879 32238
3879 8965 34866 52661 1889 25589 27618
3880 3537 47463 19692 19545 1505
3881 47466 37344 42566 38226 39723 50453
3882 48807 9815 47087 26017
3883 7253 20285 19679 19665 27517 30617
3884 31120 18966 13674
3885 58288 36735 57827 54970
3886 22365 30540 40058
3887 61616 1664 61939 61239
3888 35643 46391 34165 36457 38985 11014 37019 36702 37316 38984 38970 47309 11013 62386
3889 7714 9829 61470 10056
3890 35825 41848 47304 10803
3891 37365 31584 32498 61075 47523 31938 15966 32926 37921
3892 51135 1332 47340 51145 51144 46986 48441 47354 47379
3893 54445 222 14570 13846
3894 29514 2829 29654 9589 47131 29471 45962
3895 31462 41272 43519 43191 8905 8546
3896 34028 42551 53980 35764
3897 39948 41649 42839 41037 42841 42840 41477
3898 52682 16383 16323 16272
3899 40026 36404 39377 39258
3900 23656 24656 41528 33044 13003 12738 40554 8219
3901 50671 3761 1239 36970 35637 41739 53072 34605
3902 14422 14598 56196 56769
3903 35593 18491 55676 31332
3904 62439 36141 47676 47586
3905 4936 31636
3906 35328 365 40066 31953 3149
3907 23431 33546 58382
3908 8482 10036 22257 15115
3909 33129 17090 17188 18206
3910 19051 56491 18985 41632
3911 54117 27666 11384 13041
3912 6026 16625 15299 16623
3913 11326 23146 11371 22985
3914 22564 50350 10894 52041 60103 60106
3915 25519 32671 27108
3916 5454 55269 42172 26755 55281 34828 26200
3917 34164 45356 26633 5104 15938 11486 26628 12563 33681 5294 31959 33095
3918 52144 52456 62037 56440
3919 28279 39336 31883 50833
3920 15914 15390 11918 45919 15644
3921 9690 8367 40980 9678
3922 30420 60664 5752 36462 61112 29489 62652
3923 59885 12682 3692 4180 12701 4106 56605 42256 12702 56995 47465 60724
3924 2049 1950 1949 2014 2019
3925 30984
3926 40925 52930 12124 46488 2237 10022 1136 53105
3927 20025 5171 24409 49748
3928 14018 40695 40691
3929 39097 4098 60244 32409 36359 36275
3930 45158 45165
3931 39293 56129 50730 39416 39839 56232 62457 19362 39579 18890
3932 38758 30861 36577 35856 30919
3933 30885 6754 30877 9676 6608 15872
3934 39616 55022 55019 37292
3935 60216 59947 17160
3936 9090 19176 10532 34912
3937 33717 33865 1051 34200
3938 6870 28860 29127 29052
3939 54668 47033 52035 54669
3940 50795 53567 43664 8361 34263
3941 23116 5065 5042 11229 12481 7438 11091 5064
3942 35739 55370 44798 43489 39023
3943 32535 33169 497 31888 19661 49243
3944 12944 61817 4812
3945 13619 13616 13608 13449
3946 20905 16520 16519 16502
3947 47430 43700 1204 1464 57249 41871 38292 4428
3948 3745 60839 56490 60809 61962
3949 17693 9500 15109 29686 15107
3950 14613 59293 52681 51890
3951 34358 34011 34013
3952 52058 52059 2258 2257
3953 42358 43281 14013 62129 13928 40198 48704 13924
3954 56426 59486 40482 41434 40547
3955 56493 57246 1301 34552
3956 20294 6948 19651 27256 34057 19853 20268 20401 20264 8964
3957 20053 32083 5138 20421 9317
3958 12684 8781 31467 12685
3959 22679 30431 10440 44551 42046 24120
3960 12649 47340 47326 56702 57984 12658 58195 30570 47324 3624 47368 30673
3961 48306 38743 47328 38326
3962 43142 52460 1392 53695
3963 61716 3484 49590 3459
3964 2315 2909 28412 46301
3965 62226
3966 61002 60126 22043 55334
3967 46617 47469 58889 42589
3968 14847 40499 53531 59365 40508 3562
3969 15230 6459 27590 18141 52298 18403 21454 46342
3970 18458 3068 50358
3971 43812 24713 44743 40155
3972 9380 10009 7946 9103
3973 57340 23286 41241 25171 23499
3974 6226 6017 6054 6216
3975 39011 3273 12037
3976 25168 25624 24470 23751 22532
3977 60447 35008 34990 43721
3978 27671 26282 26529 6575 62623 27703 26627 26527
3979 15638 437 15770 15849
3980 30027 22200 24142 24851 46414 22601 32551 3183
3981 16488 17001 32795
3982 48652 5009 16791 37600
3983 53335 38166 54543 42225
3984 56907 12890 41863 44109 43103 14630 13800 43878 47342 58263
3985 48245 19079 29303 51585 56821 56198 57503 27808 26566 44956 8486 19217 58766 19290 59294 5431
3986 35583 40160 41588 53930
3987 8906 13144 14140 9436
3988 35389 39861 35421 12763 58270 21670 41085
3989 1593 38335 51105 1654 60336 8773 1479 58024 55110 60344 52170
3990 53208 13403 41874 58459
3991 53955 43641 14859 43772
3992 13007 49788 5680 49766 5485 5179 12874
3993 59278 58947 57884 14554 46463
3994 3792 16129 28270 2079
3995 58138 31218
3996 11531 28214 7946 17568 9472 26111 16518 18890 9161
3997 7582 21107 30921 7598 23599
3998 56100 15064 11750 11450
3999 37318 9666 4821 31420
4000 53871 57168 53870 59111
4001 13518 39687 40625 52869
4002 43901 43892 34769 57044 58317 49251 13971 34399 41866 44130 53085
4003 31013 31012 40037 13564 35859
4004 8158 8744 7919 48926
4005 7343 39104 8173 9214
4006 15846 15467 15830 15829
4007 342 34945 10970 34934
4008 15764 11634 28196 7495
4009 16795 41279 21366 4082 47787 16796 4059 48123 21787
4010 57494 50799 21495 434 8165 50492 7862 50233 23147 48782 58500 10362 49704 59096 9488 1384 12500 58499 3214 50560 24064 55312 52841 10316
4011 16778 47538 58460 16938
4012 3609 3617
4013 51237 51276 7753 2686 55226 45214
4014 1668 31106 1347 47911
4015 31752 32710 32210 39758
4016 11189 31677 61186
4017 59700 36023 39998 12909
4018 23459 31990 40917 41035
4019 35708 7001 45884 12148
4020 55122 36279 57967 37237
4021 1737 218 6012 10102 6774 45528 11844 22130
4022 36331 14604 40584 39863 54378 58811 51368 51363 58643 13974 40315 40962 3591 3590 39481 13718 14756 40391
4023 32186 32185 7044 32184 10526
4024 12753 13141 16318 15367 51500 15567 51286 405 51612 51826
4025 28018 34765
4026 44436 44194 1484 57109 59510 39541 1621
4027 43704 40630 42569 40580
4028 3410 60332
4029 8761 17015 17474 17598
4030 26296 47608 19730
4031 14031 14466 27822 36102 19867 13990 14227 14226
4032 47136 26609 22035 16345
4033 11003 60688 10922
4034 59156 31791 16672 8228
4035 49984 46130 49853 49854
4036 16771 16478 38802 14027
4037 36022 39620 62145 14821 30977 26541 61173 55279
4038 41719 54745 60802 3175 55147 55002
4039 9079 54227 54353 43547 7471 59383
4040 26666 38833 26667 38838 38836 38837 38842 38834 37768 38840
4041 29130 3660 3652
4042 10200 31774 6868 39255
4043 57620 37642 61244 50343
4044 50151 50152 59122 16480 47949 50150 48021 48022 48023 47948
4045 11148 15717 27602 15586
4046 50184 53782 30621 58908
4047 31794 2082 32231 32054 31454 31813 31602 11044 18831 32057
4048 35297 35253 35252
4049 5099 51733 48861 49963 9931 5701 9206 52615
4050 45539 45842 46095 36118
4051 17042 27405 41800 41547 42350 42407
4052 8360 26349 54230 45076 45756 52495 54701 11993
4053 166 742 11723 30503
4054 36204 54496 19033 8629 43326 39621 18457
4055 37058 37832 43865 58037 37300 59645 40047 55795 36551 40885 39618 39137 47413
4056 24546 51716 23384 23263
4057 34244 33610 33591 45708
4058 13585 56482 56854 51710
4059 18309 29116 10935 30266
4060 10573 18983 31491 45087 15202 20143
4061 62082 28806 62704 33797
4062 37645 21812 36125 36243 37926
4063 54246 37954 23652 24497
4064 21923 48643 22020 22077 48597 22078
4065 18338 40265 44292 26658 26247
4066 15728 27768 29532 15883
4067 33852 50286 50585 47027
4068 21114 20046 16482 16303 17863 21113 30826 17354 20400 16425
4069 6091 18208
4070 55923 30234 50897 49800
4071 56120 17066 34675 6986 31725 56929 32698 16982
4072 47845 61938 48134 57031
4073 53986 10828 15134 40455 53456 12364
4074 60337 26899 833 26898
4075 33545 59522 59037 32862
4076 25628 25405 8459 54512 25143 25629 25144
4077 41515 45366 4223 34791 60325 43246
4078 21287 32571 32616 19134 16837 31886 32996
4079 21240 25120 24131 22990 25909 25379
4080 45747 36010 4401 37826
4081 55597 25340 59578 28058 38946 44901 44828 52126 4266
4082 39440 14412 24490 54206 22958 14128 26006 23237
4083 35197 25836 30284 42713
4084 5230 46686 46685 32574
4085 9760 23992 22382 2727 9644 48889 23265 33476
4086 59031 18140 51634 58423
4087 35307 46703 49286 50298 34990 34247 36716 48716
4088 56641 41876 55663 59962
4089 32812 14939 47948 1670 55287 32520 62640 40839
4090 40171 12528 3176 53370
4091 31194 191 28082 28224
4092 25531 25530 6492 10038
4093 32290 32096 4367
4094 5948 25976 23661 22302 55184 61167 22303 22183
4095 2930 50144 2572 2939
4096 46090 62515
4097 23746 24058 23510 5923 22209
4098 38695 41423 12836
4099 53757 33332 33331 4376 53779 30119
4100 14691 58741 37670 42799
4101 21132 4478 36957 35804
4102 44722 59696 60290
4103 31314 58331 14043 57974
4104 6911 7945 35123 58952
4105 24641 12264 23075 23213 45419 45126
4106 38128 8310 56385 20615
4107 36220 58080 53488 53127 35965 41433 37774 39456 40433 50193 53902 50552
4108 61563 27258 62213 11872 18521
4109 18518 54684 19115 17348
4110 62153 30735 30736 30723
4111 51331 45224 55180 54139
4112 20009 26907 27093 14883
4113 8988 5351 8458 8153
4114 39581 60472 4531 39385
4115 25164 5352 23481 12071
4116 59214 37821 13239 50232 13801 58938 13186
4117 60740 37568 36139 52154
4118 34539 21357 10365 5237 5520
4119 60712 58008 58821 58819
4120 44201 26970 41779
4121 44148 23623 10348 25515 28841
4122 18503 18485 19200 18276
4123 57597 58154 10301 10383
4124 10796 35045 23275 8155
4125 30459
4126 28311 48369 57375 3510
4127 33720 46916 34154 45878
4128 43758 53839 5091 60854 43630
4129 45628 54504 40658 61708
4130 58200 57867 58210 55947
4131 59463 55638 49598
4132 26049 30943 14277 61451 26180 42003
4133 18296 17658 17732 17679
4134 47336 12558 12506 52734 55841 44129 55023 41012
4135 22875 24858 24328 24478
4136 26965 60898 24976 26968
4137 31528 9524 8285 8499
4138 44791 41215 54867 55600 55516
4139 2361 24372 34574 17448
4140 39615 41152 41153 54598 41154 39612 41150 53056 54603
4141 31337 28854 61319 31243
4142 48265 1330 42428 42017 43651 56143
4143 10178 7269 9936 8562 7273 11071
4144 20491 20200 20462 7328 20398 26546
4145 16628 7181 7446 9359 15186
4146 336 420 51556
4147 30765 28230 30934 30780
4148 43612 42581 43490 53734 47588 54465 53605 53735 47696
4149 52175 5560 61436 51977 26112 52472 5414 5663 51978
4150 46175 16470 7879 46174 16967 18147
4151 10676 2475 8354 30046 45614 7105 61392 23821
4152 23378 6672 22889 16657 24964 2930 23533 11451 22458 34710 3817 47163 6081 53399 55652
4153 12100 12293 24850 14084 25300 22277
4154 48437 54548 51939 51941
4155 17305 17546 17759 37080
4156 29161 28979 16087 16091 28978 16088 28939 29008 29156
4157 52574 33532 51983
4158 56617 50528 13569 56154 13963 56975 48048 47823 37493
4159 30306 28918 1439 28964
4160 4383 35889 35352 35546 35454
4161 3216 48259 1609 48373
4162 57947 61758 57855
4163 2692 18291 30015 25296 18296 8460 29948 2693 23876 24271
4164 29910 6762 30017 50177
4165 36885 37268
4166 12087 45299 45254 1740 47653 4564 2043 14055 12188
4167 35638 21309 32232 61420
4168 409 697 16180 16011 410 559
4169 57103 14525 56728 37108
4170 17398 19893 16461 32827
4171 32865 32618 33026 32717
4172 55143 61702 32478 3140
4173 21583 26659 21712 32434 19207 26387
4174 45702 56217 56230 56242 48662 47944 56209 56204
4175 121 25378 195
4176 10881 10934 62584
4177 17797 24661 19220 19257 19186 19210 24756 26434
4178 1027 57708 48280 3740
4179 42628 57672 57666 55801
4180 15979 6728 29271 45704
4181 52684 33497 18136 22522
4182 12435 12624 45682 51116 12532
4183 55990 9835 31328 15106 10963 12416 53055 46746 3563
4184 2567 2256 2615 61966
4185 4483 37103 37555 4047 3952
4186 16916 37589 10183 44523
4187 34651 44633 42896 42107
4188 20992 49549 17337 23119 61107
4189 19801 8959 5697 7212 49068 5777 6942
4190 21869 32388 46725 33285 12975 19355 31958 12954 30437 32340 740 52227 46275 15824 35707 11636 11638 4928 6508 38135 37164 35949 31501 33308 5582
4191 13429 38938 59213 56888
4192 51306 2760 12733 53129 10205 29584 29603 29560
4193 58001 13640 54716 14763
4194 16733 44151 23231 47682
4195 37986 34806 37990 40593
4196 10612 42226 35240 22732 7436 23809 14089 46418
4197 60869 58965 59184 34711 55701 57976 34367 57334 49572 59071 49440
4198 49755
4199 6382 34561 56508 5994
4200 42707 44565 46007 35153
4201 54288 14496 44028 14159
4202 5623 25472 14250 11384
4203 44632 31662 54121 31776 43462
4204 49509 51034 51152 50996
4205 152 20692 31814 15916
4206 48909 22192 2675 55117 2412 55736 2997 49933
4207 35921 35928 33711 1343
4208 1474 33640
4209 59779 55918 61887
4210 60035 59965 59935 58215 58205
4211 29058 24921 12020 23790
4212 50260 13070 57084 50251 50250 50254 50337
4213 56580 8474 9775 8182 31384 7416
4214 51249 55132 29919 51250 55050 2392 34364 29909 53837
4215 18390 29943 2663 29196
4216 35816 40129 12961 12839 31004
4217 26974 27118 26470 30457 55959
4218 25039 18663 25037 25032 24341 18654 8050 19541
4219 46828 8478 45049 14689 52113 8220 46438 14690
4220 59927 59966 59933 37372
4221 34651 13526 54746 12997 34367 12825 52773 13533 50495
4222 35327 59919 41128 50703 44441 13920
4223 33908 55985 15258 52781 11922 1244 52813 34150 34161 3320 55029 52866 1940 40510 55028 15221 34513 55020 10847
4224 49339 5617 5240 5014
4225 45635 58515 46497 37470
4226 30949
4227 25238 53476 58642 53248 24318 8109 53193
4228 42762 41292 47924 42760
4229 21847 4450 12026 35127 12
4230 33303 17850 27013 17851
4231 60749 41320 40332 40487
4232 17953 20849 20687 27476 20977 20419
4233 29829 54620 27280 10888 2432 47010 45739
4234 14070 15179 15278 36679
4235 40777 41300 40778 40175
4236 56745 28726 57062 56782
4237 42875 46582 42881 25781
4238 20706
4239 22604 8314 3333 3334 33333 22602 3330 20518 3326 46198 48520 3328 22601 22784 3341
4240 42021 42029 11273 42025 55054 42009 9148
4241 15454 40020 33023 32570 508 1780
4242 49098 33481 53713 2742 10726 4420
4243 56859 57029 57996 57466 56379 61026 56866
4244 45616 4537 1534 50429
4245 7986 22635 31264 29415
4246 34107 34149 37706
4247 60451 59795
4248 52320 30969 30984
4249 56241 47026 36325 27267 47025 47027 1241 56198 1540
4250 43267 41908 14916 42991
4251 9864 7087 48400 49911 49910
4252 34244 56227 23005 24204 45880 51527 13163 51366
4253 45641 36586 36029 36675
4254 39853 43953 47708 44540
4255 50213 28102 38444 55261
4256 48627 48413
4257 55902 23094 50872 58413
4258 1431 42348 40063 43107 41744
4259 60032 57002 56042 12666 59637 56300 56041 59249
4260 24673 4881 49033 9378
4261 13150 53754 8362 51620 12562
4262 36318 30212
4263 45459 28050 48597
4264 26550 13127 26133 28012 21742 26551
4265 27133 61932 6476 54736
4266 22869 61349 22109 33242
4267 4524 1457 46271 47336
4268 48472 45372 45368 1499
4269 57409 47474 59769 26487 57212 55305 26819 26373 56037
4270 22348 22543 11891 24083
4271 19724 5079 20577 20862 11117 46307 4737
4272 59237 57594
4273 48751 7080 33222 48745
4274 62052 44507 14912 42166
4275 45457 152 149 12210
4276 27131 20064 27130 10386 20345 9395 8882 48564
4277 30715 30819
4278 42480 35189 36638 10838
4279 18126 19433 18127 2162
4280 23439 7513 23913 47839
4281 62205 22803 29398 31466
4282 41322 62384 53062 52845 62412
4283 48534 48535 48508 48553
4284 26114 17841 31685 31571
4285 56137 58872 56503 56454
4286 43532 14264 13073 36139 38037 43106 36126 39295 39618
4287 40097 54065 54063 39820
4288 60998 57294 57921 54792
4289 21785 39933 21234 53540
4290 40618 6882 56019 40378 39873
4291 8751 48885 8453 9809
4292 44079 13316 44080 13999 39451 44679 43607 42998 44077 43910 43911 44086 13970
4293 48309 34435 34439 32091 3390 39220 28004 35484 33766 6615
4294 53435 31285 42178 17815 52829
4295 48390
4296 47319 52688 47437 36426 52698 52752
4297 40815 40748 58676 43472
4298 4701 25246 24799 24853
4299 53121 26722 25306 25028 7759 25173 27139 25444
4300 34120 34398 23807 48389
4301 12492 18885 15068 5388 19483 25501 20051 4946
4302 48549 13883 14310 35840
4303 56642 28969 30265 33750 50733 26533
4304 6431 18424 22004 21398
4305 50448 60199 55894 34873
4306 33144 16926 32033 38090
4307 37522 48566 48567 3371 35397 35395 37524 12008
4308 17949 17238 20840 20480 19054 17334
4309 11366 12270 11331 4831
4310 33747 37646 48494
4311 53746 54296 53820 41973 41971
4312 10082 28351 26674 46215 19830
4313 44350 13422 14596 44629 13556 14597 44165 60309
4314 47401 60658 51186 60643 36049 60676
4315 11008 59752 35145 46251
4316 2327 2628 50489 58849 50701 50402 59140 56422 50248 57399 58557 50438
4317 39964 39967 59427 39976 42523 39966
4318 7351 15966 16027 32465 6843
4319 18139 35652 15415 61113
4320 47662 6188 34220 28476
4321 47166 49161 9200 9527
4322 20483 17227 16294 17613 20449 16327 20326 16737 20482 20356 17864 20603
4323 4473 11644 6078 11496 21363 6162 23578 45771 9889 25304 4517 45334
4324 27768 22996 13578 14930 12386 53151
4325 34564 31290 55161 50173 55162 55163 50168 50175 50176 50172 28106
4326 8786 9647 9620 10294
4327 38505 37525 38502
4328 39953 39376 39577 12823
4329 61757 30963 16361 61096 11779 62544
4330 29217 62547 51190 60664
4331 30247 3400
4332 30768 8158 21313
4333 51250 30947 2556 10374 56464
4334 61798 34086 46052 61330 45014 1007 47202
4335 35786 35788 14724 3982 33283
4336 20666 19576 18787 19584 521 22662 20581 21053 22044 21159 15510 14322
4337 51504 5147 13831 30498
4338 3340 42243 60817 19874 60761
4339 6085 1878 45579 36274
4340 12284 59454 7990 8077
4341 34253 37360 34256 34117 36257
4342 25419 23508 23689 24135 24011 23659 23606 22335 23592
4343 37800 61087 46811 47085 45814 3750 61571 61713 62028 38
4344 53326 36810 31013 1450
4345 37424 46144 38105 21402
4346 48414 48569 55387 55389
4347 41068 45686 41067 62120
4348 47533 47534 37575 14060 37573 37566 58097
4349 10953 199 32935 48388
4350 62699 27363 18256 2284 27138
4351 4244 29534 49219 4245 9429 55236 2330 38956 29929
4352 59319 10442 61906
4353 40230 13481 52176 30798 44302 43544 42132
4354 5946 5513 46751 25235 34311
4355 30863
4356 62403 53200 24069 23764
4357 42945 43071 16319 45817
4358 27160 20626 56336 26301
4359 17235 19984 9949 20496
4360 32596 21601 14444 32699
4361 45304 45305 14934 54398
4362 36371 38586 38405 60039
4363 19851 19780 29699
4364 47425 46156 38955 35742
4365 16089 47678 426 393
4366 8711 24911 8710 9649
4367 56520 59266 39592 36295
4368 7035 9042 11686 9136 10359 10215 8330 9719 9726
4369 24526 22367 8707 54599 8708
4370 18507 16822 19967 18505
4371 54927 30915 49456 58204 37433 54751 37335 56714 59125 60423
4372 38977 36665 5086 37503
4373 16615 12677 16705 17779 15036 14089
4374 49543 50349 60841 38826 37162
4375 41958 42495 42279 41959 42397 41602 43815 42284
4376 22201 7955 7900 8166 7949 9321 36114
4377 62255 62302 61854
4378 56359 22011 55716 53796 53751 54876 19538 56357 56628 20646
4379 37452 7445 7430 7057 35931 9136
4380 31801 16747 18148 20504
4381 36069 45587 37755 38686 22086 36235 35565 21814 37993 3079 21819 10996
4382 53712 42136 53668 43679 54189 53711
4383 56624 54456 58478 54288 59577 43329 55017 7665
4384 13612 13031 41824 43370 54157 60771 13599 13648
4385 2325 2734 2411 2359
4386 34174 55464 37929 45151
4387 29059 8852 34668 34354 28984 55417 21622 61931 28896 61887 8127 55419
4388 24535 23636 24880 24644
4389 27390 26786 15082 21460
4390 35114 47921 47793 48161 35325 36215
4391 18327 56588 55097 1534 17082 12784
4392 22301 48455 61447 23800
4393 6803 6428 49205 6442
4394 9137 2377 35310
4395 45697 36468 33672 33611
4396 39603 60986 60901 48339
4397 41692 43684 42534 43223
4398 12036 27561 27283 21667 19269 17014 19275 27560 21616
4399 11245 48499 11246
4400 40277 25412 22166 23369 40382 22187 44580 23503
4401 21162 21082 12396 34787
4402 44876 5492 30241 29610 54804 29539 53882 29581 46822
4403 492 544 737 28830
4404 24227 24191 24785 24591 23775 27144 23048 22515 26896 25151 23428 23549 24367 27268 25838 24786
4405 34694 37003 42793 53570 55024
4406 257 16095 15677 28220 28218 10736 15882 15892 15993
4407 35383
4408 23877 10609 21035 27716 49108 49035 17671 17670
4409 11506 52520 44923 37070 22995
4410 7936 9926 7746 48911 7536
4411 36153 55984 55024 49836
4412 16568 19187 17984
4413 47647 11869 16018 6590
4414 30488 40957 45338 14933
4415 34360 34132 34389
4416 36050 5803 10729 10510 9217 7474 56129 23905
4417 20418 21175 20310 19493
4418 33806 16789 11058 35207 26023 31650 40026
4419 8476 25428 23295 25427
4420 6860 52423 27858 653 622 6862 5646 15023 13388 11767 13811 49088 6859 6364 684 776 27857 59308 14266 8906 54683 895 51959 6354
4421 40067 32516 31907 35460
4422 43151 8506 8509 23783
4423 7042 8049 8004 8698
4424 10930 52057 2386 52370
4425 1901 30399 18419 18167
4426 12459 12460 52069 52403 51577 5295
4427 23641 758 24688 16039 10610 24449 6539 6536 11388 15743 29576 24325
4428 9075 8150 9700 30440 9076
4429 55154 2794 53439 2792 13323 35917 2793 41531
4430 28180 28968 9446 42469 602 41614
4431 49343 37823 8937 6214 49266 31863 49338 49289 17416
4432 21179 21593 30186 56473
4433 29402 46526 29010 5964
4434 59279 59621 59303
4435 17255
4436 41065 40394
4437 48348 48349 48025 56849
4438 22707 7908 9608 2647
4439 47386 39822 30992 3664 36195
4440 45618 38992 45769 35047 14651
4441 4662 5361 46551 6060 44841 45652 28961 299 5964 31381 15559 16108
4442 55587 30780 51588 36813
4443 8617 6956 9810 9216
4444 55489 38490 55851 14279
4445 15774 11240 28457 49103
4446 42808 37928 13851 44370 58496
4447 47546 50039 48435 48555 34861 47745 52206 29339 54911 2673 56699 51850 43936
4448 24394 20045 21454 40294 43396 10482
4449 27197 26606 26992 22049
4450 35592 9978 46731 13519 7040 45569 35771 47709 14101 36081 52588 13951 52548 14274 59636
4451 34259 4074 40657 54597 43675
4452 41778 23107 40098 41417 59695
4453 21462 21463 21533
4454 28250 49013 8278
4455 44242 6863 42753 44730 44493 29256 42755
4456 6503 22236 49272 35237 6934 11995 61967 45161
4457 18719 58920
4458 57910 25214 52232 48459 56833 58790 7502 8544 9303 2564 8950 7940 57907 51946
4459 39324 34970 39246 3388 39325 39323 26869 42311 37274 39321
4460 31210 6835 3796 26637
4461 3202 46289 40866 3247
4462 50200 13678 47792 45767
4463 50391 42838 50394
4464 57355 59967 52177
4465 57724 50401 50900 50367
4466 42321 13345 44344 13192
4467 30165 30067 30164
4468 11830 11817 28143
4469 61209 3798 62383
4470 50676 1231 14658 13638
4471 58668 57407 50911 50348 57366 50497
4472 16300 30557 5153 30524 16304 30525 13253 18659 6186
4473 6725 29009
4474 628 15150 6493 5926 25127
4475 21933 21934 21739 25693 21753 24871 21834
4476 9735 9386 8071 7674
4477 22314 35267 42672 39812 61239 61581 42461 13043
4478 22307 181 55692 37728 40725 38138
4479 28465 6930 58952 7397 2683 23727 30008 2684 34496
4480 32594 31564 16604 31592
4481 57169 13792 24096 13948 59111 57168 48310 12960
4482 7115 53242 33987
4483 44462 33615 21602 24727 42293 57811 1102 576 362 9495
4484 33804 43641 13654 42376 13980
4485 60484 46116 46113 14872
4486 45100 12260 30700 27421
4487 25047 23849 28769 1302
4488 16569 18477 18760 17524 20330 18476
4489 39561 54502 39560 54503
4490 579 46152 34278 60734
4491 40408 39824 43701 40089
4492 17823 60398 35136 20281
4493 60125 60318 56426 55934 62449 60320
4494 48263 47262 3130 59453 56666
4495 22498 22346 7788 24403 25364 22134 22197
4496 23961 54176 21482 23865 23824 21707
4497 2784 62679 42131 48171
4498 22831 26848 27481 21579 58045 22678 21608
4499 9707 15662 32444 9326 27665 33074 24795 32443
4500 43713 54333 60858 60860
4501 46487
4502 57497 55072 35893 2100
4503 26630 18453 4746 19953 20652 16164 4927 4898 18163 33798 19716 40667 48534 18313 59638 4807
4504 57920 58231 13095 57083
4505 21057 18642 37230 36022 36586 17415
4506 49962 9906 58375 49837
4507 47344 3666 27115 3626 51127 51154 3667 3668 21821 51153 27110
4508 43401 43856 39841 43855
4509 30272 6838 505 61252 55901 61935 15624 11024
4510 10667
4511 19004 18495 19138 19236
4512 2604 2746
4513 54222 49646 54310 54311 40122
4514 21415 61130 56859 61946
4515 33757 12375 11960
4516 47766 55026 11798 47835 3723 56635 3721
4517 54599 40883 54544 42706 40879 35653
4518 45913 41697 22838 25376 54199
4519 21641 23387 9739 62637
4520 14217 3497 3472 62313 33592
4521 44813 44817 30149 3231 28723 2491 2306 2520
4522 13774 12044 13366 48409
4523 7520 6966 6906 10333 7523 8254 9717 30984
4524 60020 56098 50148 33652
4525 18230 51880 18223 41285 17775 15131 19701 20548
4526 20960 3030 18408 18430
4527 2919 26124 2918 26461 61651 7441
4528 52717 52716 1583 52715 3493
4529 26951 27842 22162 15210 50461 27905 24288 19251 2996
4530 1233 43992 53586
4531 44104 44235 49696 35616 33653
4532 57708 14336 13587 59617 41465 58487
4533 27315 11828 36408 17115
4534 57973 58769 35200 57847
4535 44938 22966 17049 20711 4658 5657 20712 5846 5139 25898 23840 5460 17196 50937 5107 23841 4803 20707 32204 20622
4536 42964 43610 40050 10807
4537 34581 46994 34540 20502 34479
4538 60088 56045 37322 38719
4539 19470 21145 19589
4540 60538 6443 43605
4541 7262 19383 19403 50082
4542 61058 62722 14155 14410
4543 8953 21697 9049 9367
4544 19799 19567 27427 20367
4545 40876 42330 57532 52764
4546 41831 43434 42332 13830
4547 35584 35776 34090 39088
4548 51081 38158 39004 38079
4549 23468 11195 23605 5729 25310
4550 42967 56439 43437 44769
4551 14304 60831 43491 44579
4552 50181 2600 56706 47863
4553 32255 27919 27918 2960
4554 18839 20083 29446
4555 41493 42205 37403 1239
4556 34775 49323 37220 51005
4557 34356 33962 61851 36566
4558 16019 33093 15929
4559 42756 38260 18734 38259
4560 10004 23239 7780 8472
4561 37346 36369 37048 54700 48396
4562 41155 41669 60004 42055
4563 39597 24974 24975 43261
4564 34328 36477 13352 57835
4565 25009 9465 17923 23763 28596 5487 2890 19831
4566 6816 53972 9831 8735
4567 43459 57346 49297 44238
4568 14125 3325 13538
4569 61435 1472 61929 59776
4570 16428 30347 16724
4571 19108 1959 1715
4572 39136 47956 61635 55936
4573 31302 6723 893 6542 22361 6177
4574 39992 41389 9346 39349
4575 29365 48255 29405 29364 29348
4576 60770 1601 60772 33874
4577 58036 33973 58149 55993
4578 24169 22991 23252 22939
4579 36763 59981 38278 36643 3155 59974
4580 9264 8634 1261 8616
4581 25059 51861 10103 9883
4582 59363 60753 59362 52702
4583 51156 57649 13888 46760 29399 7651 8142 9463 57883 28996 2913
4584 19803 47049 37 16787 23277 2444 2181
4585 62270 46040 919
4586 49596 54839 35701 35624
4587 8365 21174 45145 8779 8407 56394 30766 30681 9023 9796 16255 30819
4588 16486 23577 16487 20260 20478
4589 29185 58575 58277 57607
4590 60638 35647 46689 11914
4591 35940 2873 12189 50182
4592 56989 61244 42385 59367 59558
4593 6818 6607 8868 6660 6753 6779
4594 35141
4595 37954 37432 60733 35999 37286
4596 37641 43935 43933 44170
4597 26692 21380 31102 26060
4598 2133 26886 30984 52442 4983 4742
4599 29714 29519 29338 46629
4600 2718 13857 31792 14104 3443 14575 2710 14586 43723 38191
4601 50930 45160 55629 58729 54704
4602 27524 44354 44313
4603 52317 9805 37828 25746
4604 6306 54015 47657 40314
4605 54062 39563 44512 40576 50433
4606 20261 61703 47102 18788
4607 32529 32334 32528 32840
4608 45604 46625 41640 4414
4609 43120 43020 12830 13485 61757
4610 57541 59994 59996 57543 59993 59995 55706
4611 30051 30047 30123 33126
4612 53262 60399 60468 21722 60401 39730 20146
4613 44816 7602 8963 7684 44815
4614 36301 56880 58760 54265
4615 7528 59613 10292 8373 10339 8332 48945 60456 23290 53361 49082 7989 49119 52879
4616 60985 62441 58578 60821 3215
4617 6948 22012 22013 22033
4618 55240 55243 39704 39708
4619 55182 55384 61008 8214 48220
4620 32723 31809 10997 32904
4621 12254 9803 8623 25217
4622 40713
4623 25996 19859 26597 26622 20303 28768 28656 18100 49088 19681 61064 57522 7153
4624 17142 42814 41055 7845 51726 21575 26834 40053 21685 10348 58754 16280 24709 4089 13813
4625 11949 11974 15978 30279
4626 9816 8837 9377 16900 25406 32969 10511 45441
4627 15309 15308 11320 11431 11384 9272 9615 15307
4628 3220 60933 50449 4014
4629 41721 56387 44758 49770 12855 56450 44757
4630 2740 5482 2739 2662
4631 29528 30984 29353
4632 46154 22025 8429 7069 8652 8394 39263
4633 52556 29242 9724
4634 170 12311 33369 47684
4635 52972 57621 37198 9006
4636 9821 32672 7174 38134
4637 17979 33648 18103 10869 18666 16246 20268 20845
4638 7664 19632 48445 17973 25357 4437 17242 23009
4639 422 37430 32995 12925
4640 45405 45768 35654 12892
4641 48888 9782 9785 52932
4642 48759 29566 5743 9380
4643 62355 56273 51047 55868 60987
4644 35271 38852 14747 35147
4645 28652 28648 28742 28460 29849
4646 18653 25222 22975 18145
4647 60301 58929 61077 38168
4648 29240 52762 16958 39074 52769 19381 1771 45317
4649 55037 60424 58598 56423 50756
4650 2654 56820 56176 55106
4651 32867 20958 19829 17264
4652 56058 38360 56057 57839
4653 46054 36940 46934 43654 45684 41573
4654 1132 1430 32158 55669 12740 60935 62219 13490 53495 31147 62594 1676
4655 46228 34103 28890 27730
4656 51613 52040 49938
4657 56675 58873 60434 55455 60433 56973
4658 20220 21212 59505 58678 59450 35981 60442 21986 61609 22030 14248 31350
4659 30886 30984 35780 28540
4660 31425 30549 31428 31427
4661 27555 49747 27498 2877
4662 24192 10295 22554 25067 5956
4663 36884 37256 37809 1423 61968
4664 60091 55547 48262 48284 48261 60189 56530 58157 57054 48260
4665 46643 14094 10927
4666 24200 17800 38373 16585 17858
4667 62620 30202 34820
4668 55230 57168 44697 57624 1489 52243 59111
4669 50056 130 35631 32983 56393 38622 50882 6461
4670 17611 19022 25522 12725
4671 9277 8131 7584 29277
4672 50606 28095 35802 50234 48140 28003
4673 40789 53853 40266 3261
4674 12497 37801 37446 62257 12511
4675 61921 22626
4676 34742 23688 35204 45596 7297
4677 30863
4678 2677 54685 54312 44946 8965 2708 13776 5508 5497 47332 56884 56880 5958 38693 35159 56878 25918 5457 60033 50869 51356
4679 26051 33722 3389 19076
4680 47191 6600 62058 31596 47190
4681 5302 2406 20803 10655
4682 9563 49920 12476 55770 6341 11490 56071 8909 12678 12732 38116 52147
4683 30795 19566 20165 2145
4684 61744 45770 61278 40482
4685 46865 38634 13460 20319 38632 35115
4686 28235 9920 30792 8020
4687 30292 30370
4688 37374 49301 35728 62344 49302 43712
4689 39129 7729 39125 49178 47389 17755 2119 20862 17692 28387 52731 19160 50373 2294 3370 38545 38422
4690 3310 60882 60808 3385
4691 60851 28770 61588 47671
4692 47180 26625 12385 6853
4693 33444 40147 32781 41830 14429 55129 56477 53168 53905 39527 40464 40146
4694 31193 1946 31180 19037
4695 29725 29728 40899 40427 29422
4696 39781 44443 4113 40898
4697 2982 2980 30085 30083
4698 14914 56517 50066 59588
4699 40375 43692 14666 44375
4700 1827 1748 1821 15670 2091 150 19608 30403
4701 62392 7743 24052 43062
4702 26918 52660 49333 49651 52379 1096 52287 49422
4703 61454 32549 1781 8142
4704 15724 37044 28831 46435 16338 2185
4705 5215 13082 48839 37420
4706 41565 44002 56296 60241 42443
4707 42014 43761 43977 41507 43752 42013 43751 41978
4708 12280 1370 46882 47007
4709 41597 43682 44148
4710 39210 59621 59697 46759
4711 24300 6996 3888 24302
4712 60536 12823 51015 38811 12822
4713 20715 23454 21075 25549
4714 3955 60915 60887 56685 52713 13189
4715 23188 7863 6973 8840 6990 22775
4716 20361 12011 29718 18549
4717 51536 18769 36250 33936
4718 36026 51058 51057 35740
4719 13105 56430 3232 56183 41311 41766 56429 56163 13402 54855 41763 60202 56189 56192 41318
4720 60429 49019 24717 56380 14332 14069
4721 11390 24862 24356 51311
4722 47941 47262 37226
4723 46318 34189 35848
4724 50751 22088 26064 26061
4725 16233 16240 14442 16276 16384 1644 14373 4100 16326
4726 56308 59625 56310 57691 58515 56312 57698 56742
4727 51700 3783 54537 44845 51719 21198
4728 28435 28407 28396 2238
4729 45286 29820 22508 23460 22202 24487 22509
4730 15552 19506 15994 650
4731 11541 11475 11513 11708 11701 11706
4732 52998 4060 43810 41658
4733 21022 42082 17133 40022
4734 23375 37311 60150 22575
4735 53131 33034 32159 61723
4736 56215 55359 55364
4737 31830 7116 6994 7255 48773 9214 37995 29934 31376
4738 53543 53535 54332 53546 53536
4739 52109 3481 52119 3479
4740 45159 60276 60000 56687 58671 216
4741 30770 30780 30769
4742 31684 32282 19232 31471 830 19067 134 19500 27518 32623 15927 15577
4743 30938 52585 2926 30141
4744 20481 27338 20374 52027 20422 52412 17412 17152
4745 59141 58745 37093 36124
4746 55782 50002 14664 38900 14814 41907 14804 14808 46484
4747 37616 57901 40461 35851 41025
4748 26614 21505 26811 21613 26131
4749 41201 53077 42099 59991
4750 20317 55722 58219
4751 1239 36518 38464 58240 33906 13470
4752 7565 51772 38088 45065
4753 15225 17575 599
4754 42523 57924 44397 40542
4755 10620 53111 33479 23487 33813 28369 6751 32646 31636 34837 2546 37799 34638 23423 33002 31561
4756 30671 15077 42276 43762 21293 27174 42210
4757 53600 53599 53983 53602
4758 44658 61878 44703 61428 42842
4759 47972 47288 48485 47971
4760 19536 11064 13161 20725 14106 31161 5383 39571
4761 29257 22198 15634 46309
4762 42084 22214 15935 46153 53023
4763 26211 17198 19999
4764 31171 28994 17241
4765 11133 5111 1899 1698 33433 61394 37671 36392 15768
4766 8703 3557 2940 35039 58530 9549 23619
4767 32194 2896 37833 1834 1793 32682
4768 8406 8036 4843 9628 53291 43736 54593 11784
4769 39860 43372 13606 42916 41844 36242 46870
4770 22337 15386 102 16679
4771 34111 27402 1379 18455
4772 7127 1023 26582 26766 18461 3985 42848 20802 16367 1012 18864 20288
4773 43684 40489 44108 43274
4774 37356 45602 12982 54750 12540
4775 58260 59119 57008 58168
4776 9613 48880 7011 54279 7093 7521
4777 50729 49791 26824 26821 26822 18810 51040
4778 35337 3765 41782 33007 36400 53223 40719 45959
4779 15848 57771 60732
4780 8115 51267 4863 10289 5263 25231 5329 52580
4781 56316 56321 55973 56318
4782 28459 28454 56283 50499 57462 15084 29560 29559 29535 28349 15091 55859 58558
4783 2470 57367 4529 34275 29964 29860 60374 2878
4784 5990 52589 4743 52587
4785 4889 52718 29911 12969 45556
4786 31786 32758 31705 32470
4787 17923 11525 17959 27440
4788 21320 54603 53115 36507
4789 3419 1609 61258 35668 45402 31028 37129 47327
4790 58772 58775 58774 30369 58771 59035 29145 59037
4791 15856 15676 2083 6572 15966
4792 61725 20660 61819 61931
4793 58007 58822 58824 59479
4794 7474 7085 7754 37246
4795 29978 57101 29980 57102
4796 3728 3731 46567 32211 17829 5872 32257 17462
4797 46578 53559 30758 11953
4798 62461 35723 62427 35279
4799 56703 35344 13629 35069
4800 23132 33713 30363 18718 36163 60430 57172 231 53350
4801 48406 59626 53629 57842 48502 48495
4802 38382 38720 3976
4803 39449 33827 58482 55436 54768 58507 46647 46006
4804 40026 40338 39838 37556
4805 26843 27501 38768 38063 21846 21845 27250
4806 8907 48904 8844 8601 1326
4807 14664 54623 57167 59507 58265 54599 58305 40734 56092 59796 59628 52924
4808 62130 46486 62289
4809 53912 39340 31647 33204 33123 19777 31648
4810 62234 62047 46458 45656
4811 51788 23443 47250 47675 3804 51925 30460 46164 11178 13139
4812 44144 13408 44156 44227 14285 42527
4813 61668 61346 20258 11957
4814 16095
4815 15061 44059 14806 37607 60664 14652 14655
4816 25901 23964 57924 58366
4817 8026 18695 18572 18492
4818 19189 33183 18224 31778 32696 20796 31726 31727
4819 28156 6688 46118 239
4820 54714 29009 11674 59264
4821 5462 27727 5461
4822 61400 374 658 12288
4823 52329 52333 52330 52332
4824 17438 18834 7742 11256
4825 49387 37395 12489 38558
4826 41429 14437 50407 54531 44414 41177 42728 42384
4827 19281 26143 19266 19273
4828 5588 5512 9779 47019 532 28263 2259 51338
4829 26859 1451 16816 27229 30453 1515
4830 15779 28958 413 28194
4831 31297 327 635 633 457 28132 587
4832 46151 1978 25133 45624
4833 18330 25523 25736 45465 4382 34774
4834 31430 32048 32497 32097
4835 50063 56587 50187 55157
4836 41992 60010 23975 35427 9745 4045 49793 28074 46699 34548
4837 57674 41942 18509 57673
4838 62245 40488 52976 62348
4839 29134 41087
4840 1151 10760 1101 43196 7417 14568 35422 44339 39400 40488 6877 10644 10718 43772 58796 14766 13862 43192 58495 43000
4841 33253 62063 35803 34649 34209
4842 54806 57927 60304 54774
4843 29709
4844 19091 19075 53827 5532 2791
4845 7168 10175 8896 33112
4846 61801 61500
4847 24075 45725 22112 62131 22425
4848 34281 39842 36882 39496 14349 40678
4849 45026 36590 44866 45323
4850 17295 32583 10201 49031 16001
4851 41006 41005 61619 35445
4852 14736 14369 58630 15050 35430 14894 14294
4853 19683 16884 19568 33964
4854 22470 47858 21249 46834
4855 15115 8988 2897 27961 2625 29265 15102 8506
4856 57377 59475 40007 60436
4857 33666 58070 10438 57078
4858 2126 27990 30218
4859 14421 56629 54454 55034
4860 20523 20100 20736 9494 10296 17210 46972 16581
4861 50180 45204 49849 36692 45212 45126
4862 55565 36539 55644
4863 11864 7218 29173 31257
4864 11577 736 531 505 422 356 609 28829
4865 43997 12884 56871 36151
4866 56213 36601 56241 56231
4867 39060 39076 36717 39063 39075 36718 38536 39061
4868 57552 41847 41849 41853 40944
4869 21433 49739 22016 42258
4870 50995 60060 57841 60055 58075 56896
4871 37477 40786 37855 24068 38608 38393 36411
4872 20488 17098 20430 20457 20530 16583 36576 20487
4873 28096 27990 28398
4874 24180 6448 9839 23493 24571 31288 8798
4875 62355 1267 62511 1304
4876 36991 50604 58240 55884
4877 45588 54557 51727 46812
4878 35582 50206 57472 55526
4879 18965 18963 33390 18930 32602 27652 27687
4880 31195 12755 32448 32599
4881 37717 25066 37720 37038
4882 12470 34153 58572
4883 33320 33339 33321 33323 33322
4884 3570 12672 12722 38921 60220
4885 53632 39357 54179 39341
4886 46632 58568 46329 56403
4887 17935 51229 51914 11370
4888 37689 24204 17426 42887 61074 25975 20464
4889 24473 4288 25089 4269 34189 7566
4890 47375 37232 40579 62339
4891 7366 48731 9600 32652 48736 33405 31904
4892 22837 61148 56090 24313
4893 4328 11729 11539
4894 19137 28177 1893 28205
4895 53317 55691 55450 41043
4896 28818 1932 31549 32526 45902 2957 51671 46227
4897 992 44941 965 964 5960 5961 5679 5767 52656 5675 28552 48671 28016 28691 52654 52665 5964 5677 51882 44945
4898 4367 11904 31006 37018 1237 34148
4899 50599 34481 50849 4421
4900 32241 10 61559
4901 42830 56876 14350 50342 42512 41881 44429 55552
4902 8859 24617 8337 8794 8297 9338 8847 8449
4903 1014 11739 13808 11692
4904 52602 10244 8704 51564 10224 9878 1975
4905 39161 39162 39160 37941
4906 61361 26335 32687 13264 26057 26136
4907 31928 28178 32743
4908 12818 31443 4854 31962 12798 15541
4909 14562 61019 7065 14628 41114
4910 45955 41061 21427 21072 23833 32902 11114 41248 26254 21800 20495 20679 37956 32943 41247 10694 21364 21371
4911 53732 40724 43160 12857
4912 43361 44213 59582 13840
4913 61223 37601 56511 37639 35342 60740 60864
4914 16826 49502 29781 42646
4915 62452 31008 34530 1365 30500 33892
4916 36323 37307 33984 41989
4917 10087 48913 10151 111
4918 45489 34315 47142 46687 45477
4919 54603 54522 43017 54624
4920 31899 19041 10656 32387 16864 32150 33573 32653 32899
4921 37341 35471 37337
4922 28510 33088 4505 6619
4923 15941 89 32456 31623
4924 21729 17637 17844 4965
4925 14258 51086 51088 54940 46673 12302 56611
4926 36233 30089
4927 49012 9828 7659 48522
4928 28123 1930
4929 57063 14509 44021 42355 40559
4930 12789 55864 8979 56209
4931 14638 58797 32174 2193 55029 14729
4932 53161 16090 62378
4933 44724 60144 60141 36014
4934 52900 52185 16074 25854
4935 34489 33790 61451 47296
4936 49687 49710 49741 49382 49682 49694 49692 49537 5627 49678 5072 49709 49689 52201 49385 49683 49720 49675 49284 49707
4937 36827 36907 36756
4938 62161 34346 39045 34184
4939 58794 10429 58795 44797 58793 18759 60773
4940 24875 24562 23386 25362
4941 36264 12529 21810 12213 2679
4942 52877 53810 54671 54339 39524 42049 36624 53809 40556 43552
4943 25194 25900 24883 9032
4944 26328 20046 61866 21480 26547
4945 8487 9135 9731 10635
4946 56887 1814 7800 1815 14417 18438 1817 2581 17390 18683 17814 3902 2264
4947 60723 1353 19861 17214
4948 59793 60131 59313 60097
4949 18022 34189 43737 54032 3313 53718 9347 44300
4950 6027 25270 5753 2577
4951 13065 55513 43171 43859
4952 595 15939 818 38021 46883
4953 23920 25426 22494 24079
4954 2866 33997 38177 46085 46084 46327 2865 34696
4955 54221 55922 33465 11100 2834 39567 32135 53138 53630 32269 56115 33181
4956 57979 1430
4957 58276 57273 57096 36563
4958 32104 15671 32001 15805 32792
4959 33775 22038 21823 20191 27302 62247 22039 20173
4960 57770 4448 47229 47797 37407 23861
4961 38309 61390 1470
4962 29731 24486 7614 29229 7617
4963 23300 1982 9439 2011 24539
4964 54799 54801
4965 36229 48454 45392 38451 47507
4966 19114 19188 19834 19192 18565 17097
4967 9849 20066 18829 29327 18824
4968 59177 38779 50566 35903 60539 31354
4969 45590 45589 32919 33415
4970 30041 51988 1000 47799
4971 23501 5100 13457 6490
4972 9481 21223 20817 9824
4973 54867 54865 54866
4974 15130 24338 15129 24339 24443
4975 28370 18235 28388 18234 18187 18587
4976 3192 58799 11141 43775 34118 58806 43053 3143 47327 1326 59543 3455
4977 6795 46580 35214 6985 46456 11066 24326 12010 6251 31203 7547 31247 2424 11565
4978 32252 41926 43485 59117
4979 39382 13984 7327
4980 14676 46195 27989 37464
4981 32326 3950 56396 3954 57121
4982 33261 7490 49093 8343
4983 19544 16654 48804 7908
4984 29276 6477 6429 44957 5445 6676 6831 8358
4985 45794 57960 45603
4986 28521 35922 48446 51099
4987 58645 45617 37291 43443
4988 35537 35477 4369 27636 61051 33965 40358
4989 12228 34717 11570 29928 38774 38928 55635 60027
4990 60796 57966 59610 58308
4991 27274 26811 29310 29326 21687 29315 29311 29299
4992 15174 57136 8565 8968
4993 26413 16155 17876 23171 47888
4994 47695 1253 49899
4995 43384 24892 57217 23348
4996 12042 12041 61105
4997 12822 38989 47495 54095
4998 53674 57815 52822 57718
4999 37734 38327 30176 33831
5000 32825 39848 38577 7839
5001 35383 10973 28533 10488
5002 50961 58175 50962
5003 36139 37876 3528 11808
5004 57041 55496 48299 54796 48302 58373
5005 48176 58681 41646 58679
5006 795
5007 29476 24423 23782 7128
5008 34781 47063 45473 37583
5009 20104 22691 24946 23134
5010 52798 52796 53562 52795 52799 52797 52859
5011 58415 55627 4299 11821 42820 42977 60457
5012 50154 58514 50452 50453
5013 15726 16125 47389 340 55977
5014 47471 19571 20501 19384
5015 6246 35846 5539 6243
5016 17752 34751 46155 1175 17751 25988 25991
5017 1243 53685 53684 1580 44139 1209
5018 55303 54102 43016 43093 59799 43210
5019 337 61746 276
5020 49166 8601 20749 19432
5021 48970 25060 16014 25187
5022 28315
5023 42507 60432 39784 44627
5024 1682 44985 4499 45084 18830
5025 3732 47975 36988 7947 48222 38696 19876
5026 30984 30985 30809
5027 9116 62099 36814
5028 18927 19532 16920 17327
5029 32038 27156 32787 26782 24544
5030 12112 45099 45080
5031 12411 35997 56222 56209 46963
5032 56263 49668 39042 51112 37788
5033 48410 7725 9792
5034 11286 41628 27658 41324
5035 30007 29394 28411 19912
5036 59727 13659 13975 59937 57221 59928
5037 52539 57671 6510
5038 32014 22722 781 6352 47576 6318 6350 29892 6729
5039 26184 2762 18922 27484
5040 8600 33837 9819 37614 47606 51669 3029 47135 35309 33816
5041 47894 56463 55366 48372
5042 61421 25541 61096 24198 21895 29843 29305 23453 37261 8897
5043 50271 50275 16074 16067 42027 46873
5044 6387 9766 11736 11727
5045 689 6174 15366 7561 656 690
5046 6843 15721 2623 15966
5047 9073 10183 7618 49470 13282
5048 40739 48321 42041 41508 41001
5049 19592 27624 16812 48416
5050 51119 29481 54860 55104
5051 29832 29837 30171 29935 52687 3125 29843
5052 19150 15704
5053 25716 9539 31308 11929 33661 958 12021
5054 54373 38357 36008 50004
5055 15128 12785 51463 22092 13473 25582 48506 16902 47525
5056 43152 13171 61926 58271 45829 14092 12950 42177
5057 42092 41940 43014 42081
5058 49605 58295 37239 28243 47346 57318 35071 58298 14030 36097
5059 38294 38309 38711 38823
5060 11262
5061 60132 56139 56539 56140 55810 39279 39266 58110
5062 24009 30772 23085 24266 59259
5063 8999 51307 3909 12756 51881 22252 10239 5094 51544 6123
5064 61807 61729 60960 61950 61949 33715 62090
5065 55632 59705 8198 7055 50791 40572 32954 59855 48225 8459 53100 43831
5066 43478 42559 41662 57498
5067 10851 10834 10861 35284
5068 24309 24738 22154 24739
5069 568 31251 673 1999 171
5070 55386 54622 49580 27038 19205 49584 16163 16192
5071 39385 6233 27924 52854 29160 48626 52915 6120 29859 2937 39373 2944 27927 27847
5072 36425 54763 31068 61261
5073 23970 9842 7768 6089 3866 29050 49124 46928
5074 39402 41639 36902 39394
5075 44766 32905 29048 51482
5076 25950 21946 39301 39372 43730 1080 5549 44928 44294 32060 25949 40458 40067 52301 31987 1037
5077 17490 17583 17056 20944
5078 1214 34673 54126 7204 7735 1212 8909 53911
5079 47440 48509 58511 56303
5080 2630 15644 11587 7805
5081 15410 11493
5082 61518 33127 28195 28182 16105 15703 33152
5083 52873 11083 49109 21258 24554 3309
5084 61334 27323 3708 45302
5085 1551 818 62032
5086 37146 36894 36610 14045
5087 45254 56710 43794 14607 42511 25026 51786
5088 55982 7465 7087 54404 54355 59501
5089 11249 23845 5662 15973
5090 1459 48450 1402 1626 48451
5091 39149 45190 29246 45167 43697 4856 35509 50490
5092 18712 21750 18755 16808
5093 51626 12819 30447 30514 25812 24181 18278 2765 52336 9311 53834 5088 22170 54758
5094 43132 43131 40384 32475 43133
5095 31758 25987 25986 25990
5096 3260 44098 21535 21595
5097 646 51960 55848 55704
5098 53854 48837 49254 9363 3852 61821 9789 7855
5099 61433 61473 61941 22114
5100 882 294 15662 15873
5101 29703 34779 1465 1407
5102 13276 21644 59249 23325 26538
5103 4953 51425 16497 17307 4954 4726 51855 4647 16589
5104 12933 47208 27843 51692 2225 49935 11741 29873 51477 4280 51537 49880 55628
5105 22969 30817 22608 23004
5106 27184 33038 32385 16178
5107 6883 8072 7013 6996 28107 6905 22096 6904 22152 9219 24643
5108 24452 48990 48991 29245 51560 62178 48603 8338
5109 40729 42826 53943 42893
5110 30713
5111 45369 2197 48498 48469 48508
5112 15319 20954 15314 60287 35254 39596 562 59074
5113 33593 12482 38633 53789
5114 30792 30741
5115 56235
5116 8665 9450 33052 9795
5117 59402 17669 47435 19284
5118 60259 33773 50100 33932
5119 17038 17531 19106 24470
5120 38971 10955 45481 22735
5121 59836 60742 54886 59665 42236 1488 49621 28326 30667 10422 39816 40949 44208 30614 19142 44176 44172 40086 56573 42263 56574 16468 1490
5122 58291 58237 53159 50230 35610 12841
5123 28550 17165 12369 127
5124 60314 12667 59030 48340
5125 36058 2260 61359 61903 12297
5126 5807 52184 52211 52189
5127 11690 28212 6385 28226 6634 61886 31336 28228
5128 33864 58791 29102
5129 38915 38886 38885 37441
5130 58968 50469 58571 58699
5131 41262 41264 41038
5132 57221 51969 5026 37218 11904 5918 54941 45630
5133 10784 54656 43566 36698
5134 53406 43560 43667 53825
5135 47546 47597 47702
5136 619 13232 52819 55878
5137 24796 45554 6440 2602
5138 18631 51496 43211
5139 61754 47057 56454 56416
5140 41644 43270 42915 42922
5141 17853 26512 17614 16587
5142 14189 14318 14755 48580
5143 17445 47461 27259 26266
5144 28755 30931 11965 30740
5145 57464 50681 56864 50510 12478 37188
5146 34743 12144 34758 33914
5147 8393 5625 47899 10337 24241
5148 49587 39979 14088 54008
5149 53206 54479 34444 48047
5150 29347 59827 51109 51107
5151 45647 46269 9409 34018 8994 48809
5152 50640 50580 50518 50582 50581
5153 9937 9203 9832 9289
5154 31436 15432 16000 6768 6380 6819 177 28808 16130 105 116 15447 32593 15462 6410 16122 6435 107
5155 28963 28900 29119 28287
5156 37795 38361 39187 36256
5157 11846 11843
5158 28079 25299 4199 25711 27949 52251 27946 11946
5159 48524 4465 35946 48526 4466 4519 35947 35944 35941 48545 35945 48619 4396 48528 35942
5160 18667 16844 16843 16798
5161 60861 35025 47059 14895
5162 9233 10026 2067 6945 22608 9624
5163 48835 30801 9984 10120 10211
5164 2914 29631 9191 8594
5165 40520 17369 16870 17151 32714 17153 8856 5095
5166 61308 56313 57608
5167 34270 34273 34269 34272
5168 44448 273 38582 3392 13916 61299 43360 35177
5169 12206 35449 45321 278
5170 32809 33392 32605 33391
5171 13772 35366 35368 21473
5172 53141 6279 7958 25333 22608
5173 6747 15757 29012 11702 523 15653
5174 28943 18490 32359 28256 33426
5175 41130 17214 35059
5176 58190 50910 47805 57225
5177 846 872 352 845 877 871 870
5178 39363 39284 41714 53051
5179 35156 38068
5180 15014 14988 13554 44922 20126 13581 14989 17672
5181 6334 6515
5182 43910 41723 13621 41834 14313 13634
5183 22099 9428 14085 15086 24255 54214
5184 38574 36608 37945 36609
5185 37570 21885 48151 47347
5186 7950 31819 11888 30105 33266 28097 34319 34245
5187 8575 7006 8758 22182 5297
5188 43208 44734 43779 43940
5189 40916 53530 3337 36416 43718 43716 43717
5190 10884
5191 45558 26372 34529 52721
5192 34314 61177 61423 26724 34313 61254 46692
5193 30358 35301 30374 3997
5194 15110 52195 36885 28802 36923 48551 38018 42312
5195 59812 43162 48308 60017 59223 47990 48220 55733 59612 59621
5196 49762 60282 49787 60283
5197 26459 26142 58389 58390 26319
5198 11516 28393 24564 23394 23011 23157
5199 4426 37533 3276 1054
5200 41470 40583 43567 42427 41627 46753 41471
5201 37918 38898 1537 48674 48670 12202 30506 36135 35376 48436 30471
5202 553 55255 54957 54837 54956
5203 45056 29032 53757 53942 51837
5204 16340 16339 16315 60344
5205 32116 32115 31780
5206 56828 56501 55615
5207 6957 6989 10394 8924
5208 26297 21367 27519 21407
5209 29522 48586 48450 48585 33662
5210 10475 16311 45164 10034 58083 8040 8790 59018 8995
5211 39226 37829 50092 35528 47099 58839 38145 50950
5212 2227 30707 4264 30858
5213 37874 45885 36496 36469
5214 27270 18191 47646 19455
5215 38448 15041 57129 31353 54725 60929 55248 31357
5216 20490 55870 20202 20538
5217 36397 7834 55235 59552 60355 42989 48415 11863
5218 27948 27993 58037 39261 38697 28035
5219 46311 56531 50277 57055 50399
5220 19060 21148 46186 9881 15164 16872
5221 31789 3994 17091 60980 48230 21582 17089 22609
5222 61183 49149 7720 9542
5223 50576 40672 33409 39119
5224 59669 59830 62577 38605
5225 59958 57636 42782 29726 56315
5226 18931 27410 1523 23835 15035
5227 13371 4579 44488 10733
5228 6132 7604 32471 7612 4911 9105 22666
5229 28986 30323 28901
5230 44818 15340 15343 15341
5231 39438 335 40341 269
5232 17798 18342 17620 20472
5233 35910 35890 34503 35506 34073
5234 50632 1576 20040 37761
5235 3126 3650 16826
5236 1557 3602 10813
5237 10439 10490 12707 48463 37384 36741
5238 47001 46951 54477 49039 46597 46953 45326 47002 47080 54709 2729 52647 49956 48811 46596 47044
5239 22127 9690 8235 22602
5240 32839 4944 4956 51652 41100 41980 38528 38520 56116 5500 44421 32081 38493 54874 31850
5241 49583 55777 57267 57268
5242 23417 12486 52861 22403 45780 11947 5335
5243 56087 24330 24502 30984
5244 54897 23633 41394 43330 57264 23784 29286
5245 24421 18946 45125 16119 19149 16095 16110 45005 17716
5246 30412 9416 7172 23966 23719
5247 39243 43212 397
5248 46871 34687 46705 1444
5249 5433 5668 24868 25402 8817 6316 8815 6474
5250 21938 21926 11261 22699
5251 10347 8802 24720 30192 8190 10415 11143 49203 22140 7407 5272 8454 7969 29640 10189 57897 9580 25627
5252 13011 33364 31601 48515 47128
5253 30976
5254 35525 1104 53482 47439
5255 27753 22294 7585 25013 23962 24627
5256 14161 44792 43983 43398 14075 14073 44009 41094 3145 44012
5257 31092 1525 35620 47311 62534 3663 48421 13639 48458 31086
5258 48844 21156 880 16010 23557
5259 38137 45893 62639 62526
5260 55140 57009 56564 14261 56634
5261 32315 32316 19116 5334
5262 44279 10425
5263 28005 37105 49004 28057 931 20045 9268 28535
5264 9351 22270 14071 51027 47156
5265 744 50426
5266 62084 55273 55121
5267 62224 61516 24488 10433 62023 61203 38776 52096
5268 32833 36832 28506
5269 7290 6842 11530 12059 46887 61248 47216 5073 61216 11990 2720
5270 51302 30644 58670 51341
5271 49073 49064 52561
5272 36206 34947 10484 61639
5273 36009 36012 57743 38058
5274 6234 6004 6062 6061
5275 48298 60818 35313 57888 57067 34738 47729 57836
5276 32375 10549 61987 38455
5277 61234 44519 44675 38378 33512 41218
5278 55980 47917 43973 50896 55979 43972 56142 56141 47916 55551 44491
5279 6804 6649 15529 6645
5280 41421 54955 39474
5281 2930 47599 2761
5282 54402 59000 44015 52823 12980 13620 43784 14592 42876 14552
5283 1196 13706 56618 59094
5284 38367 35490 35705 34009
5285 50387 55705 50391 48627
5286 41909 43250 41307 43406
5287 60186 59134 60185 55293 57939 57945 55186 58636
5288 53468 53472 40633
5289 55166 57074 57075
5290 19804 38395 21194 51189
5291 6035 8851 22642 24702 39237 56829 39234 25803 8434
5292 51338 52262 36490 36486 51658
5293 53054 36759 61039 62111
5294 48319 10837 50128 56515 57807 48318 54052 43229 10856
5295 61708 39583 53171 1656
5296 16636 41022 56174 33205 56175 19598 58913 6974 23979
5297 36519 46097 34651 38005
5298 50460 3861 3860
5299 42346 35954 36022 32860
5300 32852 45380 45717 61445
5301 35796 4678 41779 32237
5302 61531 57286 316
5303 48443 61166 61369
5304 8944 10397 23463 29707
5305 60954 39230 30338 30301 3387 30366
5306 11110 22452 21299 7974 6778
5307 46618 45443 45464 618 47126 46549
5308 21061 21076 19696 19768 20536 20517
5309 60120 59550 54737 57633
5310 16938 19751 3066 4385
5311 26716 25078 8943 18553 9656
5312 59889 43276 41066 22410
5313 32548 33291 4645 32139 7095
5314 50319 57471 50443 37060
5315 35152 12105 35040 8897
5316 59219 59256 60395
5317 42283 43640 54652 13998
5318 5586 37546 1521 62115 61377 48404 1548 31074 1334 38832
5319 58424 46507 48464 61533
5320 57887 48448 50839 50042 40304 50598 8812 9802 57476 9863 8908 22194 14503
5321 16952 21236 17806 19380
5322 36143 61986 11883 1053 61985 35683
5323 47496 39153 1154 9165
5324 15397 3794 26130 31518 3795
5325 47347 47510 46183
5326 47051 27760 6278 27754
5327 23331 19586 20645 18903 4240
5328 4228 37200 36251 37394 36334 61092
5329 40487 40488 40480 1055
5330 49664 4189 51076 50933
5331 53678 57726 54989 57674
5332 3105 2833 35529 3106
5333 16935 27585 27580 32876
5334 48741 34155 46476 10410 45527 45637
5335 53160 23724 53181 23574 53217 53901
5336 9380 44399 31805 43805 31590 43806
5337 36373 54034 53850 61320 1614 54021 1123
5338 2276 8248 32320 11888
5339 44348 14323 49533 44211 12837 49407 49716
5340 52597 6419 51806 28067
5341 29529 31172 29606 20045 1056 21232
5342 48367 56152 56870 55150 49941 49873 48368 56972
5343 61266 31322 62387 62394
5344 13867 35830 35831 35948
5345 47665 36327 61201 35459 61118 21791 21957
5346 25958 25172 50022 36240 45301 27892 24737 22742
5347 23208 25663 22930 23004 25665
5348 55528 62296 23345 56404
5349 41951 43384 43067 41947
5350 60978 31216 22306 30081
5351 33249 11870 8780 8640 10059
5352 20503 8358 9291 19938
5353 5926 5620 14738 12906
5354 38555 37565 33824 38057
5355 28213 22148 28335 28236 28334 27803 456
5356 7751 22040 27785 6087 4380
5357 8388 46452 45348 5755
5358 33533 5964 2200 52654
5359 29901 33584 33809 50285 47543 33624 47031 36974 54484 48056 34759 39990 44803 33622 53310
5360 18287 16678 21310 28271 20808 51479
5361 58310 57080 59261
5362 1201 13767 7373 51102
5363 17365 16577 17362 16756
5364 55030 58208 1142 59493
5365 38854 27887 38856 56029 31531 47757 61099
5366 50151 36113 6758 50152
5367 23381 48513 22607 23376
5368 32887 32124 33171 31716
5369 30310
5370 7029 25609 8849 7036
5371 23671 7656 7522 7748
5372 22457 32659 32651 2110 31655 1800 10732 33317
5373 47164 56194 49629 42659
5374 54038 54032 54016 54018 43117
5375 23466 60061 47986 47984
5376 49643 26075 27114 20142 27194
5377 26747 27328 20039 26839
5378 3901 52341 5896 7889 45001
5379 804 54071 41110 19718 22113 20444 15625 36343 18404
5380 2766 45695 10280 2780 7392 2307 7529
5381 32322 32696 32898 31598
5382 53794 54341 54300 43928 1079 54252 41837 44069 4331 40854 4332
5383 15622 3675 39462 3967
5384 53273 14228 40324 43747 12845 54267 49447 50922
5385 52226 8143 59834 9444 9694 21004
5386 18638 20145 18241 4410
5387 7020 60766 7045 9947 52740 22520 22135
5388 22460
5389 59733 14495 36433 14776
5390 24712 22233 7835 3840
5391 41136 61393 3984
5392 31735 19841 19702 31750 23391 17820 31652 17351
5393 20933 20819 20175 20083
5394 20242 20035 26841 20306 3384
5395 47403 50369 10429 49781
5396 47345 2169 18869 27106
5397 29530 30657 29810 30495 60656 29813
5398 41076 17585 55095 39692 54037
5399 355 45331 36449 15832
5400 3181 1274 55052 37411 40393
5401 13418 16288 38221 43183
5402 1720 47153 1721 32635 1722 1719 1859 1868 32801 1723 1857
5403 20340 15211 20432 22338
5404 4003 39012
5405 9547 25634 27848 30528 30527 10976 27744 62276 30526 52837 27899 44364 30560
5406 42497 49437 36712 14002
5407 53981 1272 54105 36063
5408 51155 27103 12190 51142
5409 25445 19280 48957 30513 27070 53132
5410 25019 22638 4617 25632 5770 46793
5411 55347 58228 54830
5412 13466 61043 56242 56307
5413 35942 43872
5414 54196 7324 43912 43591 54421 9557 37996 43592 53278 7823 44017 36542 43595 54331 13469 8855 53788 41090 53385 43759 43636 54372 43569 28429 44019
5415 31478 22042 19066 33843
5416 57035 57354 55277 40989 24939 59131 40994 59267 42200 57350 40991
5417 57923 1041 58101 50396
5418 29680 15881 15554 19328 2501 15948 47052 29681 53757 6314
5419 33408 9084 8853 8900 25826
5420 14773 42817 39751 22929
5421 8141 32402 48969 52562 334 8549
5422 43633 19817 27515 19818
5423 8759 14181 7279 47256 23873
5424 59187 59179 50856 59792
5425 49671 29616 36394 9530
5426 8260 10160 8094 23138
5427 56950 45787 33709 50236
5428 13783 36218 50690 31762
5429 53040 25672 7300 7824 7060 9879
5430 51871 59287 60348 51800 43733 55350 58757 55352
5431 1575 13107 60329 55994 50747 48362
5432 54035 54599 54020 54016
5433 51752 44847 30312 43950 32199 29992 37012
5434 23366 4552 23364 37270 22190 36731 22168
5435 57357 5273 16218 39368 1877
5436 51087 51090 6999 7203 24620 51091
5437 42740 9860 44749 33307 33803 33301 44576 43426
5438 59144 59429 56668 59818
5439 15354 47764 33577 60085 15731 32021 45488
5440 11658 11639 11576 52162 51932 52210 51933
5441 18289 8679 48644 17846
5442 27326 47470 16375 49327 49350 47498 49654 49660 49628 49336
5443 3616 37739 60907 35164
5444 30873
5445 10911 18487 20086 19591
5446 7250 9458 19145 49199
5447 14672 58861 4159 4157
5448 62376 28613 22630 28023
5449 62558 61508 35710 30565 35671 36770 42556
5450 12976 58531 38432 12973
5451 33945 21298 2405 23808
5452 6134 27799 53619 6031 6034 53027 52979
5453 36572 36284 55142 54982
5454 59155 37273 37266 36661
5455 22325 22528 25885 39947 8701
5456 55013 53001 1941 55088 24206 3896 58702 23948 9168 55481 57660 55089
5457 37300 49100 25600 32889
5458 30819 30910 30847
5459 21335 21334 17839 34547 10581 19438 46324
5460 5209 46443 4979 25304
5461 35474 43604 4623 30277 47306 5355 11496
5462 59629 34396 59630 59631 35310 28487
5463 41765 54584 53624 43089 41758
5464 9670 24445 25574 35641
5465 25157 7382 6949 7867 8413 8204 25158 7088
5466 26742 368 17828 26738 28662 25494 31453 13876 13475
5467 59376 58840 25840 22787 59409 57643
5468 58372 55944 15162 55943
5469 7976 36445 37803 43203
5470 26190 24953 25251 5836
5471 57564 60467 47907 55304
5472 45538 9389 53798 7188 11316 57913 9695 42752 41607 52497
5473 24055 32026 26300 18626
5474 8876 8826 1468 8827 8705 8690
5475 23928 26712 26722 57036 56789
5476 59950 14817 61761 61414
5477 49138 10017 10334 37000 5840
5478 10688 35375 10589
5479 47500 34633 61249 47329
5480 52274 3965 15715 15714 23090 9198
5481 35811 28751 926 943 12260
5482 21448 26671 26356 2426
5483 60078 58163 60269 58892 60073 60074 60268 58891 58505 58164 60079 47571
5484 13641 14307 36278 16095 6372
5485 43070 43097 43015 41814
5486 40472 39726 40468 41647
5487 51870 60645 17847 17836 38051 17560
5488 2898 2222 2224 2221 2205 2681 2554
5489 26530 26186 27337 27199
5490 2948 52348 56628 47825 51528 31415 31406 51435 47713 8996 48307 14605 54219 48085 2279 8112 48122 42404 59275 59273 5020 48286
5491 35913 29581 9844 8474
5492 27211 27332 16812 16641
5493 37924 46997 15301 44714
5494 59858 48038 59871 55805 40832 57396 58801 40976 56026 56122 56027 59654 44651 57418 44646 40970 59957 55495 57146 40974
5495 37102 33674 45837 62495
5496 59611 8586 45779 57429 41355 55170 55278 35405 39609
5497 56161 56157 60721 56180
5498 47545 11482 40613 19374 45201 40985 3478 49831 41330 48406 40608 42299 4241 27786 33528 30005
5499 11330 9030 53680
5500 20039 20040 5060 17947 60617 4690
5501 1937 41527 15112 22377 22664 11114 22360 2373
5502 45300 12306 17852 28777
5503 48568 13084 13050 49280
5504 44334 4246 58084 10814 1111 47252 6310 35238 33561 2609 45251 30258 29141 51816 43907 30368 159 2523 47997 4185 57821 47536 2717 44335 4937
5505 55730 45749 40662 55732
5506 62638 33723 61268
5507 47526
5508 18302 31061 4769 8908
5509 25614 7792 5714 4724
5510 32696 15354 37555 4528
5511 16475 55292 16981 58461 19855 55291 17587
5512 59285 31329
5513 5144 1767 5349 3863
5514 2786 59039 60921 5103 60922
5515 51445 10105 18459 24921
5516 18592 18606 36849 8873
5517 861 19013 34143 32360 33825 6833 1015
5518 33780 33676 33779
5519 43923 41922 41928 43662 41589 43660
5520 17202 26070 47327 40607
5521 17965 18879 49673 17924 18107 27113 30043
5522 52961 30883 18669
5523 13023 28538 28425 46300
5524 28645 4275 28350 30006
5525 28028 944 28049 971
5526 20149 37985 22128 22311 4689 3088 52651 20150 2682 52002 51615 2421
5527 20698 21879 20723 18462 56421 20718 7927
5528 53452 51421 51422 7973
5529 9292 8073 34237 50394
5530 7607 9174 9426 29737 21141
5531 61215 1390
5532 4835 61716 38714 13348
5533 36476 38853 48166 56623
5534 47431 41044 29955 40840
5535 1444 4076 4477 43302
5536 37427 41251 44307 41253
5537 26922 26939 26104 35957
5538 18265 20351 17010 16981
5539 47786 3739 55554 30337 33381
5540 16493 16846 26189 32697 16815 32699 17317 17766
5541 22885 4518 12650 12493 46966 45533 40435 36802 469 4883 12428 36413
5542 22355 24674 22354 7553
5543 26953 16213 26952 26398
5544 56242 27080 20774
5545 24260 24538 9837
5546 34 43 44 11043 5278 59
5547 251 36393 1607 48623 735 12145 734
5548 51179 51180 45406 27739 988
5549 22780 25564 24386 23542 22385 22839 24195 25533 24109 38264
5550 31316 304 62469 34985 31168
5551 19619 47330 34543 21897 36807
5552 20120 41504 17933 32999
5553 43501 41801 41665 42900
5554 7097 10060 7176 61576 2708 8388 61119
5555 28108 10959 28109 10916 10969 10917
5556 58950 31269 31324 47549
5557 23732 3488 56369 55602
5558 43862 54019 40431 54037 40345
5559 14127 3851 53609 51862 28557 51857 43952 57023 41278 51828 1163 686 51434 14007
5560 57076 57415 46379 34208
5561 43097 19694 40611 16974 40606
5562 38186 57297 60311 37081 38175
5563 41704 44771 36526 42593 34424 41703
5564 34797 45390 48612 48613
5565 45425 48748 25221 45523
5566 45999 45903 29883 45762
5567 16102 35433 30289 28946 28929 2087
5568 41466 49980 41224 41450
5569 36497 1589 37817 39091
5570 57481 40024 4728 39925 39831 5112
5571 54666 47396 42622 11842
5572 19979 28246 15725 20550 17871 45797 28174
5573 21931 48336 52800 60863 62380 33625
5574 54921 61989 61709 42782
5575 28257 6849 6170 6724 6169 6700
5576 34695
5577 57413 57417 59513 59514
5578 43555 55457 43802 23860 18536 55459 43804 55142
5579 4540 30450 4861 46646 4526 6344 917 4455 48384 60639 6710 5008 28910 48395 10677 6333 5731 21417 5287 7757 30428 6712 56070
5580 39244 1547 60428 34396
5581 54675 29501 6843 29448 29771 29537 29003 29553 25422 29478 29746 29684
5582 20952 29317 29769 18785 29562
5583 15402 61614 39553
5584 18412 61893 26983 58659
5585 14669 41674 14746 43454
5586 33972 330 32562 328 16806 34386
5587 58784 58780 58838 60083
5588 39905 13033 40450 15059 40348 13113 41531
5589 16945 16831 16517 16724 16913 16767 16762
5590 36752 34876 1700 46037
5591 52100 51725 51907 52101
5592 23008 31497 32696 32699
5593 58590 28530 35938 38101
5594 34296 43241 33869 55403
5595 22845 25702 25780 5711 24376 1734 53112 44872 24377
5596 8237 54632 60404 57664 54077
5597 4534 32592 62107 33378 31593
5598 5484 46410 41220 41717 50101
5599 39557 1620 39442 39642 34925 32683
5600 58431 56612 58405 57081
5601 8459 7541 7421 24891
5602 60461 59844 59843 59390
5603 1124 58128 49487 1570 46191 42993
5604 41490
5605 7468 61455 48747 7147
5606 48915 32195 32396 36697
5607 36858 26654 20368 51487 26904 50653 51488 26905 56365 51747 20846 18814 59754 27245 26903 26458 20178 20510 26757 18143 41791
5608 31853 21147 15706 8112 46521 21809 15631 9426 10645 18843 20913 42513
5609 48944 9609 10606 8485 48853
5610 39709 21122 25021 40377 8543 31503 9077
5611 59027 51419 1428 53976 28741 2579 53298 52076 28737 28736
5612 59337 9220 39083 8460
5613 35991 8897 2041 49881 2037
5614 61300 10992 59621 59826
5615 51478 32065 31682 11147 51481 24430 32791 32882 51475 23890 6737
5616 28924 25014 48506
5617 56025 14703 14160 14392
5618 57408 56938 55493 55916
5619 28091 28092 28042 28090
5620 12061 24747 8905 8391
5621 9991 10039 49983 8106 10231
5622 19335 62157 19341 47529
5623 9053 9055 11952 33943
5624 40281 52997 40280 52995
5625 52465 30984 14082 57730 33288 31710
5626 22442 22488 9933 22467
5627 50944 56682 37944 58857
5628 34777 26650 17176 59441 58810 58385 48271 21180
5629 16612 57182 57181 17841
5630 56529 60384 50422 62147
5631 35250 40048 53313 35148
5632 45377 21312 44989 49745 26837 18856
5633 17432 9323 8728 46505
5634 58833 52267 34814 57859 59081 2677 53753 57681
5635 6418 36102 6495
5636 53276 40373 54612 39514
5637 24855 24077 23297 24677
5638 48426 8073 9336 31941
5639 50320 34634 38904 48177
5640 27576 45838 52708 13468
5641 55206 55207 35448
5642 29244 16133 45131 28210 15574 15997 4444 750 15781 773
5643 53000 5058 53835 53279
5644 8072 18454 5397 5374 51339 6347 7325 45468 8182
5645 48540 4577 31040 33185
5646 17385 59859 11039 18748
5647 15193 9174 7911 8002
5648 42697 42592 52312 40766
5649 57453 33941 42010 57450
5650 43303 43302
5651 28740 28780 47994 50805
5652 53742 60964 54255 53633 53533
5653 34008 61748 28413 28414
5654 13234 16359 54901 17631
5655 52654 25146 13307 23535 9614 11111 24152 7341
5656 8484 38210 5231
5657 38679 36531 47462 37539
5658 18957 41047 33371 33848 22041 18956 31679
5659 29778 38612 41040 39387 43128 41773 43406
5660 22769 25381 25343 24031 24869 22695 24696 24003 24890 25244 24697 25999 57435 24023
5661 18959 16429 55339 49588 16430
5662 37258 38785 29542 209 38631 35475 1203 1311 49503 60775 38800
5663 1383 7827 8658 6948 10319 7355 7793 6885
5664 21534 60647 48430 26840 48620
5665 41259 54645 54605 29203 44531 42202 41250 41813
5666 19327 29122 11882 15765
5667 22322 24203 12333 23540
5668 4002 35805 61032 4134
5669 23635 30923 23634 25933 44831 25932
5670 40163 41440 41439
5671 12989 13078 48637
5672 59381 48420 59168 29828
5673 29230 33066 20299 61868 20866 29287 18040 17887 33059 18574 18340 17236 61613 18144 18140 16584
5674 61859 30257 35879 31229
5675 21242 21250 27818 23008
5676 47744 45511 17581 31860
5677 22219 25631 24708 20659
5678 3391
5679 36926 49679 19605 27066 49742 2134 35523 19629 49341 19808 26706 21096 51476 35734
5680 775 626 9797 11681 8993 11034 32160
5681 57923 60346 39437 61154
5682 32579 1974 31841 446
5683 47155 13197 51256 46563 52680 46023
5684 3568 45150
5685 31272 54609 2614 44723
5686 25305 22801 24026 23665
5687 62529 62093
5688 38257 1633 49588 62668 60388 56490 61407 33907 57373 55954
5689 56351 56469 55420 18361 49813 41553 49819 40356 56353 42724 40934 52570 56640 55875 49908 55568 55641 58222 49812
5690 21652 21028 26047 26771
5691 55772 56265 58171 55239 3437 43342 42606 58817 40689 56634 42353 54055
5692 24270 30054 24269 7849
5693 48145 53979 30627 37373 44032 3854 40804 5468
5694 53779 11709 53561 54441
5695 45503 38209 36949 36948 61694
5696 53686 22062 41698 13875 18304 41699 46062 9237 37819 54600 22023 13673
5697 13053 41772 40601 13054 40903 12760 40998 40490 13052
5698 61333 8458 46602 46599 46601 7841 48778 51424 49184 9308 48964
5699 26944 26945 49043 20292
5700 24057 37895 48121 3938 36835 3807 23512 38376 48195
5701 27959 30112 15414 15441
5702 6599 11813 17907 62491 27249
5703 33651 61734 61735 61230
5704 62078 62406
5705 48571 1325
5706 4494 34542 31024 59618
5707 48244 48282 62711 35630
5708 41902 699 38237 11712 59949 11573
5709 42522 37741
5710 25349 21238 11157 8437 8809
5711 201 36019 39078 36548
5712 50493 50029 50130
5713 53076 54597 39897 40428
5714 60920 3408
5715 32457 39811 40054
5716 1086 46041 1087 1217
5717 19854 21413 20862 16653
5718 61824 10284 9131
5719 51775 44847 18376 23489 8441 53153 51223 18195 53284 26921 32771
5720 28977 23427 15534 23419
5721 19408 55777 57266 44484
5722 52169 30190 51869 52042
5723 451 17131 26677 16508
5724 55787 61322 57162 55789
5725 61382 1472 35878 30172 36578 38597
5726 43600 40940 57816 13252 41550
5727 38020 38033 36217
5728 57375 34108 6118 46758
5729 29428 29409 29647 29648
5730 35497 37753 39239 47524
5731 44516 36368 4125 47380
5732 835 12444 6417
5733 7637 48906 9079 50434 54654 31508 44398 8645 10187 43226 8536
5734 22232 235 22424 42273 30753
5735 29841 31520 3099 61450 31947
5736 11588 11627 11730 34218
5737 26138 27305 26685 21105
5738 11166 44805 8696 6858
5739 39822 50395 39935 39933
5740 22943 52487 53383 53201 45017 52612 53691 34732 53227
5741 56618 39910 13918 58380 15050 42339 56824
5742 29887 19402 61469 2406
5743 61591 48441 30827 49481
5744 6833 3697 6388 26591
5745 19467 10430 47564 10476 18989
5746 56717 49426 4129 4213 40117 44692 40923 39358 52919 39356
5747 61560 62355 62460
5748 49250 55014 57912 56923
5749 23928 21452 18938
5750 39891 29006 13760 29127 19706 29126
5751 35715 9645 9246 33604 46483
5752 30837 7663 33617 7313
5753 11292
5754 25090 36338 47094 47192
5755 20026 20216
5756 31330
5757 20601 36343
5758 22581 24840 49101
5759 50602 61294 59012 43232 57980 59444
5760 57511 8700 5727 8705 57512 29716 52893 29587 53008 9646
5761 22876 13414 4768 30060 1514 13459 8048 23947
5762 22434 46760 25892 23566
5763 36816 36237
5764 18312 55271 15330 598
5765 8911 51089 51104 18762 5052 23007 12103
5766 16070 26732 40785 3575
5767 61927 62218 61917 62229
5768 2204 5742 5199 60583
5769 18091 49627 49531
5770 51173 10956 51187 14533
5771 42914 50129 50131
5772 24735 22936 23214 31451
5773 51179 23160 22537 30473
5774 49513 49512 14660 59373
5775 11436 11471 31930 33153
5776 39764 2129 30649 41827 41722 35387
5777 8118 8469 52713 8058
5778 31116 9267 31127 55454 37864 10402
5779 59255 57962 58288 57961
5780 47824 23287 42060 35056 56792 39388 40321 52834 53165 48193
5781 27083 53690 26322 26046 47501 18882 53689
5782 9072 33399 46454 8213
5783 24968 7702 49141 32046
5784 38489 35349 47389 37216
5785 48631 50299 47296 62647 61140 35845 50677 47386
5786 58539 57420
5787 57152 12431 35770 55903 12646
5788 18263 60065 18446 22502
5789 35567 35568 56243
5790 33688 21900 36553 37215
5791 23552 23513 45437 25070
5792 47859 22031 10556 32696
5793 38556 38906 28106 36775 38552 37578
5794 24019 24018 24017 29635
5795 15867 458 24 31237 15868 15499 15679 50471 33526 6613 15460
5796 38809 50383 59104 3428 51092 49574 47897 59230 53018 50258
5797 57922 59406 58343 32699 32042
5798 59310 31346 59831
5799 7906 23594 11088 23828 23912 25855 23968
5800 54476 45209 45210 13950 47843 46122 57652 34436
5801 1536 38782 37260 36941
5802 17019 27542 27544 19480
5803 6046 29237 15833 15589
5804 39649 54565 54564 40515
5805 37959 35691 36432 36919 1509
5806 23869 35638 25612 22278
5807 28584 32264 32285 30404
5808 18864 6092 1745 4639 4640 6067 6136
5809 7059 12968 2663 9754
5810 60340 26315 4284 57920
5811 14770 13894 48167 14343 56729 55891 13288 14242 48144 48143 47991
5812 55274 4064 18588 26569 26718 9942 26723
5813 61779 44745 43054
5814 62574 61281 35720 61502
5815 52134 13777 52270 51202
5816 25027 45189 25766 39331 23760
5817 37719 1410 61118
5818 59517 18977 59999 26341 51753 26525 29994
5819 26964 27049 21048 14452
5820 27439 15259 5799 16297 26884
5821 48162 34124 56634
5822 61487 46666
5823 45986 45988 22957 22573
5824 28052 10891
5825 26106 26864 26199 26451
5826 38777 152 4477 10426 60245
5827 24586
5828 24725 23187 23573 23578 9882
5829 56715 57778 60319 55596 61429 1488 54603 53318
5830 23212 23590 27890 4255 23529 2596 30097 30996 23159
5831 48443 24874 1682 4202
5832 989 52655 38410 175 990 29231 1116 6666 27693 38282 5538 27692 52047 11962 32530
5833 747 742 29131
5834 17436 45835 45633 45732
5835 59877 60006 1491 55061 47985
5836 39353 41174 40670 40327
5837 3811 38732 45269 38525 45270 36472
5838 47594 31592 24100
5839 46188 45610 47973 14609
5840 26401 61686 52361 21461
5841 31466 32047 198 38589
5842 59912 13720 13719
5843 24904 24480 46669 25035 32823
5844 13757 55711 40744 46086
5845 30806 30944 30745
5846 5244 12305
5847 38576 57662 56148 28113 49866 59767 58635 49463 57490 56260 49977 56787 51258
5848 49468 61742 49465 49469
5849 19643 45742 33707 39810
5850 61828 48173 61690 37952
5851 50578 58290 37960
5852 28456 5774 5183 5490 5330 28670 28542 427
5853 35451 13604 3438 42615 13595
5854 61756 38153 52775 60109 3389 61895 42101
5855 17108 17243 16975 51446
5856 37729 23919 23757 49494 32564 29602 16723 20179 25321 7087
5857 6331 37680 57917 12318 6485 7700 6597
5858 19639 19045 9788 35375 14461 19909 15735
5859 60337 43960 44407 59694
5860 59979 33145 56129 25709 24671 24238 32782 25731 24072 24945
5861 57680 59569 13890 58902 50209 29585 26478 52384 58355 48053 50208 14886 52321 49808 48375 29412 29431
5862 61570 36882 50711
5863 10751 10746 10755 10754 10745 10779 10749 10740 12360 10742 10767 10748
5864 45636 45899 45206 29095 47050 46598
5865 1738 1763 6192 31912
5866 4276 29493 10075 10315 29842 55452 28617 8747
5867 61367 38626 61117 41339 42425 43653
5868 7434 9605 41861 7435 8072
5869 16025 29078 29665 6746
5870 53046 44318 40027 53053
5871 20991 21168 21172 17510
5872 31722 38767 47389
5873 11298 7853 10363 581 10381 561 29255 11312
5874 55198 49901 4294 55646
5875 59897 12719 41583 41578
5876 48450 48507 48432
5877 16691 10719 26688 26947 16759 17564 26887 17630 20655 20047
5878 26780 4671 11432 11433
5879 40882 42476 39112 42962 13760 48401
5880 41011 39898 47631 42630 44391 13224 40048 53586
5881 57779 60335 48147 60619 50428 35832 48062 34282 55857 50520 50871 47077 57790
5882 26206 13055 50539 35047 60918 26205
5883 52193 52192 51441
5884 54258 53680 52662 34670
5885 39767 42188 46139 46512
5886 36448
5887 48027 56862 50319 48030 48028 54775 56860 59833
5888 26624 26725 49444 21515
5889 62299 61855 4869 113
5890 5526 353 3805 61300
5891 35412 1819 1804 2505
5892 34532 33786 40003 33770 49727 34531 40005
5893 32011 62443 38352
5894 59839 37504 57329 57904
5895 21666 21711 49640 9068
5896 32701 23531 32488
5897 96 29055 19624 44125 88 42367 44124
5898 17228 19640 61573 9843
5899 62579 34786 53410 62633 62578
5900 18017 50523 4153 50876
5901 37334 3454 48669 13383 60012 5529
5902 24253 37437 34916 27855 58051 48217 30224
5903 18305 18308 18306 31850 39101 32532 31575 32934
5904 61162 18571 38962 20707 26866
5905 59445 14884 59639 59467 14623 58585 60486
5906 1418 62717 1380 1522
5907 57734 158 1912 32465
5908 43029 43022 40927 13430
5909 13679 13897 49931 36956 55536
5910 23678 23353 21459 23600 21708
5911 34105 21345 34908 1679 54007 52805 21284 1678 22071 54036 1681
5912 37073 47814 45314 45220 62533
5913 37765 1417 36982 47755
5914 62399 7522 8035 1659
5915 24903 8301 8042 13455
5916 5392 4816 4817 4679
5917 9059 6869 48723 9589
5918 35644 35102 58888 4219
5919 13004 54858
5920 3655 28668 3047 60678
5921 20337 17299 18706
5922 29710 29579 29406 29351
5923 48434 22820 53755 25798 48580 15279 21244 51947 53756
5924 11986 53480 6039 30304
5925 38821 36663 38659
5926 14794 7011 14783 46594
5927 38685 38701 24456 38700
5928 4252 34159 46132 29605 29552 2420 52896 29357 47479 52903 51132 52142
5929 36806 36700 37661
5930 1908 30929 3816 3862 1695 2004 3865
5931 49036 45619 46076 45775
5932 41309 57923 50927
5933 35158 34072 15723
5934 57731 50057 23281 7198 26833 18800 18812 27237 50643 57729 50797 18138 26781
5935 49000 7543 9584 9776 22860
5936 53369 24866 23163 9355 53110 22535 44862 3882 47618 25258
5937 48327 3409
5938 23632 25176 34689 47938
5939 6030 30829 16127 15754
5940 60993 37027 62352 62351
5941 38124 54382 53825 54380
5942 12029 49198 46127 31445 11860 32961 2814 7762 11494 6124 9082 2349 28024 11481 2691 5518 11589 11587 7646 8360 720 32335 5119 2669 8878 3833 7011 9895 11661 32950 29976 29759 27983 51278 24915 24741 11545 11868 45694 2504 49175 56452 11559 2333 29940 48238 28347 12002 51383 10091 49282 10373
5943 30073 30156 30071 30131
5944 62619 55234 31041 35677
5945 46407 62029 30728
5946 15239 5893 5989 5525 51897 7692 44365 25458 4773 29492 52513 4909 29783 48314 9293 51265 48315 24185 27368
5947 12229 12223 236 11913
5948 51453 56516 59725 50477 56650 639 35217 46478
5949 28545 2178 6349 2156
5950 36945
5951 22301 2231 26428 22300
5952 44666 19015 19686 19750 12693
5953 29155 6551 33208 6626
5954 3456 28871 28816
5955 20233 20169
5956 21648 21649 17081 26889
5957 15951 17870 18123 24639
5958 18520 41370 38718 48958 8935
5959 46537 49274 46755
5960 61501 23624 61961 9937
5961 15526 6769 6342 15482
5962 12265 51312 45062 23742
5963 38448 56278
5964 13297 59092 59097
5965 59917 47776 42196 37010
5966 59580 11921 59107 59585 43798 4272
5967 57185 27811 40721 24912 27804 5863 40491 41484 60116 56913 60117 42501
5968 35907 33426 16755 57020
5969 46741 33883 1816 33884
5970 36632 55764 59317 60239 13946
5971 61595 37361 3200 44529
5972 51751 31592 52392 32068 32931 31591 32238 52229
5973 16713 16709 18469 6865 18470 16226
5974 25957 23018 23949 23687
5975 60493 37516 30984 30819 61282 61853 7878 16269
5976 16103 13328 37853
5977 43306 38765 13294
5978 43444 38042 41610 38055
5979 14029 35120 57929 45577
5980 12278 35214 45002 45023 45025 34929 11947 34988
5981 47926 20927 20926 27477
5982 24092 5458 53509 51901 25018 13686 53510 27331 5545 5459 22310
5983 26000 33386 23544 25056 25907 25691
5984 58537 55958 47762 9967 1296 25945
5985 55634 60944 60549 55588
5986 38434 43386 34836 41176 41935 34321 34320 3427 43233 50735 40578
5987 52107 28373 29038 11724 11667 52118 11507 11669
5988 62500 62114 62070 11951 11970
5989 61847 61416 33841 34206 38510 46912
5990 56105 56104 3941 37418
5991 38311 61654 42467 56327
5992 59260 57853
5993 38584 60847 60955 58142 38953 12757 38966 4017 47862 3338 13981 38523
5994 26679 26218 26224 26227 27610 26198 27612 26793 26220 26228
5995 6432 52757 45211 12620 62662 47381 623
5996 45396 4146
5997 60503 58412
5998 1665 61250 61401 62098
5999 51834 1135 48675
6000 3743 36109 37387 41377
6001 16915 57370 59247
6002 2708 28683 45308
6003 20709 27996 19890 20252
6004 51121 48496 48575 62666
6005 11841 20359 24925 54707 18489
6006 25354 46275 4147 4910
6007 14653 43158 13677 41804 13387
6008 5010 46700 45451 13330 27695 31456 11224 51449
6009 21099 18979 21416 16629
6010 54599 43039 30309 38473 30352
6011 1514 4514 4509 31015
6012 38173 59011 39072 36362
6013 16854 4751 31111 5314 45812 17172
6014 41381 61194 16768 16766
6015 41545 14869 34251 13427
6016 56669 61984 62194 19857
6017 5834 10002 24346 24014
6018 8676 25058 22145 18691
6019 27412 21973 5320 19843 52529 18862 53299 46911 55625 52622 55745 5322 57922 44842
6020 14632 37234 36562 57924
6021 275 29118 4495 315
6022 43693 14742 56507 41677 13565 56257
6023 8480 8287 7019
6024 61966 53780 5798 54705
6025 57459 36265 38476 56060 56061 55165 59400 55780
6026 20881 21177 56587 9267
6027 40983 32698 26126 13237 13183 42522 42732
6028 480 12058 6122 82
6029 18443 48665 20590 19725
6030 61927 62061 61317 37861
6031 57549 57955 50033 57644
6032 10092 7821 8299 11231
6033 43303 41155 58787 26313
6034 7023 51765 5826 29453
6035 44455 56209 13353 13873
6036 40968 60552 58327 58179 14761
6037 58842 33796 48202 56002 48203 34122
6038 42223 41735 33050 23675 15302 5837 32111 10610 10607 32892 51313 11226 14887 51459 10411 14785 32803 51314 51458
6039 10962 29272 20462 31938
6040 6558 31305 45135 710
6041 45981 53032 39430 35101 41172 46631 1376 61078 54200 53144
6042 23103 22739 25463 56006 59236 24640 58398 13250 13259 59953
6043 33922 34806 36553
6044 13087 2736 44925 24734
6045 15218 17623 35730
6046 37633 34887 37367 57065
6047 7412 36294 8983 9423
6048 20147 45754 16779 22285
6049 57333 58886 58404 59435 57668 58153 57482 58546 58129 14467 14465 38795 58967 57287 57968 49571 58403 49443
6050 52992 13240 57286 41789 24199 50749 57287
6051 16840 36834 19417 16489 49606 17756
6052 37900 1471 14108 36418
6053 22656 22201 61018 53942 33514 22993 8611 22994 33505 6964 29969 2852 22200 23563
6054 15870 823 29044 41705 6646 54619
6055 20843 16668 16746 19908
6056 30927 6126 4477 10434 10390
6057 7394 29274 45990 8370 507
6058 28899 40026 40430 62362
6059 44092 59651 39986 44284 43687 3685
6060 30921
6061 50496 30696 35833 30043
6062 48188 24933 5855 6327 48366 51827 3518 33679 3883 23317 16788
6063 61707 14185 62140 61706 62139
6064 6719 10820 29276 11447 28027 2836 6409 31238 6525 45662 6526 43097
6065 45166 34871 28992
6066 56111 48027 47804 47846
6067 23445 30421 54647 24835 11315 54646
6068 23060 22979 7349
6069 41809 42601 44577 42318 42792 41808 43789 40558
6070 24957 23844 25471 24114 24083
6071 39564 11703 11711 75 18402 31279 15556 49232 3802 11591 79 18326 43786 18001 49233 11457 12477 49231 15776 20319 4460
6072 62079
6073 17890 17046 17183 18041 17930 17954 20362 27090 47349 17889 20201 26892
6074 11 29556 29588 625 8634
6075 40568 30780 30811 30704
6076 13047 39835 40025 39939
6077 43019 41938 41319 41314 43064
6078 44391 57048 1470 57442
6079 58510 54108 58516 55025
6080 32043 31620 31956 17084 32733 16904
6081 48509 18584 17470 48507 24560
6082 43026 43073 54022 4922
6083 37354 36854 61894 61369
6084 11763 31418
6085 7532 7072 8038 7702
6086 7119 8588 7148 9677
6087 39819 39893
6088 38187 47935 57695 38150
6089 12825 39425 56624 12821 54597 56625 12822
6090 29168 39215 38847 2375
6091 5465 61054 5464 24107
6092 43942 33828 60119
6093 45658 16735 47018 16657 17887 17099 17589 34516
6094 48805 17192 58930 9137 55540 41883 40839 44489
6095 32236 32691
6096 51972 45631 46067 7082
6097 6563 24387 22446 6570 662 726 661 6571
6098 41167 30568 54499 37190 54161 54500 41168
6099 28312
6100 45287 26739 44942 20972
6101 40650 875 40651 40831 28248
6102 43833 33370 53992 48932 32179
6103 47350 37204 1564 12362
6104 391 12122 676 414
6105 43096 27285 19978 26358 18907 16753
6106 40787 54406 54128 53265 44653 44654 44643 43813 54342 42579 44649 42508 62199 43570 54346 54229
6107 25191
6108 50592 4439 30654 32960 48491 12752
6109 12803 8739 13872 37677
6110 44095 44406 44397 42533 43700 44148 43303 43157 43302
6111 39627 41626 60653 62391
6112 25948 11079 26518 21905
6113 51080 59742 38425 14504 1349 48590 12717 51082 14496 13964 48320 31109
6114 39654 42265 23055 21640
6115 40803 54943 55905 41509
6116 16575 16400 17409 17410 17673 17817 17135 16720 17034 16942 17320 14348
6117 36045 1026
6118 40888 40895 54007 54035
6119 26782 4273 44848 17840 44908
6120 58637 22850 58640 54353 1393 31003 53080 35021
6121 35789 10236 5535 38132
6122 19071 2546 32319 32006 51460 16772 31939 16841
6123 30022 28025 30003 29962 28038 2757 2301 28030
6124 38960 56952 38729 3939
6125 61251 59902 58417 60019 11849 26232
6126 6191 6189 25493 22890 8322
6127 22621 9163 32320 54141 7033 7193
6128 32696 20736 2321 35093
6129 34762 5845 38030 5844
6130 40872 11484 318 38447 40871
6131 11492 62475 11510 11628
6132 19657 21727 19459 12294
6133 56015 15452 54599 16008
6134 3694 1448 52703 19248 19249 19247 27087 19304 18916 14168 53003
6135 48509 35755 51175 62613 59091
6136 28705 30865 28704 61296
6137 44388 44389 44382 41599
6138 8896 7068 9298 49018
6139 30432 565 481 438 6393 6815
6140 29762 55197 29792 60328 60303 55543 3485 30128 60267 50924
6141 36543 31106 48440 31136
6142 25902 24281 24597
6143 55048 60424 48512 56643
6144 54907 54906
6145 58539 56624 58537 60534 42891 53224 56449 57019 14029
6146 24029 11172 25197 7471
6147 2857 9260 11630 13561 45250 51662 1569 38596 47193 4850 15263 13945 5979 52657 5047 52814
6148 38154 38559 38954 21921
6149 27639 8024
6150 49865 51644 10095 5451 51742 51938 50215 2803 8174 147 59829
6151 38730 8012 17 55333 61888 47259
6152 10072 9285 27894 8212 24620 22097 10346 8858 27910 24721 24042 24232 24722
6153 47610 19907 28360 6355 27823 54805 8747 29507 7251 43703
6154 28583 28581
6155 6312 1425 29428 52005 10986 35426
6156 30353 60460 53469 53715 60458 43243 50649
6157 11171 11401 34406 10023
6158 4950 35568 32900 5721 33299 3887
6159 58145 39724 58302 59077
6160 40605 57906 47927 60356
6161 55368 50488 5681 5915 34463
6162 57383 55769 54875 54987
6163 47321 61727 37245
6164 29293 29282 29479 29844
6165 55794 21543 41452 36694
6166 43101 25548 44078 25021
6167 46225 29931 4281 50559 3296 3858
6168 29601 39515 45659 10538
6169 23039 23599 24765 51997
6170 53706 39651 53971 11474
6171 7017 47370 21949 46390
6172 47861 35296 48335 39029 38542
6173 30750 15125 30897 51415 45187 35798 30987 30984 55043 30990 53431
6174 58517 49822 14540 49821
6175 31461 28771 17085 50182 18905
6176 25063 19180 16379 16378
6177 43773 43769 54395 43839
6178 21265 11705 2299 35129 27282 17856 9480 2300 61411 9479 2218 4350 27303 16851 16732 283
6179 22689 13241 58725 32590 22690 58115 18559 34348
6180 41601 61185 41881 55183
6181 40371 34546 38987 38887 60778 34333
6182 38889 42233 37468 14739 13015 1205 12777 42154
6183 31206 40587 36342 40586
6184 48501 53960 48463 37497
6185 62381 4565 60382 45243
6186 33178 32934 33263 33176
6187 35578 62016 40191 54535 13576 43088
6188 32076 10864 10862 32800 32007 27644 10790 10839 10860 54552 10793 35105
6189 48211 1368 47431 41842 39073 39071 36184
6190 47298 40701 42509
6191 60786 14671 24132 50390
6192 54466 54491 40180 42639 21454 26415
6193 26795 25347 26796 26201
6194 48956 9548 25602 48958 8827 7711 48966 26087 29445 50907 11512 50011 19392 57243
6195 18805 18806 60229 56704 58825 55571
6196 12531 1517 55830 49919 3101 55933 56634 59872
6197 58224 56046 4085 57405 26360
6198 21155 20766 26932 21181 16996 26986 49039 22640
6199 41139 11395 59875 9313 53098
6200 10379 10164 11077 2703
6201 53093 22981 24352 21262 9239 8725
6202 48938 25748 8051 23874
6203 52958 8514 24359 11181 23604 45322 11244 2003 33139 25149 9451 6172 729 7988 23603 23602
6204 47692 13268 14688 14160
6205 38440 33247
6206 59571 59330 57313 59512 58870
6207 58782 58783 58781 35063
6208 17286 32667 17022 17291
6209 20084 18189 21120 7922
6210 20363 27157 533 28951
6211 2075 28930 28793 32034 1812
6212 24684 49211 4032 31405 48983 4088 4035
6213 6356 7027 6657 6357 7245
6214 33305 20234 4168 48279 32827 46984 17149 28687 48150 48035 33378 3900 5367 20358 16657 39257 5146
6215 15712 12231 15404 9231
6216 24219 22544 25488 5223
6217 32819 32024 32572 32560 25404 49056
6218 12196 61318 61467 33895
6219 3596 36677 37978 3958
6220 2821 13784 36748
6221 50920 25522 26154 27184
6222 28262 28292
6223 20990 61730 61790 49981
6224 6218 22260 36327 322
6225 49287 49947 29447 49455 1652 56571 11948 11608 29498 49851 4386
6226 5520 11649 18
6227 20038 1779 31435 20864 23318 51465 31434 4691 46187
6228 15550 15545 15901 6552 6716 15878 6465 6561
6229 49446 21903 21289 22017 19653 20265 21865 22034 18737 49281 21769
6230 4549
6231 29204 25339 485
6232 54597 28941 25926
6233 5736 5242 36512 8585
6234 44661 38082
6235 7925 32245 9554 9559 7482 24602 48843 8848 48763 48808 7850 9557
6236 859 2935 8052 60302 1969 6529 2277 51430 47650 13509
6237 3970 29211 48548 41042
6238 41851 41853 47663 42595
6239 21962 26578 32942 27052
6240 30984
6241 62467 49096 17312 11580 25540 7579 9801
6242 36028 4584 36161 38418 51051 37089
6243 18546 30767 2850 30590
6244 24354 61425 25485
6245 20040 8482 18911 18598 10182 18895 26545
6246 16377 25180 21465 15078
6247 52865 60161 54408 3533 34171
6248 10221 9213 9573 8315 9051 10197 10124 10198
6249 7526 9571 24669
6250 48092 57231 48091 57222
6251 38640 38539 48749 49930 54110 7249 38467 29938
6252 47570 47690 2599 3060
6253 832 9119 19556 31835 33105 14163
6254 50890 13223 45582 14963 33716 54996 55293
6255 56813 61229
6256 55816 55244 55754 55149
6257 61980 61978 9764 51903 61981
6258 44288 4493 40115
6259 60094 22418 37458
6260 28505
6261 44562 41696 44560 39399
6262 44361 58535 61927 7746
6263 6823 28215 28475 6822
6264 6185 8806 33562 26972 30457 11858 6184
6265 57603 58038 37979 62002
6266 39463 57433 50941 11073 11118 55942 39902 59648 17816 56654 39403 4772 56624 12487 41653 16699 41331 57880 21131 39082 57627 9376 7852 19158
6267 29870 29851
6268 15784 11514 470 19212
6269 44788 40295 10512 40293 33143 44593 40302
6270 50005 40243 22073
6271 57838 49473 61147 57013
6272 21142 18090 17933 17932
6273 5923 46745 12265 45262
6274 49223 47362 57423 58365
6275 35808 38784 53054 53437
6276 51609 46909 51539 10285 11726
6277 54601 53316 34189 42056
6278 24141 21873 21871
6279 947 911 28101 28045
6280 35797 14990 46860 13026 14109
6281 11150 28615 24285 24454 28745
6282 49865 49953 35793 49954 47431
6283 21134 21854 56544 5632
6284 34248 62010 61329
6285 48512 45927 25420 5035
6286 58724 58693 58451 58686 57975 58726 58675 42969
6287 17284 16704 16494 27667 16021 27662 33535 20030
6288 54610 54542 44374 51763
6289 61884 31061 61690 62019
6290 53073 36654 5109 36406
6291 43785 43331 8695 8023
6292 27789 31502 56983 18406 56984 17649
6293 28078 46424 47204 29036
6294 39 29621 34789 45
6295 19255 41516 17471 19378 16543 16711 17519 26436
6296 5879 51611 18576
6297 34956 34997
6298 55376 60507 56465 57335
6299 40681 36900 57441 14089 15043 12986
6300 20186 17375 17062 17536 17664
6301 21438 3541 36668 674
6302 60386 60446 61959 33673 59538
6303 27064 18955 36733
6304 58096 60294 60357 58989
6305 7756 18501 7758 22567 33428 25315
6306 42116 43885 41661 42120
6307 47649 31896 24013 2044
6308 8485 32804 5317 55740 12094 8829 4591
6309 19560 32310 25243 20693 31451 18044 25242 1806
6310 34496 34647 18721 18753
6311 51746 54119 35013 31402 12062 28669 4316 28345 1714 35100 1808 51892 1802 27903 24246 24080 53933 10962 51674 2009 4291 53035 28410 15189 24787
6312 21049 56635 48370 1193 54600 55028
6313 48509 9626 11414 9625
6314 50036 50836 50047 50021
6315 45863 49568 49569 45864
6316 31128 6593 31126 31124 14302 31140
6317 56666 57979 50442 4507
6318 23199 23204 22608 22948 10887 22610 22951 24621 22441
6319 18298 38965 44626 44071
6320 58553 55519 14068 47723 56172
6321 35796 36684 31014 38386
6322 37700 28311 46313 35385
6323 4884 9505 45858 56644 56716 23054 15042 54393 14491 23358 23401 53415 10079
6324 16897 16845 16836 17773
6325 13238 60514 55994 51143 50918 58283
6326 55753 39870 55915 55517
6327 909 21509 12850 26368 44297 21468
6328 274 42544 32858 41915 46576 9420 45824 40053
6329 2810 18816 3044 10447
6330 29463 58229 19017 7271 29750 26763 8362
6331 49805 55734 61667 59428
6332 31976 32977 22802 9963 9150 24092 8753
6333 3492 34872 57645 35184
6334 29745 7325 6904
6335 7799 45608 9069 36287
6336 22713 27341 28661 30569
6337 34450 38251 39249 34449
6338 21761 15777 54973
6339 48470 48471 48475 48474 48473 32003 62599
6340 10310 10312 26894
6341 5311 49334 11979 5213 51310 30545 23324 10952 51253 50925 11959 11924 47432 18352 11130
6342 60188 57520 58430 34754
6343 23908 23372 11086 23519
6344 56677 56764 58858 14667 56683
6345 53274 43119 48359 53469
6346 21567 33217 17666 24420
6347 1174 40036 1303 43918 40031 44089
6348 40841 41171
6349 21550 17555 27122 2921
6350 34519 34182 55560 59670
6351 59581 23259 56109 61850
6352 33090 21098 11151 16491 22336 11046 11069 11163
6353 53236 59674 58632 33525 54325 54590 34556
6354 20205 20206 21377 27037 27263
6355 47735 4093 61977 20794
6356 44759 54320 40329 53598 40328 40092 54223 39840
6357 30333 43612 36957 2024 4337
6358 47885 60139 57738 50329 57736 60171 60156
6359 42932 43666 43816 43671 42286 41481 43814
6360 58690 48481 36831 48608
6361 12886 39461 12804 31516
6362 11862 10874 48620 4898
6363 58122 43538 8772 38325 23115 62506 50706 48854 7775 45175 3868 8775 50683 7830 47775 8377 8916 8771 45197 60553 12215 58018 47773 50684 11994 9896 8675 48985 50614 12322 12166 8776 3747 45173 11880 45174 43539 1591
6364 5214 18433 44138 52600 8114 5463
6365 25707 7763 8865
6366 35602 58948 61208 12161
6367 18577 18526 20829 20467 46254
6368 4277 49907 4289
6369 24299 21106 35208 12848
6370 4258 59883 4304 4302 59884 30200
6371 52939 8614 9430 8272 7370 44919 48792
6372 10695 10599 28260 462
6373 11885 5519 47176 5507 5391 4917 29876 12440 29877 29300 44955
6374 60581 41628
6375 22777 22502 34388 24861 23113 48133 22601
6376 35806 38400
6377 61189 16436 2149 38453
6378 37775 43906 43905 43943
6379 48620 31131 62675 48543
6380 38925 34089 38924 45208
6381 41961 13154 48223 39741 44411 58232
6382 38307 35751 45125 39156
6383 49039 9297 61335 61295
6384 20734 5787 14062 27018 21989 11383
6385 36288 4629 23804 17364 4846 4822 27655 15191 8741 17157
6386 20227 26743 20239 30462
6387 43685 12905 62451 12806 48484
6388 12098 26633 26627 26628 12252
6389 15846 15472 15592
6390 43853 41839 49746 47322
6391 53292 4913 12462 53463 28767 49207 20620
6392 27495 30820 62202 11852
6393 46740 15475 15393 765 45751
6394 34597 31094 61257 22189
6395 56933 891 54826 54974
6396 20586 17586 20408 18906 20492 27236 31694 20070
6397 12980 37831 59226
6398 3304 57043 56437 36862
6399 20692 17455 61827
6400 35075 39260 62490
6401 43429 53724 9218 41483 53720 53915 53718 53725 53719 53717 53722
6402 53471 1213 39616
6403 40416 14043 54017 13785
6404 25757 19552 55587 35594 5533 37124
6405 49048 49041 8908 45650
6406 21606 62545 26102 23005 21629 52884
6407 43483 42568 1415 40579
6408 30819 16344 30903
6409 19747 28298 16663 21694
6410 2384 34847 46707
6411 22101 11889 22608 62645 24083 48252
6412 55175 55355 55687 40772 15169 4851 4767 41453 4715
6413 10139 48857 10071 9911
6414 36589 3386 50124 56428
6415 62465 30745
6416 34677
6417 20237 31231 19596 20238 22743 31335 9257 22451 126
6418 62663 44326 48508
6419 21318 23123 42835 56570 43118
6420 15040 34042 45106 45104
6421 30881 30756 30984 30710
6422 9563 8894 6926 7034
6423 34152 39353 46285 48598
6424 14582 54165 47740 43144 33434 43315 43312 4605
6425 50097 35895 36965 42543
6426 46569 14665 42940 14702
6427 20674 16939 17209 52778
6428 15066 4468 54643 15065
6429 58479 20841 21094 20850 49659
6430 11016 44832 38289 3451 45033 52156 29907 12541 54636 11468 48667
6431 9850 6786 46900 54231
6432 42874 48743 14921 14931
6433 47950 3415 13220 58746
6434 30146 2925 28185 28209
6435 41822 3283 14599 35291 35339 13289
6436 8450 48861 28665 49155
6437 2029 2020 17718 2030
6438 54387 41107 54391 39478 54388
6439 30783 18065 47356 18440
6440 38651 36074 36075 47448
6441 27633 31670 7276 31555 32278 33490 32135 31452 48873 47091 9080 7277
6442 54748 57808 56609 50240 50398
6443 33690 59540 59646 58992
6444 59594 59596 59599 59600 59817
6445 30455 47880 47116 41414 40628
6446 12686 26147 34795 26146
6447 61414 53470 3123 39578 48509 14324
6448 16030 634
6449 36825 36824 1518
6450 10167 22506 23143 24881
6451 31481 36284 19878 38245 31493 17110 22351 33187
6452 53042 38198 40351 39310
6453 18285 40960 28776 40686 42111 39855 41344 39866 41343 41346 44087
6454 30370 42588 30366 34383 58410
6455 42109 10260 24879 24876
6456 44033 2378 17891 17972 16814 44007 27873 44009 16757 29960 18109 17874 30010 14891 44008 60730 17003 14892
6457 58085 58139 40190 60913
6458 36210 1065 1067
6459 39504 39362 39283 38798 13728
6460 8717 7918 5800 8097 9211 49020 8762 7125 7703 7182 9296 48722
6461 25525 12277 4992
6462 60491 55286 18708 60197
6463 62236 48033 13010 34419 56774
6464 36020 54038 12183 1052 47495 38200 54579
6465 49992 38044 49845 61631
6466 48994 25497 46465 61394
6467 44272 50823 14114 13690 34949 13823
6468 21017 19734 14105 23220 55598 19735 25562
6469 33106 30785 57149 7444 59922 30939
6470 42056 48851 9412 42695
6471 31259 30339 30261
6472 47258 28054 28086 35444
6473 61242 61426 62355 14043 59678 3356 38613
6474 59188 58767 59185 50370 57269
6475 47318 57782 37759 34741
6476 6924 22819 34219 10823
6477 50779 57445 57444 35452
6478 36119 5 31770 11978 3845
6479 11168 11170
6480 55022 42336 54427 58980 42335 13689 48001 43748 13696
6481 8901 5254 59533 11445
6482 19540 21138 60894 21139
6483 21992 30597 21278 56391 40238 40184 21880 23756
6484 36754 8748 11240 28772
6485 8655 8654 8527 8530
6486 40783 50065 48354 41666 43259 34918 34544 41186 49715
6487 23337 7807 48753 9997
6488 60683 62501 10345 6886
6489 22827 30892 30856 23009 30819 30789 51635
6490 39205 584 57483 59721 13012 38454 59262
6491 9024 8962 9025 8797
6492 61562 62104 62212 62207 61081 61151 62163
6493 24444 53702 43415 53707 43409 43407
6494 34573 42478 61343 29758
6495 31710 59165 59166 39174 54625 36830 44376
6496 52490 30959 61818 62180 61483
6497 37290 37848 33184 49263
6498 9639 6927 30728 10251
6499 56220 56021 47341 56235 47866 56237 47868 56209
6500 14433 53318 54414 42935 52926 42141 40061 43245 44018 47313
6501 21307 21348 20488 21322 19794 19867 18648 26987
6502 39991 51670 6777 14854 45622 49409 14713 51417 61061 35480 51441 51210
6503 22736 50902 55300 46257 9803
6504 34505 6338 37236 45458 45576
6505 48539 48541 1496 4405
6506 48666 60480 5208 52323
6507 13641 38183 14516 13692
6508 57014 56181 56163 57015
6509 43180 42242 35516 58394
6510 16909 16204 16509 16205
6511 61387 56898 29201 34834 12244 26025 21930
6512 43216 41552 44682 42250 43299
6513 58433 20491 32190 20326
6514 26936 21613 26614 21637
6515 6549 23906 24909 12572 6171 25000 52110
6516 12504 6027 24576 17986 47441
6517 36914 39548
6518 932 47003 33468 5386
6519 39593 56783 31978 32193 32895 13699 28422 32200 46571 49492 56784 39591
6520 12200 61032 23034
6521 28636 28651 6199 28646 28720 33969 28472 28634 33850 46316 28693 33504
6522 32656 32529 58299 51372
6523 50474 50928 50781 34987 47913 12942 62080
6524 52646 8121 8247 46412 52167 51772 5451 45399 45689
6525 46843 46859 46840 46856
6526 39585 40266 40892 14616
6527 28464 28419 28374 19178 19937 28626 29742
6528 12343 12342 46787 38815
6529 31182 31173 31312 27102
6530 39850 44458 40703 42521
6531 40716 39946 19117 56271
6532 53999 42961 40710
6533 5882 5881 17574 1514
6534 8931 14956 23420 13761 10371
6535 22601 8474 9014 8244 8965
6536 33918 41313 41315
6537 49449 24251 12438 24250 46545 13266 18550 47830 21276 47415 24249 30661 18381
6538 27765 38540 38349 47009
6539 26440 44726 20494 26702 41729 30792 40671 21211
6540 13309 62108 14555 52908
6541 4463 46749 51170 556 1021
6542 47499 60599 56915 4031 55142
6543 43140 18336 43139 42689 40823 62367 24599
6544 3612 3641 3669 61309
6545 28303 39393 40233 45664 22359 6380 23336 40687
6546 46581 12147 24291 34617 24470
6547 50328 30874 60498
6548 60054 37185 26643 33859
6549 20217 21589 15223 6750
6550 13529 37483 37484 13966
6551 11962 7281 13221 22773 48895 28889 6535 36834 16066
6552 34188 34184 38580
6553 36277 37789 38347 36975 38819 36905 38818 37339
6554 1752 31142 16223 16263
6555 33289 651 572 642 15734 29133
6556 33901 34265 60422 34298 57685 34520 46419 46939
6557 31945 28505 28921
6558 19332 32700 15531 15554
6559 45515 45737 45374 40708
6560 16981 20223 20566 23269 31906
6561 24670 22098 10245 7069
6562 9193 8788 10270 48866
6563 2408 49353 36453
6564 60672 28914 10954 31334
6565 1239 41825 56358 1242
6566 40045 53088 40548 40790 43260
6567 41420 40244 39707 30522
6568 59161 44306 46513 14919
6569 26299 49113 10555 49109
6570 13334 27728 54069 40620
6571 3875 3878
6572 19442 19641 31614 7731
6573 48622 48767 8089 36584
6574 24919 5255 18205 48595
6575 35513 31450 27844 35821
6576 51206 51455 36207 51249
6577 22918 7291 46069 49057
6578 57502 62676 1118 39017 15053 59763 49510
6579 40553 56311 61978 13300
6580 23887 7327 22507 28759
6581 45521 35933
6582 35885 39555 41156 60227 42203 36388 13317 35538 42204 37447
6583 28923 61366 33330
6584 33274 33273 32000 17379 19486
6585 42671 4826 40752 5178 42145 7412 4735 40997
6586 137 3841
6587 8396 33013 33012 19218 23521 25942 32051
6588 26156 55004 55790 55948 26928 24296
6589 34040 48439 38846 38903 45929
6590 34895 41146 41155 34636
6591 29306 51197 5710 25685 29281 44802 16307 4906 29515 4603 34833 29486 29325 2170 24506 5219 45784
6592 26832 20497 20498 20623 49637 19552
6593 8791 9663 57844 9038 5637 5748 7393 5785 23866 57727 7944 28485 23326 28594
6594 24205 21354 18512 21490 4533 7437 4529 44966 24781 44883 4353 4530 7358
6595 2244 2326 2936 2797
6596 50226 38265 10769 58828 10587 10768 53402 58561
6597 43200 41524 44369
6598 39135 38975 38329 36640
6599 10351 9671 8705 54673
6600 35193 4216 34224 35192
6601 45584 44134 40511 12709 26616 23006 23599 36852
6602 14233 52431 27828 57762 26668 13956 24784 27845 52430 52432 59806 49427
6603 38198 3612 1030 3615
6604 25416 24948 25380 25099
6605 84 10462 46252 46249
6606 30534 30226 4698 29244 6784 56470 24959 3898 53295 55727 25236
6607 58121 54841 55019 57347
6608 15960 11386 46581 15629
6609 9040 16391 13582 30585 16266 9236 866 18171 17657 2136 26734 9955 8474 17656 9147
6610 31043 4278 5196 56879
6611 54638 35635 3270 53589
6612 27719 33133 37469 32913 32543 39345 36245
6613 18668 3645 3716 3705
6614 58862 34938 58860 60438
6615 24482 45945 51743 54272 1146 54232 46206 51505
6616 39009 43251 57976 39031
6617 33102 11193 16423 11405 11253 20895 18009 31577 32082 17704 32607 16527
6618 1339 30058 29391 3115
6619 45654 60212 60211 57165
6620 13926 53499 13157 54205 43712
6621 41441 53765 41442 41449
6622 3298 10354 23151 9614 38024 8602
6623 45510 35394 3734 61021
6624 22879 19952 28120 5794 4765 7814 41982 22880
6625 18484 18958 18426 5790
6626 43150 44768 17760 4108 32402 43844 33082 25264
6627 32620 1769 22426 48504
6628 36971 55581 62154 36829
6629 20399 21805 17498 17647
6630 33833 60875 35084 62413
6631 9399 7325 54190 49209
6632 35199 58065 33443 35197
6633 25283 9302 25646 19265
6634 34477 36834 31023 1402
6635 25992 24237 5520 22240 23029
6636 6921 33491 52921 54347
6637 46102 46207 37851 50593 30454 38607 56009 48626 60508 50282 45044
6638 2540 2947 29432 29546
6639 60089 55763 55056 34146
6640 46077 61963 1388 1319
6641 52173 53341 51273 43621 51207 43647 43587 43642
6642 51771 47388 21876
6643 42951 49501 49649 27079 27078
6644 61620 25200 62004 61768 31551 61648
6645 14387 60912 3917 52711 14230
6646 18782 21083 21084 21088
6647 52024 32643 31666 52466
6648 56825 55022 57030 44795 52988 43178
6649 13279 13816 13825 53090
6650 44178 39811 42530
6651 5562 19894 27072 56291
6652 33130 28258 32933 46952
6653 61528 12621 12659 12728
6654 51740 44471 11533 5868 11738 52175 11697 52220 11688 5260 44301 52962 5869 52549
6655 18129 16330 16291 16279
6656 42019 38725 56255 56247
6657 14678 14687 55346 51680 25607 11938 29280 25611
6658 41925 12639 50027 14650
6659 62582 46169 46211 37141
6660 24024 7828 45216 22328
6661 19164 16561 31636 24345
6662 12858 12826 12868
6663 35749 50766 1575
6664 27557 10941 16185 16190
6665 42539 50158 41785 42870 41784
6666 61653 61527 22540
6667 8292 16036 7639
6668 19044 18947 18973
6669 1394 1595 47909
6670 61325 61580 61121 61569
6671 2446 38281 2942 46493
6672 22899 23403 23322 22898 23315 22900
6673 37599 56629 37240 37214 36888 56628
6674 11677 16310 15922
6675 8757 8240 8221 7854 23083
6676 24662 24070 11778 7454
6677 40344 41830 48620
6678 9279 11548 9861 46578
6679 41049 38973 43658 43757
6680 13615 10590 13717 14486
6681 55107 50087 50754 50327 55310 18104
6682 49961 57258 49828 60370
6683 18339 39525 19930 20152
6684 40168 41819 29952 14925
6685 10293 9598 10292 24642 24774 7376 25916
6686 2201 37486 5573 35784
6687 35563 37134
6688 44552 53954 1544 53128
6689 37627 37619 39221 36937
6690 56792 59723 14853 48409 13478
6691 18547 18558 26991 40203
6692 12699 42909 56618 13211 51849 12064 13839 43990 52484 25683 14284 41026 51558 45213 34939 39983 45138 41213 24238
6693 10998 22245 25555 25395 9466
6694 1606 48622
6695 48781 28725 60799 8420
6696 30856 30750 30886
6697 16981 37752 16985
6698 27741 24690 23097 27202
6699 61780 62127 46960
6700 38719 37291 45936 29140 41440 44731 38922 58716
6701 41871 33021 54248 41435
6702 20335 17278 15318 20336
6703 15479 19578 26705 27084 19697 58638 40927 2045 51858 15192
6704 56252 56251 56731 56730 56254 42016 40417
6705 15600 31783 15528 28284 28280
6706 30792 24515
6707 43455 44278 43652 42529
6708 6834 6487 6313 6496
6709 37014 51320 47638 47585 47545 27774 32350 51329 58779 52139 46516 52135 5482 1801 5156
6710 12499 35041 38655 47699
6711 39558 39322 40521 39355 41622
6712 36556 35737 4653 36178
6713 37632 50439 57994 58275 59424 30638 26310
6714 36789 4458 52922 62370
6715 3589 12424 3588 3586
6716 61253 61097 61908
6717 8072 19041 35107 51767 53493
6718 5340 4503 5523 4775
6719 5980 14462 51137 52304 20305 52158 51134 18619 26442 20085 18878 52050 13868 7880 3714 3698 51706 26441 15188 3699
6720 17837 24926 9166 29031 8339
6721 21628 57896 27041 56082 28630
6722 25965 24151 11904 12123 24115
6723 32611 16755 17246 17788 16885 32699
6724 46585 47637 6603 2988
6725 44003 44004 2639
6726 331 28876 31591 39762
6727 44753 44754 48094 48138 3755
6728 40770 359 3203 43098
6729 3855 15838 3800 51593 52078
6730 1896 40161 35661 1938
6731 30924
6732 29416 45438 38392 29581
6733 8600 23193 22501 24373
6734 7267 8459 51784 9516 51375 9752
6735 47435 47337 55714 47347 12524 40736 36073 47424 49433 47440
6736 53779 52375 52044 61999
6737 22215 8188 6861 22226
6738 58814 11799 59436 49221
6739 6825 32037 6824 16281
6740 37777 23180 23235 22510
6741 19437 32696 10634 33067 33579 31791 32276 6511 33337 20172 33200 33068
6742 12340 3910 45119 59300
6743 32168 33190 33448 29469 11732 10268 15398 5805 8567 10217 29488
6744 8223 43329 60007 33730 37197 43334 43340 59298
6745 7232 25325 60905 3267
6746 38945 46312 36533 60950
6747 24051 24442 22319 31351 41700 44918
6748 38152 38604 36216 38788
6749 40183 12130 44103 59431
6750 54392 40502 43353 50000 43336
6751 36882 37880 34226 38955
6752 60850 21660 59942 26805 46921 26808 27494
6753 15672 587 30343 34393
6754 24730 25439 23935 25437 23885 25882
6755 49824 51110 15986 166 51070 29531 15372
6756 41369 40011 40048 20168 40025 57920 39895 44384 19424 34184
6757 8306 48916 33260 32998
6758 42539 46404 44724 40436 39552 40459
6759 57614 58988 62141 51105 54882 58498 59853
6760 49988 10932 30057
6761 50808 4217 37479 5504
6762 54811 3587 28116 41277 10990 1164 59412 52613 46817 52492 40200 16433 57085 10265 54810 19479
6763 41446 24411 24412 21549 26701 13247 26096 22984 21552 24163 13249 21547 17435 23864 26483 24276 24647 26480 13952 41081 41473 53556 42459 51498 23990 26484 44903 24015 25502 14203 21665 21732 22282 44341 22374 44916 39511 27309 17358 23762 17069
6764 60524 43648 56659 60533 60530 15013 42921 54413 60522 43979 37950 59555 12838 15047 56634 42345
6765 10401 12791 10123 38726
6766 29526 10336 8907 16153
6767 43597 42824 40382 42933 17868 17550 16580
6768 23440 854 7095 11081
6769 36156 10859
6770 28847 39811 56410 50307 60200 41898 50334 59326
6771 43521 8620 18643 39705 41613
6772 47427 60853 1444 47485
6773 24626 44931 18555 28111 49534 26730 52179
6774 29875 36114 28013
6775 47466 35515
6776 45179 56415 38501 29860 21359 56190 34631 12126 45235
6777 17948 16756 17468 50936 16568 17918 20839 17919
6778 4868 60691 23989 25642 10876 25572
6779 61634 58925 32250 28317 31525 30334
6780 51910 35746 51203 51194 58136 2644 2746
6781 18087 26956 18012 18125
6782 23626 27392 55196 19447
6783 57837 36437 894 61451
6784 62565 37686 34630 33751 37683 16295 36887
6785 1390 11350 11346 11392 16118
6786 16203 19388 27246 26338
6787 7431 19753 23006 11623
6788 54006 16278 54083
6789 20553 5012 20741 4714
6790 16681 22697 14058 27177 22160 16434
6791 57965 60423 14389 26238 59911 12611 56319 13155 55532 48246
6792 2363 28055 2920 2288
6793 29021 47592 29022
6794 11611 31221 35377 11732 466 286 284 45950 11707 482
6795 28275 29035 4319 28343
6796 2891 12034 49521 6001
6797 33403 21853 21442 20043 23308
6798 49794 9560 47372 55737
6799 27176 27184 1667 26036 27034
6800 40794 62079 38936
6801 40270 45427 33016 33879
6802 36561 38849 2427 3826
6803 50081 22466 45808 20452 19717 19739
6804 43537 34852 7920 40192 25799 12774 13357 45757
6805 5266 15584 30792
6806 33694 62185
6807 47398 960 999 959
6808 17964 8034 23755 38196 18102 23951 36452 13521
6809 25401 58698 30641 30639
6810 27649 27689 32600 21331 21332 44735
6811 24254 9973 9971 9972
6812 52245 43845 48538 36931
6813 7504 9268 49004 9539
6814 26924 31967 26221 28514
6815 30984 21836
6816 19032 19069 19083 19219
6817 29171 15747 15365 40750
6818 40773 42465 58009 57214 13332 42269
6819 22610 22625 23913 22861 23004 22608 24118
6820 8941 48867 6568 8961 7064 7664
6821 28738 28643 28753 28717
6822 50300 14370 50713 55556
6823 52689 60784 13182 57254 14091
6824 53539 40255 41558 36765 40570 39264 42255 43366 13114
6825 49765 48066 60001 3458
6826 3350 4065 58253 56599 4018
6827 36885 51030 61927
6828 50537 40370 14051 40026 40608 28051 28591 14034
6829 29738 35006 22090 29613
6830 49291 20293
6831 17917 16341 12072 45048 19471 26165
6832 56817 4154 56278 56275 56270 61072
6833 15178 61958 15966 4661
6834 7842 51485 30305 4655
6835 12815 42172 44539 42170 41780 47945 47946 48018 40485 14541 44181 43893 42665
6836 40087 39816 39815 54054
6837 58048 59344 49792 2305 49835 56055 49841
6838 28752 28403 28575 28453
6839 39309 40316 47297 47731 54601 47257 57431 44563 40221
6840 9037
6841 36788 36614 37133 38053
6842 1235 61698
6843 11565 11560 45454
6844 4250 47336 47472 51738 55219 28470 47266 47289
6845 13291 13268 36580 13553
6846 39761 56302 39919 52751 39604 39918 56305 56304
6847 48189 37838 48181 48328
6848 61291 1481 62167 34984 16953
6849 26787 11757
6850 838 37110
6851 5198 22971 45938 45585 31413
6852 8650 8908 11276 22427
6853 31817 10631 18220 20222 10642 62286 23766
6854 50659 3973 36698 58311
6855 47687 23437 27825 4399 19329
6856 14223 23383 16783 24653
6857 61411 1575 36244 1487
6858 9115 5547 9497 5277
6859 37511 55639 56234 60518 13721
6860 18630 18238 18516 28744
6861 52785 43236 43235
6862 28270 6457 80
6863 31331 18114 17898 45573
6864 49072 39636 44721 55939 48796 5282 49046 49900 11162 56017 18711 53324 50864 50190 30187 41233 6133 2872 4542 50590 11321 59753 58092 29754 54519 43506 29388 13220
6865 43681 41927 40209 40805 41931 40688 40483 40741 39590 40959 44229 43302
6866 38397 15375 2366 49973
6867 13614 58185 53739 58213 13441 40561 40560 42520 37736
6868 36304 1287 34115 62590 34614 3968
6869 11635 26802 14867 27171
6870 6814 15488 6720 103
6871 23940 22435 24933 51323
6872 4270 10328 11342 27767
6873 45191 21378 48772 45107
6874 2708 47299 18504 27878 10935 18174 19900
6875 57870 49362 57307 57874
6876 5336 26961 23710 12139 22226
6877 51187 31394 51178 49976
6878 39346 52880 53866 39343 44162 39330
6879 45066 45132 45226 45103
6880 47809 62291 62292 50261
6881 61006 45933 61004 34823
6882 8877 25951 24574 23088 24888 24699
6883 41002 40938 40939 41004
6884 33385 33113 61514 32857
6885 41187 13400 42171 42661 42667 16764 17253 25351 16536 11409 41764 14273 42666
6886 38939 35529 41501 58652 42213
6887 8252 21234 23221 21104 5682 10233
6888 55052 61707 55405 62111
6889 59748 10497 57894 57824
6890 604 49547 28232 24293
6891 10474 10498 10548 36370 61437
6892 49099 24928 13790 49067
6893 31191 28332 45640
6894 29342 29344 29340 29343
6895 47629 47611
6896 25392 23882 52812 9712 15400 49063 30556 36832
6897 27895 3317 6197 3300
6898 5952 7474 45875 46489 22896
6899 41454 53497 13445 43874
6900 54777 49614 39794 42435 47931 39271 50796 13729 13326 39749 40400
6901 59093 59099 43308 59103 47565 55796 52923
6902 45809 17977 18935 19005 31535 32256 15257
6903 7905 7381 1326 9434 9433
6904 2633 7981 7215 9619
6905 49229 31957 7773 33251 7221 7220 56434 22457
6906 46029 62625 28219 887
6907 49843 49795 51385 52675 55628 49986 49798
6908 23795 30777 2132
6909 28261 16450
6910 38223 45983 43698 55476
6911 12779 33503 1046 23328
6912 30319 30252 30271 28826 31277 30282 30280 28867 28868 31261 28805 30298 30348 28863 30254
6913 33939 40820 61565 55667 40668
6914 56280 39811
6915 59198 41890 59197 39217
6916 29146 28865 29184 29098
6917 14781 51284 14050 42108
6918 29903 28073 28085 963
6919 50167 30782 56368 47132
6920 15253 20183 41775 18098
6921 21321 45698 34515 34395
6922 31574
6923 25124 25534 25118 25119
6924 46670 46671 46893 34512 45869
6925 30321 44560 50987
6926 48088 58397 58364 49830
6927 53157 58633 44417 50346 53133 46421 60131 37266
6928 22560 11961 9057
6929 62067 14145 30340 62066
6930 10962 37003 11840
6931 3366 37565 36148 3365 3367 36941
6932 50746 41940 42653 41939
6933 53575 44927 1778 43420 43897 49055 22852 9720 9419 56362 10361 43894 57037 56364 57066 56028
6934 58167 53021 22913 6390 58165 15995 6363 46957 6731 659 2419 6543 58166 58882
6935 23525 60777 23703 23629
6936 41542 40438 40869 35470 36715
6937 46387 29222 34044 45601
6938 30732 45552 53070 22897
6939 10893 31367 6381 51199
6940 54601 11847 57287 42816 13223 11850
6941 60093 55060 55130 37144 39688
6942 27162 27161 26959 58194 30984
6943 34809 34810
6944 40483 59330 54599 60864 59565
6945 33101 33080 28627 852 32373 8857 738
6946 17818 16007 19458 17653
6947 47758 46239 47566 52116
6948 36817 45502 15544 12382
6949 39037 44724
6950 48386 8173 33438
6951 61280 48584 61442 15831
6952 38041 38333 36489
6953 9729 25051 7950 30709
6954 57980 38120 38320 55377
6955 43022 41955 53470 54578
6956 2387
6957 42821 42589 34076 42590
6958 27393 7284 11579 5643
6959 37169 21487 21439 26213
6960 25474 15478 22949 6972 7891
6961 42420 2858 3104 51346 51309 41479 51949 43283
6962 20638 18064 20443 32634 19457
6963 8593 9306 8774 25645
6964 31436
6965 6750 29152 630 28916
6966 59494 43643 59473 56400
6967 346 10687 37807 10520
6968 47431 2657 21185
6969 8960 7655 47763 7270 7975 24467 9253
6970 2842 2929 37906 29850 30189 30066 809 2831 47881
6971 10349 53142 6867 8337 24083
6972 26432 49003 61661 32484
6973 35319 31338 36381
6974 12240 1294 30121 2434
6975 54795 54797 54794
6976 31993 32972 11607 32450 51749 11897 6638
6977 3653 19621 973 44801
6978 7355 23686 5825 22858 9427
6979 18314 25030 17538 18275 18552 18315 18316
6980 28122 50294 62617 41286
6981 933 22994 28558 28404 28692 52
6982 10892 9698 9635 33174
6983 10467 8109 10698 10699 10465
6984 45281 5085 47719 62587
6985 11975 1404 18248 51721
6986 15813 28947 28274 32441
6987 33458 31799 33056 33457 33055
6988 37267 1199 24331 15472 46235 46280 348 38487
6989 38781 13284 9167 36607
6990 57924 24691 13221
6991 18768 21337 21855 21336
6992 36933 55185 2398
6993 20042 46110 19519 56258 62040 31864
6994 8891 25476 7586 7533 24514 7261 7668 9558 9559
6995 47872 15270 44635 47895 51927 60352 5452 52013 43836 47896 38829 51808
6996 15697 32608 22427 15693
6997 36559 43282 41919 48512
6998 27447 28734 27056 6083 395 821 11483 21624
6999 59018 12247 12246
7000 48241 32035 42996 15717 50026
7001 47397 45190 36579 33989
7002 55726 27819 27759 22612 27763
7003 35009 38812 7777 15674
7004 50534 56800 35782 3233
7005 62008 61410 62184 61525 61662
7006 48414
7007 9192 7658 1442 10297
7008 36891 36892
7009 55656 37403 50994 36434
7010 14490 13864 14489 13394 13725
7011 35216 35229 35303 46976
7012 13145 45540 45707 45730
7013 39032 23868 45123 45347
7014 27424 26447 34794
7015 31326 28937 764 38475
7016 28142
7017 1070 42711 42260 42259 42709
7018 37148 42681 47595 11 35623 9 47520
7019 28817 59904 59709 45497 15952
7020 18482 9263 8934 24543 7864 19250 39077 14965 35799 10349
7021 36538 12523 13566 36193
7022 40853 62634 37377 10783
7023 21020 19460 16673 19825 20001 20091 19826 16518
7024 27827 23435 62076 61180 23031 59225 27875 18230 34562 10637 22541 58520 94 20180 49870 23046 25754 61812
7025 23356 23357 41738 43175
7026 59280 55678 2399 48512 29330 56330 57193 29688 5873 42504 44322 29757
7027 28164 46087 45819 48415
7028 48692 48693 60925
7029 41263 1677 53572 53578
7030 53873 13301 53313 39923 41163 53865 53884
7031 59167 45073 13866 12862
7032 54497 44426 33737 54556
7033 432 577 615 6481 8927
7034 47626 2069 2071 7087 1916 8909
7035 33598 17269 60387 55999 61852 59212 57922
7036 30288 59211 29165 39458
7037 42968 18280 16551 43499 16370 21207
7038 57848 57850 57846
7039 20956 10737 18370
7040 45327 7858 8475 6920 9705 2498 7430 7769 7061 7234 10248 7765 9987 36617 53753 8006
7041 44323 43877 41899 44347
7042 11866
7043 15893 33248 1810 16284
7044 53778 51623 51964 45294 53937 51511 51414 53750 52130
7045 26275 26776 4019 62267
7046 43108 42116 40385 4732
7047 40538 40210 39638 44430
7048 8895 24289 9123 4321
7049 10348 8215 22609 9730
7050 13606 55116 55164 13607 58464 43352
7051 28327 50185 46608 24606 30390 19894 23023 25448 9565 32499 32742 47164
7052 10585 61164 10586 36895
7053 29449 29334 29854 29387
7054 1242 51141 57353 51123 51125 58445 1227 39508
7055 56337 1190 14796 35251
7056 29969 20832 26973 20834 19879 20813 26587 26632
7057 33185 43392
7058 8954 9932 15209 8085
7059 14498 53579 40405 13967
7060 62134
7061 34335 46279 33198 46748 37762 46429 9989
7062 61860 23247 30780 51045
7063 39144 5187 58898 4038
7064 5833 3741 45288 28907 3749 28222 52577
7065 2423 50613 34184 34189
7066 2475 18232 44206 2474
7067 1411 4519 20810 17298 20114 27821
7068 21302 52416 56013 33763 44839
7069 31606 1223 48268 36509
7070 58318 58485 56749 55410 47724 58827 56537 12911 46937 58315 56645 57092
7071 16304 34553 16330 18331
7072 19165 8847 8250 31355 8683 9555 7907 4761 7603 49151 8478 49062 17004 7956
7073 25687 10261 2339 33748
7074 15264 58099 47253 52307 8820 52102 5600 5441 52626
7075 61037 1751 1744
7076 48449 3235
7077 53 34755 59271 57050 58309 40655 13341
7078 12705 12723 37326
7079 30571 16371 18523 49177 19427 18887
7080 60578
7081 35191 34210 35097 61526
7082 11153 11152
7083 57473 59420 37805
7084 53207 33756 60923 41301
7085 37932 38983 39050 8282 57156 14637 60450 3673 12706
7086 8531 22631 8498 7312
7087 32910 16116 33392 15523 33115 31861 33440 32772 16114 32808 12239
7088 1306 23695 47389 28800 34760 61911
7089 12863 12860 35007 48379 41984
7090 35533 38117 23222 10064 29769
7091 1390 55831 57316 12770
7092 27169 23973 25816 18388
7093 18730 16599 31313 34362 10672 16547 34287
7094 34693 19748 4926 20853
7095 51888 52437 52623 52676 51913 11656 16131 11621
7096 13874 44137 26727 26728
7097 52965 903 807
7098 24307 24617 24745 33166 24306 33167 22601 27920
7099 55779 15502 61137 31211
7100 34077 38445 31007 2712
7101 35587 31422 11776 48006
7102 834 5674 38030 16202
7103 22198 52095 8451 10747 51454 31882 51607 48923 6106 51625
7104 52245 12027 8071 61996
7105 18481 467 18407 19035 5889 46453 797
7106 45169 2503 1011 797
7107 54697 19498 17032 60279
7108 55574 55741 13672
7109 38515 13090 38513 38507
7110 33079 9082 12937 25281 32986 11377 30030
7111 1469 62513 62413 62423
7112 23097 55721 22731 56136
7113 30745
7114 14682 35137 61952 27797 14079 27802
7115 41743 42594 42496 42621
7116 33330 2047 2046 1739 1977 33310 1956 1986 1976 30416
7117 6074 3848 6173
7118 29124 16139 10915 10916 51491 28893 28904 32212 632
7119 27971 33854 27944 47912
7120 46126 9582 7486 23880
7121 36757 36405 40429 32241 35839 44868 39259 45648
7122 15641
7123 32747 31740 31738 32237 22478
7124 51992 52221 52165 52244 45620 46709 51493 52630 45643 52261 14474 51878 12988 52644 34024 24319
7125 19902 27039 21489 21485
7126 14298 53944 44405 53946 41707 40065 40064 43384
7127 25845 62649 24369 25966 25076 24622 24208 23267 23831
7128 40712 44722
7129 48219 61841 62223 61621
7130 2635 2771 21898 2510
7131 31663 60677 6711 32392 35380 25686 7745
7132 4042 4520 57405 29215
7133 58346 37352 61594 58178 57384 37930 37354 58173 36152 58354 37353 36148 36151
7134 8469 62263 12260
7135 27457 20045 13768 18391 2340 19016
7136 36925 61141 36399 39116
7137 61843 61776 62713 34064
7138 18995 18976 27702
7139 54260 54211 47405 54299 54339
7140 32332 32338 31641 33210 32567 32595 32149 62094
7141 25821 33294 26011 27388 25578 25828 15503
7142 39288 14725 57761 39537
7143 1113 35805 37482 47290
7144 44088 14272 56044 38683 39036 34801 13955 3423 39192
7145 3316 3121 3187 3213
7146 44631 14964 25592 14600 9718 9538 42787 15044
7147 28605 9711 24574 53900 4510 7544
7148 62272 26196 25890 24084 24610
7149 5829 4823 10804 39121
7150 62290 61488 61777 61687
7151 59115 49431 58511
7152 60250 26613 21533 60249
7153 16756 33657 1236 21032
7154 56367 39864 56595 53044 54062
7155 32130 45638 62121 16368 34893
7156 5129 19283 12429 18860 18849 12491
7157 46407 36316 55724
7158 12345 10924 10985
7159 47934 47858 61415 48313
7160 21956 7009 26407 48798 320 12045 5483
7161 60152 48275 50146 38262
7162 61051 1600 1498 21745
7163 45680 35180 26370 10808 20650
7164 22190 57330 23347 13373 59284 264 57331 22330
7165 11904 48441 51341 12115
7166 42058 43710 42238 44422 52052 40363 55208
7167 51007 45224 12189 50986
7168 26330 9307 9808
7169 41265 35844 42174 53731
7170 61937 3637 58073 62204 39823
7171 57975 17451 56032 57899 57980 57981 58712 16619
7172 14089 58401 57003 59038
7173 57079 39216 41273 40403 55946 42617 40460 14432
7174 18451 40612 18452 35119 1233 37656
7175 23600 32911 36655 52081 15008 61471 9222
7176 59100 7611 7613 61478
7177 39412 61451 36798 46603 53181 42143
7178 51 3141 12150 7510
7179 16693 16694 61055
7180 57569 50656 14065 54338 49972
7181 61502
7182 49009 46867 7319 7917
7183 31163 45032 914 11240
7184 26236 5693 18714 61697
7185 9623 45303 51783 9621 52481 8184 33550 51864
7186 1542 1606 38123 35973
7187 56939 55143 60564 37812
7188 49216 981 28031 923 28022 28000 28029 948
7189 61724 51842 28458 11867
7190 40317 42806 41500 43217
7191 15850 8880 7744 6536 7487 15956
7192 16938 53413 43451 30852
7193 16930 31734 16727 19260
7194 34902 46121 46119 54436 494 34909
7195 29073 22171 16191 9369
7196 61885 25741 44390
7197 42123 44366 59525 42766
7198 51000 4490 45439 50406 36916
7199 3791 32398 61859 22601 34753 4077
7200 19198 12425 19211 19074
7201 61678 12366 390 44999
7202 22291 38369 62246 39532
7203 16710 30335 30294
7204 30984
7205 54294 48012 54376 54662 54371
7206 36917 50155 50762
7207 17961 33036 11209 19214 32630
7208 20410 18948 19331 35188
7209 36757 37293 54437 54439 41751 54067 40641 54438
7210 52499 52427 52425 41252
7211 4335 48697 49413 37891 40619 43981
7212 3158 3648 60697 38032
7213 58296 57957 35352 22812
7214 16906 31652 23848 16866 17332 31536 10882
7215 52533 35551
7216 34325 46143 34111 37140
7217 6309 48726 6506 9282 48725 9535 9867 48727
7218 32667 10111 29207 50902 22886 24485 29778 11827 18292 24008 7244
7219 35211 33706 20210 61514
7220 60769 62507 47390 10459
7221 58186 13848 3108 14765 13852
7222 62462 3558 1309
7223 2439 31656 30113 1853 106 32556 849
7224 55913 55885 14685 56798 35767 37673
7225 33511 49230 32707 32597
7226 47884 13797 29845 29839 39895 2826
7227 50638 50909 23806
7228 1515 47440 51201 4842
7229 49255 54905 38077 54902 49307 49268 60183 60181 49412 3535 60182 38899 49381 55411 55710 12501 49360 12565 54903 12651 49419 49399 60184 54924 54823 12548 49363 57987 12475 56062 49364 58079 29773 12616 60180 57518 54904 49515 49417 57519 12474
7230 48827 49173 9137 25625 8643 10229 9976 10028 8992 8081 10192 48829 8236
7231 51773 22131 60224 15911 58066 15618 29834 51442 53635 49929 58068 56943 56944 49039
7232 48828 8803 15282 48981 15242 39876 8275 48952 10378 61515 18623 7336
7233 61517 53152 43012 4307 43781 43248 52218 43011
7234 17580 12304 12303 18944 19823
7235 13025 12902 37624 13166
7236 46015 9632 8142 16038
7237 12116 43529 46924 45888
7238 40075 3005 58701 59985 43726 58972 52065
7239 25232 37568 36249 22708
7240 54732 21444 54727 53381 53380 26261 45871 46063 54726
7241 11689 8384 31825 11562 6182 44947 5439 6156 8242 31824 16004 5482
7242 4094 22973 9679 11156 7613 28047
7243 29685 28644 36967 36359 35850
7244 62709 27518 15650 26753 21557
7245 57000 54467 14036 12762 59751 43090 9194 26152 55578 40598 57007 14115
7246 30940 4541
7247 60589 50867 13220 57915 56552 51061 34603
7248 52054 51547 62409 1437 46226 51975
7249 35967 1504 37390 13442
7250 35133 35354 38588 38362
7251 10907 46881 1461 1577
7252 45481 34557 34038 45379
7253 15976 5162 15989 16126
7254 45745 15465 34590 33045
7255 38768 38770 17025 42746 17723 37392 44545
7256 51292 31397 31366 51224
7257 59164 35311 59532 60478 52516
7258 62166 50932 49303 20905 60613
7259 29693 61840 23 20329
7260 40051 53233 839 23305
7261 35911 35914 39204 4875 5390
7262 51427 8760 44267
7263 17088 17096 51931 52319 33025 54114 17101 7164
7264 43324 43346 58468 43320 42904 49488 58513 42954 43333
7265 6881 21410 36794 36793
7266 56606 58301 43016 40609
7267 55722 40057
7268 48512 61160 62164 28834 35270
7269 49193 24316 9058 10253
7270 12045 41230 61611 12308 54316 54319
7271 9375 52975 17505 9083 9672 52980 17182
7272 43584 43568 55017 55844 44609 41604 55006 43589 42791 44589 39672 43561 43931 10786
7273 234 29027 15463 56890
7274 8066 15966 8461 45320
7275 26311 12754 26406 26517
7276 13769 7840 14780 27384
7277 59973 57655 57909 57908
7278 23414 48777 8920 22428
7279 45428 36776 61514 46675 5472
7280 20827 42059 20328 20824 18600 40217
7281 30897 19295 21467 23059
7282 54396 60463 46981 54471
7283 32689 53509 30436 52354 33487
7284 32927 38653 56458 35690
7285 54270 14580 5757 13169 24385 7112 49379 23850 46331 4852 49313
7286 27458 27397 27396 38198
7287 46000 45958 47134 46975
7288 15276 19575 17884 207 206
7289 8888 8785 53650 60011
7290 8083 8475 16061 9066 9062 9497 41607 45289
7291 43411 42720 43412 39352
7292 6298 12165 47212 49164 15730
7293 57159 39726 6307 36350
7294 39626 57563 46231 43768 43295 46232 40289
7295 62280 30650 18703 62006
7296 24541 6456 34388
7297 5930 29313 10013 4254
7298 51774 15279 51794 52141 48417 48536 52314 52590 31371 51934
7299 53807 56632 43655 37487
7300 55028 59487 59227 56625
7301 43018 43025 43087 46708 46233 4693 43145 43027
7302 28509 55057 50064 14670 56367
7303 18000 18865 56519 59666 17997 18032 788 18851 14191 50325
7304 56479 3409 54642
7305 57504 57206 14571 46877
7306 34196 31665 10880 10886
7307 34056 58273 33889 34997 28117
7308 43124 42733 42651 41943 43185 40999
7309 38195 37082 36976 38351 38991
7310 61289 22627 9157 61357
7311 21675 21673 21603 21604
7312 22101 22108 22109 12713 22840 7718
7313 3684 36622 21832 37109
7314 54799 8288 14325 7551
7315 1680 1542 31046
7316 38772 49460 49329 56802 52284 56407
7317 34327 34474 34397 34048
7318 41016 4993 43302 40695
7319 45239 44067 30984
7320 13661 53122 54426 34250
7321 37207 47808 11753 49526 3224 59559 6897 60076
7322 40111 40953 40948 40110
7323 35883 15311 38228 35863
7324 38736
7325 62356 61260 61432 39972 34172 2568
7326 25972 3907 23142 28469
7327 53162 35183 33570 53163
7328 35968 38028 36981 38571
7329 11794 48775 16273
7330 48008
7331 56660 56661 39664 61228
7332 33272 32699 15833 32695
7333 173 34519
7334 5850 16267 26505 5849 24499 5851 25640
7335 21557 26444 21564 20921
7336 43076 46753 46754 40963
7337 19983 52375 35650
7338 61159 51822 5922 52051 34724 52544
7339 48020 54779 36307 57595 36755 3757 59981 3778
7340 6789 11551 38537 51064 6573
7341 23645 6006 52049 51980 51906 52124 22684 51793 25423 51825 24121
7342 42528 45685 41400 42681 40389
7343 28286 10571 61143 11025 11023 11660 114
7344 19088 11131 10515 10521
7345 36762 46245 45728 39003
7346 61784 35206 61704 61270 61695
7347 21910 33669 20289 33817 18297 18478 20592 46374
7348 12464 27735 52089 5496 13156 27459 52976 53986 6662 14130 20560 8888 28341 27485 13196
7349 9142 8140 8351 9494
7350 56476 15945 29822 7486 29129
7351 42456 44155 41032 4754
7352 34280 33935 33894 34331
7353 30487 27710 11873 45238
7354 25443 5061 2466 7310
7355 26645 13207 13828 44860 14897 3977
7356 27442 17530 20565 17426
7357 26911 44461 30607 16363
7358 7959 9274 54840 7469
7359 39834 39928 39934 57597 42448 55436
7360 33485 22344 32198 23567
7361 25280 16457 26010 14983
7362 16459 27382 40039 16462
7363 5226 8470 10961 29424 51974 45370 7805
7364 47323 26119 52706 26361 26056
7365 15744 32667
7366 54509 1415 54243 36642
7367 57052 4525 55713 14235 55955 62612
7368 13132 41409 61508 2108 6510 28919 12463 46296 1935 33343 133
7369 532 31274 28222 733
7370 38980 34093 58206 34525
7371 23243 25263 24209 24457
7372 5453 25400 5087 4853 46665 46495
7373 22432 27390 7901 18912 21636
7374 60066 44878 51503 2813 6667 51987 30678 52075 58117 58118 6684 90 6664
7375 22730 7134 7857 22778 22178 23015
7376 16234 31585 21981 37100
7377 36302 37262 61122 61781
7378 61267 61624 61828 61094
7379 61710 30844 27428 61324
7380 55324 7648 58624 18496 20017 60347 18607 58227
7381 8926 43686 7953 10254 54156 47987 52534 53755 54676
7382 3921 14890 35327 3487
7383 6731 28852 15995
7384 41331 61374 40207 42371 3015 42813
7385 43807 62437 41747 38742 57092
7386 58491 57479 60574
7387 32465 26304 61975 26333 3278 28481 17645 17638 39937 31501 21705 33159
7388 61163 62529 10826 62195
7389 36992 62466 1073 10417
7390 48424
7391 58241 58247 57992 57053 57469 1504 58243 37362
7392 32295 29246 51348 15568 29871 29868
7393 61585
7394 47918 12256 60353 59200 58734 12255
7395 49459 42616 59930 56955 59932 40331 42917 59375
7396 50509 39219 43378 58087 34776 24707
7397 53987 51963 53388 30127 2787 45733
7398 56893 33614 11973 34371 56447 26672
7399 3194 37794 3151
7400 23400
7401 15934 55073
7402 33300 32549 20282 20021 20621
7403 6465 16099 29016 29009 7771 52856 5557 59005
7404 8836 9417 20171 17102 20163 27200 7805 19444 49775 19278 49776 8835 20636 20745 19913 7724
7405 34936 12465 53506 40850
7406 22604 23355 30813
7407 3944 24665 35314 24664
7408 40411 40444 44119 49591
7409 26054 28061 27324 28062 20166 688 663
7410 53830 39599 54554 54518 53829 39600 25747
7411 40494 43760 17289 40503
7412 19167 19055 15966 2062
7413 50335 59670
7414 6166 6289 6290
7415 8814 8299 23564 23358
7416 36527 23005 45233 51344
7417 49071 49115 49116 49069
7418 43194 43186 39681 40608 43196 13801 12812 40336
7419 33910 61062 59133 61739 55031 61057
7420 15902 38130 50102 25733 50018 61127
7421 52209 10342 37994 11426
7422 57759 37887 29804 50973 58528 29805
7423 5016 46637 5017 10981
7424 53092 33171 31713 53554 53085 31696 31762 31737
7425 17962 48394 2417 19361
7426 23995 23996 62419 1412
7427 15697 26473 49445 99 15589 26474 15168 53708 15551
7428 39287 41227 41229 31923
7429 13186 37881 38610 13039 13700 55272
7430 2265 26245 41352 43550 26967 39320 43523 44010 26495 43795 26574
7431 10196 12116 10234 8558 11962
7432 25831 11101 31601 50602
7433 6884 11719 16874 17394
7434 49782 30084 29581 29582
7435 27884 27805 27768 27809
7436 19146 45472 33866 46017 16931
7437 1358 62508 1647 34960
7438 58616 24740 25997 25403
7439 28685 28554 3107 5904 24813 8230 5902
7440 12711 11977 12710 12730
7441 41222
7442 34020 47560 48823 50030
7443 60862 46366 56025 1325
7444 56631 26906 50680 4488
7445 46641 45495 29169 2451 62135 31761 32554 31485 32906 31213 123 33467
7446 61340 61141 61103 61994 61314 61459
7447 30948 37502 30712
7448 59688 58526 21619 60364 52462 4446
7449 20308 37182
7450 17155 19379 20948 30656
7451 45075 45074 51169 45077 10920
7452 62062 36936 37071 36745
7453 29899 29898 29835 28446 913 29897
7454 56117 60237 43929 58649 58208 41216 59954 56370 43102 58928 54861 39479
7455 53213 39631 5035 5039 12786 14046 40073 40081
7456 35214 49236 18774 35326 33434
7457 16863 18190 19528 18778 21429
7458 3627 3661 3603 3633
7459 40987 43959 53868 34189
7460 55354 41440
7461 14047 39813 14406 13758 35953 6196 61634 19107 13369 32798
7462 39497 39498 40042 55083
7463 37205 42065 36785 36428
7464 35175 37020 47449 34400
7465 44254 44410 41401 41402
7466 1056 36427 1061 62491
7467 1913 15708 2053 28888
7468 22946 27168 35503 8099 26885
7469 38297 38262 38296 37510
7470 27031 9734 10730 14565 57711
7471 837 15384 16111 6514 15953 801 836 16022
7472 15620 45325
7473 55178 55179 54862 55595
7474 3536 40576 36291 47416
7475 31295 31205 31204
7476 8108 24053 25558 22597 52864 24529 22978 25273 25850 25274 7192 24054 25365 8189 22437 24932 25053 52863 22436
7477 49157 10684 33027 30675 5387 5402 33718 33587 31880 5319 24384
7478 19919 21475 19713 19779
7479 47270 14044 61687 35762
7480 61399 10528 10470 10471
7481 5160 543 49314 45972 46378 5511 3239 4786
7482 35004
7483 15253 44289 15277
7484 21374 21316
7485 53391 49420 47796 9757 7122 12377 8479 48812 9845 29841
7486 6992 9627 9398 49770 45376
7487 2455 35615
7488 16490 156 28219
7489 51967 53733 56883 46798
7490 34517 62670 50745 54562
7491 1444 62079 242
7492 48636 62571 34979 61905
7493 51759 11303 25793 5914 11300 51534 11302 25792
7494 45568 57468 35074 46510
7495 48509 37762 37758
7496 30329 30296 31233 30244 1273 30263 26509
7497 19019 19021
7498 29909 3091 2319 3089 3090
7499 44158 39941 14838 10815 39922
7500 26782 13464 14942 32363 32355 20932 14941 12875
7501 52146 51376 51573 51418
7502 20390 20388 26042
7503 28322 45162 26842 3836
7504 15236 57849 55972 56319
7505 52064 33411 6533 48682 53203
7506 7565 23823 8909 51361
7507 10070 6231 30515 9638
7508 56074
7509 7325 8560 10472 7913
7510 928 48676 970 969 975 987
7511 37835 61947 62283 62312 62176 61737 61582 61883 61920 39165 62044 62282
7512 60059 59892 59893 59891 59616
7513 31348 31077 31267 29425
7514 7501 8535 23067 23244
7515 46107 46106 8804 11734 22583
7516 23608 22605 25433 52233 25875
7517 36467 39213 47516 47504
7518 36295 35113 62636 46361
7519 30719 16354 7230 27321 7070 30819 16342 16333
7520 5642 14042 50204 48555 43400 7780 57508 50203 47669 56931 47569 14004 14971 57428 13177 48554 47580 12748 12881 55007
7521 36473 21272 36297 36747 36837 21886 36024 36750 35914 22026 22067 21273
7522 30307 13229 6437 1377
7523 61404 3299 48686 48014 13474 54672 13528 53631
7524 13793 38655 39080 21891 39108 21795
7525 30332 35350 19143 33022 15975 11685
7526 33005 32774 30810 5318 30984
7527 16260 41732 41750 41755
7528 22236 7087 4599
7529 23027 24791 48918 48996 23340
7530 40709 19805 11902 40048 4557 31964 26364 31675 21127
7531 40322 39551 42055
7532 41987 43624 54653 9081 8805 53745 43380 43381 8819 8958 43218 49383
7533 46469 16810 21064 10163 27474 61876 7623 15004 27400
7534 7481 23486 10081 23485
7535 24618 8624 9617 21303 24837
7536 20552 571 57596 57449 56451 57098 584
7537 37001 36744 39753 37435
7538 33660 19691 61623 61315
7539 62100 33859 2028
7540 17526 2063 19966 2010
7541 20018 23572 46907 20591 14987 13988 51764 38597 38543 51404 8736
7542 648 31732 36722
7543 62376 62473 12140 45101
7544 11036 22613 22612 9688
7545 32968 16095 15685
7546 32018 32017 8592 48914 23053 51324 22316
7547 2689 37772 2690 2313
7548 31698 31580 31626 31594
7549 8908 9235 23083 8250
7550 60037 601 8892 56200
7551 27583 26535 26913 27584
7552 9603 5822 61305 52512 1532 52463 52219 22230 22362 4621 7926
7553 62275 39137 14017 58943
7554 61900 61711 61910 4429 61827
7555 8428 7335 9356 22398 8021 8613
7556 48051 1107 3197 1060 53257 53283 38558
7557 52468 51388 57775 17349 16790 32975 16941 27575
7558 19973 12158 31847 20049
7559 34550 27605 55723 60939
7560 53320 25776 61096 13701 15139 7904 53393 51704
7561 62311 15762
7562 6636 13910 12945 2345 16905 13905 19512 17750
7563 16492 20096 16562 16664
7564 12606 44175 33229 24082 52205 22186 59208 38365 30533 46519 55296
7565 38133 28909 52744 47435 39046 1245
7566 2978 45038 52882 9919 1396 1390 1373 1441 10166 45244 8188 41595 1455 8807 10210
7567 26436 19272 19449 27272
7568 24833 38963 60358 57865 59586 35688
7569 18463 18329 36353 152 32233 12388 16686 30441
7570 25060 7132 10369 8900 7929
7571 47547 30107 31913
7572 17035 16993 41062 32908 41058 36208 11463
7573 18835 2832 18820 29439 29444
7574 61887 61577
7575 59324 59325 53662 51535
7576 26652 20617 26497 18066
7577 39291 39290 23030 52575
7578 1138 5543 1140 44932 46619 52084 52491 46958 46452 1253 44978 8139
7579 50584 19009 19216 43473 57375 35282
7580 33463 19968 19633 2380 32898 31680 19904 27243 477 55541 47901 32667
7581 57752 48312 42334 48059
7582 55817 52907 22611 6050 31908 1928
7583 50555 43268 41379 43075
7584 4976 4978 61578 8674 22244
7585 9340 7379 4215 61485
7586 28887 1500 1325
7587 62575 11431 46904 47020 2453
7588 59676 47819 22632 55840 49511 47999 55017 52739 61927 47902 59901 58316 36209 62067 55033
7589 13775 13782 48514 12985
7590 14708 49772 14663 49780 3856
7591 35553 35501
7592 28037 29894 2624 2661 30143 28007 30138 2679 30215 30002 30219 2631 27973 2709 28046 2522 30111 2758 28052 30028 28060 2390 30150 2465 30220 2460 30013 30241 30182 27974 30012 30011 30001 2578 28065 29997 30089 2477 2854 29949 30076
7593 15648 22671 12209 4977
7594 11693 8580 48971 8350 30238 8465 10372 24153
7595 56916 25314 23434 6952
7596 43119 43148 3523 41304 14041 43111 43094
7597 57979 46096 58597 59448
7598 50116 55712 13668 50413 11453 55499 58335 57988
7599 12218 12216 12220
7600 39508 47509 56744 35218
7601 36899 30699 21777 8536
7602 24224 35308 2066 47237 23302
7603 1242 53436 3686 27980 39386
7604 17465 17434 16230 10169 22531 9572 17430 20555
7605 1674 29990 2527 2528 12263 6840
7606 32528 32067 13271 32934
7607 3318 62233 62230 3319
7608 22445 22421 23172 21999
7609 37889 45461 45003 2972 45503 45118
7610 26488 34185 26814 26534
7611 5970 6544 4799 9605 9659
7612 3599 22903 3600
7613 33626 45981 45982 34432 34428 34424 34429 34433 33628 45968 33627 45980
7614 60343 37429 51636 56688
7615 31389 28804 38635 41774 31353
7616 48765 37035 49697 49293 29414 13322 40038 49681 5631
7617 56301 54650 21140 37757 43130
7618 51468 15021 55998 14190 52163 3869 52553 11962 45901
7619 33855 14975 22829 36535 52020
7620 55543 37612 33891 37478
7621 30822 20088 2165 19579
7622 58383 55731 55049 29227
7623 46148 36766 47492 3735 37031 12451 10845 29766 47488 3736 12599 1555
7624 60529 51011 39591 41274 54600 41231 59350 41011
7625 58031 49856 58029
7626 3468 5586 40301 33477 39794 13637
7627 20107 36757 23474 23473
7628 22766 22767 55228 56560 53052 47166 7325 7217
7629 62165 17263 17376 20316 20321
7630 15589 33349 311 18439
7631 56836 55402 54835 18077 58845
7632 61204 61718 31344 43700
7633 58909 22568 52217 51420
7634 26090 27265 27195 27231
7635 22631 8494 58588 60379 25647
7636 39001 30396 40683 40682
7637 4706 4652 4711 5702 4696 5159
7638 14312 35442 57586
7639 54269 50747 58281 39002
7640 9540 9271 9415 7539 10406 33877 10407
7641 6208 6207 6206 6203
7642 1850 1962 27936 1758
7643 19307 30359 31228 19346
7644 56266 43611 14477 30205 56012 11645 62034 11717 14818 55866 1429 42869 11720 14441 37315 14757 61738 2342 11518 55249 14659 11614
7645 53756 48588 53699 48428
7646 10811 60670 31188 12372
7647 44356 3184 49580 40996 43467 43504 53317
7648 3413 20142 27216 20011
7649 11740 12664 44400 5928 45977 17807 28999 15842 36417
7650 3430 12442 10495 50517 50516 36158
7651 33220 13318 13725 14423 3496 14378 3494 3495
7652 8163 9744 60169 8722
7653 401 1144 53558 864
7654 18828 60464 29518 52178 58597 59450 58600
7655 11019 48626 47577 31036
7656 33686 45828 37203 45829 33631 34258 33630 21338 21315 34257
7657 15771 22057 16394 35576 14802 5224 14819 16393
7658 50553 50554 50359 32341
7659 56624 41964 44590 41209 54261
7660 62059 39974 61936
7661 18533 16579 15215 16577
7662 35247 4748 60162 5112
7663 1360 39623 53303 43834 42148 39626 47320
7664 3696 3671 28820 36387
7665 14398 59643 38916 37054
7666 6537 62684 1408 6639
7667 11400 15385 16144 16112 24616 8361 8353 48768 7886 48802 27218 48953
7668 16220 16276
7669 50353 40366 53643 20887
7670 10564 3384 3429 37567
7671 50338 55329 55330 2754
7672 52847 39526 23680 53212
7673 45881 45629 17052 33389
7674 11521 11517 3733 52136 11716
7675 28638 26971 27088 26567
7676 31611 31612 29223
7677 20357 58319 25739 49432
7678 10114 10281 8309 10048
7679 7049 24122 23818 22434 22228
7680 9999 54494 53173 8886 28621 994 56996
7681 42958 43435 42937 58697 34056 43436
7682 47206 36670 34438 34437
7683 38156 33566 59802 46999
7684 28835 15597 32696
7685 60506 50855 59444 50761
7686 32565 32229 32796 31839 31607 32668 31651 31523
7687 53327 39908 43867 43569
7688 13961 14980 14425 14424 53885 14677 13906 13979 13511
7689 2056 52099 1872 15582 680 29137 15525
7690 45726 31551 31560 1731 30056
7691 16685 17835 16828 30791
7692 20890 18033 18101 18078 21070 27001
7693 7542 23063 22281 46330 10479 41611 23538
7694 37045 52712 33699 53432 4006
7695 27966 3449 22335 51790 17453 4649 11026 39084 19386
7696 12746 14121 40757 59163 50732 39644 39326
7697 23612 24413 22472 24415 24164
7698 26895 26744 20322 2152 26557
7699 61369 38583 57871 34569
7700 5619 24923 7736 8408 9578 15457 34821 23789 24080
7701 30566 47952 1398 29035
7702 13590 55760 39366 55353
7703 26790 43110 52080
7704 43728 1125 53195 40164 1382
7705 1252 27934 30094 6522
7706 58890 58511 50813 367
7707 43920 50393 43934 43939 43919
7708 21510 16677 21635 21488
7709 23135 62000
7710 51904 14879 51993 9444 52190
7711 5321 46738 46556 51100 17905
7712 49213 54818 54929 55585
7713 19642 20643 16793 34127
7714 43293 53863 44574 43881 41029 43315 41050
7715 25908 46247 44796 54850 54717 11173 42790 25097
7716 22167 33647 22169 4342
7717 42316 57822 57424 45512
7718 18375 19204 21748 21776
7719 6738 29136 5318 6660
7720 37294 37694 36471 37654
7721 24961 47587 24111 25482 27795 22723 5613
7722 31554 31603 32522 32976
7723 57205 50565 62469 56892
7724 2405 61874 61772 46612
7725 1211 57834 57836 35809
7726 16092 33590 32209 33278 31775 33312 15823 33279 16104
7727 52180 59079 52363
7728 47961 39562 14505 13419 14816
7729 56108 55976 46033 59127
7730 27724 11622 11651 11597 27722
7731 32918 32917 31645
7732 47274 22091 61290 39897
7733 24050 24049 28525 16176 29246 19613 29237 20653 20852
7734 33418 32491 33417 30203 45012
7735 42168 12750 46499 41881 50462 14358 46409 41523
7736 59347 15039 40157 37043
7737 62190 62189 37880 38935
7738 20364 20122 20993 19517
7739 40588 50432 46479 40610 35609
7740 41336 41503 49214 42343
7741 28289 28880 29021 165 19024 28264 16768 175 108 112 20691 114 29081 18978 29015
7742 16006 11640 40019 39930
7743 46613 27998 32883 27999
7744 9404 2065 9509 1701 9405 10146
7745 31123 41929 31122 40870
7746 34600 59690 61123 60086
7747 50366 56870 4243 57986
7748 53329 13123 60253 60252 39686
7749 57005 38822 36820 30175
7750 23168 22704 58912 2723 9980 8971 11912 48987 24703 24566 25576 26103 45147 22771 24261
7751 17659 18996 18358 12494
7752 34336 62432 58502 38008
7753 27473 55030 58800 30595
7754 15890 15856 15965
7755 22373 24123 25088 24832
7756 55016 14134 45346 54791
7757 39402 39415 41097 1057
7758 61464 36242 55974 22753
7759 6063 46256 2008 347
7760 43022 47593 54093 43094
7761 45669 52804 33596 45744 308
7762 228 10006 18646 11543 53665 18400 18647
7763 43447 42698 43446 40900
7764 61480 37551 52749 23098 46272 52699 17892 46710 12046 4595 3166 61116
7765 42446 43496 19852 26498 16911 61508 26496 26135
7766 33538 7667 25921 5054 7235 6978
7767 4544
7768 45094 54931 7980 42997
7769 60153 37870 59415 60155
7770 59096 25779 25388 24259 59508 23902 23278 59516 8595 8724 29582 59575 24021 29656 29509 9857
7771 62252 21907
7772 5274 51245 35331 44820 1562 5002
7773 39960 54752 54920 31831 14683 36214
7774 30984
7775 53886 30994 3349 1621
7776 54032 39815 5473 54022
7777 39196 7734 5190 21093
7778 44180 60114 59434
7779 59936 34506 58011 48201
7780 54061 13293 13693 53058
7781 51879 55896 12037 3547 20891 58993 60919 51048
7782 5558 5935 59777 38747 57611 15272 2825
7783 8444 7600 23392 22256 6976 22669 22257
7784 10031 48960 45102 48961 7627
7785 40076 36674 19030
7786 40112 54969 55879 55728
7787 35249 44662 10558 34188
7788 26636
7789 29144 6362 28945 28201
7790 57220 48013 48010 56678 42254 53550 49539 55702 13925 13192 42426 42424 1062 1114 48009 57312
7791 1187 52845 54508 1194
7792 55543 40911 61040 37383
7793 61213 55038 59709 14188
7794 15359 35672 3806 40697 40359 39726 34186 41652
7795 24171 50009 35696 24172 24706 27876 24170 21248
7796 32887 13030 28301 12179 58875 33295 32732 52414 15998 34756 34855 22846
7797 35779 47456 48129 58813 37077 60739
7798 32348 5203 33128 11048 24994
7799 7723 31174 14407
7800 22239 6315 22355 31938 24137
7801 22136 18203 8133 29249
7802 39899 1235 39383 39401
7803 91 6058 15489 62013 31575
7804 47578 6850 5175 15795
7805 61114 57750 25862 23279
7806 46964 26479 18635
7807 45596 30867 62360 62359
7808 20008 2650 19396 4893 18372 12780 24997 26162 21792 28779 27184 23779
7809 16674 16657 45696 16650
7810 10041 17939 40514 39515 12979
7811 14654 44045 44020 15062
7812 2193 8208 8993 20039
7813 31437 33072 31438
7814 1575 61160 35197 35270
7815 57211 23524 23704 23007 31751
7816 31703 12032 2407 13356 55870 5280 10376 8756 11336 13483 10145
7817 57006 40981 42722 50372 53045
7818 50531 53043 41841 43237
7819 61231 42198 53219 50463 61606
7820 5309 5306 5304 4709
7821 59948 5077 27071 35303
7822 60043 20465 26371 17249 61925 39409 59071 20527
7823 21852 23051 23182 27491 15073 16798 7492 27490
7824 6144 15991 5524 767
7825 61461 61462 47452 62697
7826 59175 3680 3681 50229
7827 13327 14943
7828 9846 45036 26122 11976
7829 24509 24508 38114 24507 56406 24510
7830 10539 18284 30609 45052 22491 10537 18180
7831 22101 6950 25188 22380 22566 6948 12354 24914 8581 9178
7832 43863 43647 62232 44581 38957 44587
7833 8468 9604 6956 8360
7834 6076 32545 6447 60659
7835 42309 43037 35727
7836 55832 40852 53768 14149 42114 8509 54364
7837 29203 31202 31292 974
7838 42152 41903 41970 42122
7839 14403 39630 56468 22313 4569 56018 5434 60741
7840 24469 4566 42769 42770 4576 41030 42768 4547 35167 24459 40481
7841 33721 4532 42266 42854 42855
7842 31477 51257 15294 44914 28877 11096 33495 44143 2382 23007 11971 10613 40955 59647 6159 11109 23517 22369 14180 32696 16775 8521 33236
7843 7131 44859 49172 4941
7844 42701 40049 1566 48493 58692
7845 6611 6366 15722
7846 1242 58851 12310 12703 13860 59353
7847 60546 35619 56069 50015
7848 202 22571 22764 33799 27673
7849 9710 9929 9372 11373
7850 17721 47803 13295
7851 32959 59790 32734 38692
7852 11254 32218 15792 32453 6475
7853 4086 31093 35884 48360
7854 12503 61696 23631 23629
7855 3265 37388 37359
7856 52898 42053 42700 41511
7857 3914 51168 51163 5577 56094 52289 30407 25704 30417 23196 32851 2956 23494 30414 3895 3913 31766 23758
7858 12786 17058 61729 54760 35988
7859 30984 1390
7860 52366 61128 2357 9975
7861 2183 19179 17590 49912
7862 6100 2085 33447 33157
7863 9753 6267 16526 12133
7864 40253 41629 40254 44557 14615 12782 40251
7865 31943 32302 32120 9521 32248 241 32330
7866 24748 8830 24933 23653
7867 28409 176 48734 2899 27745 941 47122 30328 15894 11125 27965 2365
7868 4511 55897 29574 29376
7869 39455 44676 39512 39924
7870 37342 35575 37121 37017
7871 19719 20016 19478
7872 23284 61643 34930 62617
7873 53934 41480 30873
7874 49965 49975 49996 3992
7875 6272 6225 6116 6263
7876 16534 19636 4083 4040
7877 43305 57659 60872 41592
7878 37006 22188 37515 57714 56242 57401 56229
7879 51524 46360 1326 3244
7880 36438 48531 2659 15173
7881 60899 62458
7882 35066 35157 61751 59747
7883 36003 7949 56 36441 23120 33517 15196 20889
7884 25125 26468 1173 26871 1282
7885 49971 49844 37908 38231
7886 62187 50708 13184 13234
7887 28008 14782 14049 60717 14033
7888 24949 8918 22151 25774 40087 28709 6131 22259 9851 9663 7687 25327
7889 23981 24280 8448 48855 23965
7890 12283 18071 12334 35241
7891 4067 54851 54769 58261 56133 28872 52874 58730 54863 55302 54735 56903 34997 58448 54814 60273 59988
7892 39833 1193 55044 48566
7893 39619 40407 55719 59984 4216 43559 43576 49359
7894 31398 33544 4916 25499
7895 16077 41670 15802 15946
7896 39663 15079 42800 53574 23854 16093 416 53443 17635 46372 53059
7897 45810 13785 37531 37332
7898 27599 19203 1907 27922 27879
7899 12172 7633 8871 7642 8103 7391 8311
7900 57137 48115 59482 55065 48136
7901 9629 5550 5389 47066
7902 13119 5568 13118 22585 61024 59882 22584
7903 24321 7765 7457 7086 49964 55845 23398 38538
7904 38572 31076 50946 4343
7905 12835 39327 12880 62491 13426 43291 61535
7906 48779 18365 20945 8900
7907 22085 22008
7908 27945 28103 28536 28087
7909 798 25940 21046 8286
7910 11438
7911 952 997 33185 28534 922 28417 28585 28436
7912 5559 25690 24793 24466
7913 8340 8500 4615 8505 10349
7914 52160 32237 31455 32277 23286
7915 1488 61720 30723 21896 34114 54879
7916 47115 47070 47207 23169 30040 47072 47244 45670 54173
7917 14211 14205 14208 13620
7918 6830
7919 4873 25936 23837 23838
7920 47563 50374 61636
7921 50854 16328 18063 55241
7922 30878 30883 30886 30873 30811
7923 10905 29896 28099 3148
7924 36159 28539 30818 30950
7925 24987 24704 24985 23206 24520 24986
7926 62174 13644 62003 37278 13624 61562 62017
7927 11190 502 15382 6003
7928 6504 6580 9449 10132
7929 50691 51013 12552 55005 50594 57298 51009 57571 58737 57591 3940
7930 37413 53372 37883 39295 37410
7931 54120 3223 25002 4538
7932 3746 50569 32786 30347
7933 61926 36885 3560 50766
7934 48334 7740 44970 29550 18551 30890 18384
7935 1398 48509 4366 1365 3515 10507
7936 38040 38746 38048 38756 38751 38757
7937 7004 30505 30468 34366
7938 37033 40201 62453 50095
7939 44933 26820 44948
7940 28258 28232 629 31938
7941 10302 4702 33384 12336 12335 2295
7942 5552 1829 23014 5771 23393
7943 12729 19901 45914 37053 51002 55141 37054
7944 6360 16976 17300 21892 17308 16908
7945 21080 18023 44715 8096
7946 38359 27456 53617 27005 7476 13993 20056 21874
7947 6406 6873 15420 6396
7948 6806 15557 28186 11737 6705
7949 11881 12265 45113 45254
7950 61304 61622 61157 36730
7951 45276 29106 15994 31206
7952 24140 22600 25288 48037 25309 9394 24888 27906 22230 36928
7953 14977 56329 57404
7954 37087 37089 7498
7955 55081 56480 56486 59876
7956 35140 23161 22676 24165 22471 45157 25806 62436 24570 25805 4820 4032
7957 28076 49989 49918 57672
7958 60846 2637 31942 57432
7959 30968 51655 51638 14843 49638
7960 20547 60000 57860 26190 57674 57736 57737 37766 36270 57705 59803
7961 46050 46276 45063 13887 53693 52524 8963 46901
7962 49049 52031 33795 48977 48816 7326 7868 29538 25615
7963 62683
7964 39150 41893 60728 38160
7965 58363 35702 61292 55535
7966 46258 34183 61016 62653 34337
7967 53577 54551 54691 4596 20117 54601
7968 22611 25710 5884 23884 8474
7969 23570 50170 48093 3829 51365 48102 34032 51387 25928 52952 3 45356 48267 7967 58812 9259 51381 60425 7597 45879 22339 46534 34046 12177 48874 34031 35168 45129 7136 50202 7570 48752 53877 35099 51219 46411 49187 50199 34079 49011 23447 34080 49074 50480 3830 14610 50415 23446 56395 51239 3831 50171 47864 45196 46595 52525 7902 52012 23448 46167 45064 23449 14528
7970 17472 44401 40711 44402 17473 42804 17372 29106
7971 50665 50755 50634 50536 50783 50964 50345 50786 50784
7972 40452 40047 68 61693
7973 16611 670 16608 16609
7974 5235 34536 53564 25350
7975 61719 7671 62035 50810
7976 29236 32357 169 136
7977 41694 34369 40698 43154 41018 36881 53341
7978 46756
7979 60277 1889 54937 58313 49869
7980 8507 62379 7801 9061
7981 30378 37608 12676 29143 3266
7982 53838 28697
7983 56763 57305 55438 50207 56624 59562 57306 50086
7984 53528 47402 34896 53748 30055
7985 14748 54343 39916 40579
7986 34134 49370 37581 49369
7987 34023 59838 36941 48303
7988 12735 17239 17793 12472 12485 17233 58639
7989 26194 18904 35369 32749
7990 25651 24814 20658 20712 20466 27286 16193 20395
7991 62419 35972 3834 48444
7992 6810 6520 5371 3021
7993 4673 5251 62671 5931 46185 47870 52310 2308 33818 45348 48102 38379
7994 43763 2624 43515 42281 26307 48160 30647
7995 54604 41245 53268 41244 56808 34248
7996 39147 1609 31137 35580
7997 18034 11309 17610 11202
7998 4413 36034 59824 59823 37761 59681 57261
7999 31027 31072 31090 1028
8000 62138 61507 61505 61511
8001 35867 29221 28609 29205 28479 35235 28579 62567 28619
8002 9403 34421 34420 45247 7395 52358 9034
8003 27932 25331 25487 25152
8004 33084 15861 25061 1218 11424
8005 38046 38014 36142 39138 51912 44825
8006 7333 10261 10352 7838 8987 8339
8007 23310 30151 30423 11322
8008 5749 14898 45653 33959 52018 14086 36289 45820
8009 35450 53620 47393 37544 49452
8010 6242 22667 16364 7114 32966
8011 10598 40602 184 62110
8012 33948 34452 45407 34078 34005
8013 46459 47736 50676 54958 34535 46875 34059 50678 1220
8014 38643 40044 39821 34443
8015 17175 16443 16441 5539 11876
8016 51075 42978 56481 39803 34746 40484 39989 56445
8017 60625 57862 12644 12642 57484 12479
8018 19774 34572 60822 20509 36483 52728
8019 42630 33814 58220 4099
8020 10913 10937
8021 59488 42442 43965 35575
8022 55967 58409 47248 34826
8023 25983 20567 49493 14473 16717 49089
8024 4382 4471 4436
8025 45315 45240
8026 51939 60651 45252 49927
8027 20847 45563 8990 21005
8028 58458 43335 14622 13415 43328 42906 42952 13416 43337 14621 59101 43314 15001 43358 43338
8029 50473 38194 38517 12761
8030 62447 59218 57376 10836
8031 16968 47394 45776 30134 17078
8032 27994 34239 6387 59329 3053
8033 24999 14364 31103 52640 22198 49148 57843 5824 54766 58310 20988 39926 5812 8963 35436 35308
8034 46147 46202 33326 26022 10682 33003
8035 52536 6453 293 6549 6764 15521 12275 756 6766
8036 6337 6721 6501 6783
8037 51402 29324 54172 51362 29318 51391 45230 53692
8038 55503 55504 55338 55335
8039 11357 32724
8040 38963 37653 37673 57156
8041 19064 19053 42306 20004
8042 54275 53261 54663 42784
8043 59713 55507 49890 55091 50264 60137 50788 59764 55510 49891
8044 8972 33693 7717 35429
8045 56708 60476 56709 56707 17539 44717 43065
8046 15427 8427 1805 307
8047 6565 6654 26760 2334
8048 16821 60845 19289 50629 19300 50515 54120 17629 60826 16531 16862 5180 26094 16861 16530 16535 16532 26759 17722 6706 60982 61001
8049 34044 34874 35670 33819
8050 61221 35555 47435 37532
8051 60952 12495 45734 39342
8052 54352 1215 61842 61550
8053 51529 2462 14368 10868 52200 45089 25353 25352 11652 2800 1076 14331 52604 52627 24277 24436
8054 48884 48886 9290 7077 7469
8055 44114 17053 44291 13273
8056 61970 62362 61634
8057 6015 24047 23209 23228
8058 7028 7622 53515 6887 6890 7038 53516 7390
8059 25903 5651 11288
8060 2777 18604 21911 21787
8061 17262 61489 17287 61207
8062 10881
8063 23092 22261 9114 7644 9141
8064 4551 30300 37186 33951
8065 42299 42300 42301 38388
8066 17374 15846 19205 28239
8067 44894 26334 16635 16633
8068 35550 39657 35557 39607 39655 35558 47302 39661
8069 806 60324 55105 59855 55108 38579 65
8070 1214 47389 13034 34984
8071 34224 47089 47088 28492 4860 35861
8072 524 896 11713 28175 898 6617 3117 19329
8073 12136 13612 47391 37989 28891 35517 25208 4721 8033 2709 28534 54495
8074 54212 54203 54213
8075 53312 42095 49453 54944 59795
8076 37312 35329 31347 57958 38394 57117 38435 38439
8077 17565 20606 17566 20078
8078 30984
8079 3402 16316 1614 31998
8080 48879 10368 36240 52951 53895 49016 48920 7135
8081 25510 2680 23261 26469 46761 26770 46759 3303
8082 20038 26331 50588 13263
8083 37393 12602 40176 43174
8084 32428 28177 25732 23506 26588
8085 59384 30684 21350 57430 21351
8086 1277 20291 31610 50584 58932 20293
8087 19387 19399 16030 4300
8088 38263 50505 60232 57618 50651 59987
8089 19182 27717 19183 11284 27619 19333 19011 19080
8090 415 326 580 24124
8091 28047 45760 10756 28045 9596 746 28083
8092 29885 3062 29310
8093 8331 44464 44463 8684 11485
8094 49003 10274 9011 48776 38159 9361
8095 44496 43342 42954 42953
8096 33957 5062 14784 34875
8097 58942 50852 59418 60516 59301 57900 11857 59570 22041 51008 55393 57938
8098 56970 56969 3242
8099 42812 37871 42452 38940
8100 51046 61689 62631 49466
8101 7831 40644 62610 12230 28529 32962 23997 4578
8102 55662 12160 8047 52967 51986
8103 21664 19364 19404 27523
8104 51384 14539 51682 12999 10267 8770 37824 8416 45891 8037 51684 52435
8105 30567 30663 30697 52999 30664 36792 30665
8106 30472 41879 30780 21171 19456 23043
8107 4793 62297
8108 40127 39305 55752 3832 34365
8109 34258 48254 3461 61102
8110 21958 45713 30232 21959
8111 617 31857 15459 28973
8112 22156 24984 22309 39021 22288 9128 60807 22284 22165 23461 24983 44145 22290
8113 40071 38959 40075 41459
8114 30375 49780 31723 33060 30287 46711
8115 5551 50198 300 59135 5550
8116 24084 28699 31356 24719 28486 24310
8117 43995 37257 54713 54407 40943 50118 1362 1351
8118 60814 3208 26149
8119 11274 5410 5411 22381 22500 22920
8120 42078 57581 59931 59934 42079 42347 42077 43452 14397 42364 42080
8121 29139 15898 6750 28993 6441
8122 60795 33697 56497 57216 36864
8123 25524 2765 25573 48899 9819 2764 2324 22961
8124 23226 23382 23691
8125 10329 15667 49086 15388 46886
8126 4988 8989 54953 25808 44782 46683 23601 31374 22629 46351 2551 44780
8127 47605 46735 35842 34293
8128 42439 45823
8129 14463 39606 13714 12771 14123 14518 13129 13833
8130 38831 58789 33769 56957 30163 4219 29906
8131 30860 46083 61635 35614 28900 17639
8132 10939 10963 10991 10962
8133 3394
8134 60780 30191 8483 8949
8135 47980 1470 58307 36384
8136 29239 6690 16049 28442
8137 5422 5423 34839 5421 28713 51728 45404 52102 46291 49893
8138 45431 57112 45627 45415
8139 28960 15661 15507 11593
8140 8458 23778 24353 10299 8158 21261
8141 45329 23044 26295 19196 46829 9563 49051 53364
8142 10917 3838 45302
8143 45246 49094 31496 53437 39608 32866 40316 8037
8144 61422 27588 31533 49275 31657 31674 33654 31815 31659
8145 22604 8586 49042 8351
8146 56634 61475 8601
8147 51555 51371 50218 50556
8148 12406 31714 9432 730
8149 38569
8150 24040 27541 17761 22970 24078 18822 47146
8151 22102 23891 23349 8633 22779 22757 22834 22569
8152 26128 20409 18049 18591 17137 21283
8153 36396 5344 29369 61951 33926
8154 27431 36090 16781 27441
8155 39932 39385 44830 16613
8156 7178 19721 20559 50562
8157 55800 16407 49573 52948 40608 40590 58057
8158 22295 7988 26507 7591
8159 34180 32157 28827 30173
8160 16553 31592 32073
8161 26391 15522 62435 26107 41790 11569
8162 27638 6328 45222 27747
8163 60794 60795 35554 35553
8164 33704 46100 34379 13303
8165 43028 13785 42655 36781 3321 42063 39826 20833
8166 57845 59034 48478 4477
8167 9977 7411 7916 9082 5528 8468 8362 25712 8461
8168 51677 5332 48984 49127
8169 55299 55865 42218 49583
8170 56153 5202 30473 49290
8171 22293 40513 10036 22294 25814
8172 48510 46609 61942
8173 57425 14210 13517 45242 45020 14315 57426
8174 26542 26357 2348 4938
8175 21529 39945 32118 33346 61644 27543
8176 1178 1326 35812 48620
8177 16094 15874 15593 47654
8178 8704 12454 18704 18840
8179 58053 35269 58269 58400
8180 9339 23198 22368 9515
8181 43255 40629 40156
8182 62598 29400 29475 29646
8183 44809 51698 13337 59194 54547 5446 5428 44812 51530 44473 44834 36693 53836 14866 37693
8184 28367 6256 6212 28364 28444 28366
8185 27942 27943 12426 4477
8186 25948 26496 6195 19263
8187 10948 10935
8188 11319 11341
8189 45040 62556 62368
8190 26500 26409 45274 45258 26501 27182 45085
8191 8899 48890 53814 31169
8192 45847 50603 34188 47291
8193 2428 17244 17529 18833 62061
8194 1452 1552 4384 38866
8195 40292 54109 3676 54087 43775 57049
8196 6752 29248 28151 4318
8197 57723 46317 59210 61685 58958 46082 57721
8198 26167 25985 16225 16865
8199 2120 39796 7404 3401
8200 58161 47305 34541 34203
8201 48445 48453 50252 50526
8202 31833 37002 19000 32227 32953 37901 25859 32142
8203 51996 59078 24034 50815
8204 30819 51277 1764
8205 22790 52009 32928 44582
8206 46140 31106 56540 50008 50647
8207 39422 39404 42303 4096 4151 43793 55040 44011
8208 47459 35656 62227 59182
8209 41053 21039 14427 43176
8210 28906 36018 38385 42582
8211 42863 41945 31025 49656
8212 61235 45447 61015 45446
8213 23736
8214 48564 37678 35108 35410 12416 39902 35693 55320 12613 25449 43089 14439
8215 1454 39466 39885 41807
8216 37324 33149 23649 25322 2282 47710 4638 22623 51540 1251 15058 32074 36084 5466
8217 56804 50737 56820 50926
8218 14812 13298 14624 13231
8219 31767 32221 32799 32467 56751 56754 32473 59739
8220 53183 53628
8221 47043 54582 54580 35642 12828
8222 17491 17406 31616 15910 24966 17178 24381 24967
8223 24028 24297 8018 23816
8224 1421 35462 55490 55621 61413 59431
8225 51958 1884 1996 30406 1922 1952 2041
8226 11970 33185 11954 33834
8227 4477 48513 4497 32802 48482 48505 48648 48641
8228 2068 23467 23066 11075
8229 53020 13584 24621 51981 1147 10237 2376 55216
8230 32604 32699
8231 10951 10965 10920
8232 36199 36103 61388
8233 37449 36179 46799 34672 56289 55412
8234 45015 12053 11764 11900
8235 19118 25871 53338
8236 29135 8846 58 61341
8237 12566 35148 58937 13296 50622
8238 7264 23228
8239 36801 46149 48614 46696 40387 36242 37434 34267 40075 1054
8240 25823 25450 10692 9868 9738 10072 30233 22207 10393 24889 6960 9442 10056 8743
8241 14961 36883 36162 13240
8242 2154 20423 20812 20633
8243 46377 58519 46384 55990
8244 59180 13401 35620
8245 24867 27435 19698 22474 32251 22276
8246 15273 18357 16768 16769
8247 59455 41596 60607 60608 60614
8248 28268 15360 28192 32614
8249 56510 28882 30270 345 59527 59707 20240 29163 21001 56509
8250 16466 5007 21500 47764 51443 21530 21501 20052 52633 17866 12987 21551 3884 27989 17431 16472
8251 1299 60592 60251 37865 36822
8252 25142 25460 2679 62463 26191 20197 26059
8253 15709 11701 15298
8254 34119 10110 61584 7489 46200 45722
8255 30622 55150 49842 56015
8256 46668 9087 15237 13028 46667 45133
8257 36446 57001 14556 12449 14877
8258 42683 40884 13726 40882
8259 45497 8210 62123 57905 6994 9537 6612 61070
8260 51176 21292 35379 15416 435
8261 55762 13455 55418 36574
8262 40432 3351 15906 33597
8263 58126 984 951 51705 43080 28049 43474 993 36856 13878 927 28044
8264 42827 27287 34518 31148 18379
8265 31712 15940 15364
8266 7575 7574 9523 9852
8267 16328 26531 21037 20980
8268 31289 62086 31253 9830 32222
8269 33039 28541 49103 15117 21118 34660 32098 28570 49917 33446 7833 8195 48999 32169 33259 9205
8270 58174 59864 50549 59869
8271 55323 61508 46898 23417 23394 23817 23556 24045 5021
8272 38305 48563 36495
8273 47174 50673 35070 50906 56409 59734
8274 3632 57924 55623 54914
8275 14874 14873 59408 4155
8276 15006 34619 6688 44895 29141 51664 14482 166 52281 52511 46527
8277 45332 12692 12557 52282
8278 39805 34227 62542 61513
8279 45116 30984 32435
8280 41927 48507 34973 40228 29206 4518 3569
8281 194 32699 10559 18432 10777
8282 41015 57199 41232 61423
8283 40151 37714 40814 44444
8284 45411 36324 41888 16034 43264
8285 38569 43322 48005 38571
8286 54463 39800
8287 34188 34184 35795
8288 7962 7196 8017 48794
8289 2360 29765 34868 22119 5986 25071 22120
8290 35195 35795 38449 33961
8291 479 25595 46973 1022
8292 44332 39914 13791 44325
8293 59291 45201 57093 59293
8294 43252 50404 50811 42415
8295 36249 38663 41260 41266
8296 37145 35501 37075 36482
8297 43254 19669 32721 32719 14283 28232 29336 11613
8298 33547 26203
8299 13623 44572 36530 54648 34052
8300 6412 17238 15394 28222
8301 20425 20505 20484 49490
8302 43181 44055 40961 4932 54029
8303 20653 55275 20535 27960 20652
8304 37873 37559 55463 5185
8305 53123 28843 55983 37493 55668 3164
8306 15151 59943 50991 36266 49898 56603 58059 59677 50446 38317 58345 62048
8307 12337 56128 57430 647 48365 59414
8308 19522 7632 33054
8309 22964 62534 22933 52357 22893
8310 19463 48224 38220 61009 56673 48258
8311 56821 53479 54567 46423
8312 11184 61101 49840 54696 49958 33561 52335
8313 48516 35014 48567 45183 47386 3254 35012 45371 45177
8314 50291 56811 54080 36142
8315 3173 61403 17764 3170
8316 6293 1704 6147 1826 16023 1729
8317 24650 23424 5690 29292
8318 21651 26032 21716 21657 26366
8319 56451 29051 35512 35824 38448 56759 46680 41439 21002 26396 46310 20966
8320 58728 56171 55112 56179 56160
8321 36742 40863 31495 34184 48714 57248
8322 14154 14900 14151 14152
8323 51989 29545 27956 51205 23761 8857 13184 11957 23436 5469 13464
8324 39428 39802 40426 41706
8325 2580 1883
8326 24807 24464 24813 24808
8327 62689 62691 16448 18393
8328 38244 61395 42542 35908
8329 30984
8330 15589 28903 28265
8331 30048 47674 30214 47633 47642
8332 18119 20029 40186 19943 18122 42147
8333 35144 14122 23960 35145
8334 39423 40522 40564 40562
8335 45496 34627 1208 55559 25837 54099 51097 25560
8336 5093 19964 20320 31049 15190 5982 19434 35674 20595 36179
8337 37857 43465 58330 50546 50667 50867 58418 43466
8338 59542 59072 57872 57412
8339 48620 61706 1539 48510 43313 1361 43332 41972
8340 38720 244 6497 584 57007 29186 62088
8341 42160 43771 13333 41857 37271 41581 13854 53552 43774 23366 13450 43637 13477 45887
8342 47393 3659 34766 35964
8343 26769
8344 12473 31935 22606 8162 1981 33316
8345 11051 42032 60881 52704
8346 32780 4133 35954 57658 4033 57332
8347 45753 32777 45766 32500 8268 11219 9448 11223 46511 38192 32773
8348 56698 56700 36129 5415 36924 44329 5455 36848 53355 5281 11777 15251
8349 22928 23022 35028 34965
8350 41975 44068 43825 43558
8351 16031 30501 28234
8352 10818 43112 43147 42068 42069
8353 17689 17139 19699 17702
8354 60426 57744 57615
8355 46092 49861 24035 60064 57684 49860 52635 9887 62329 55737 843 9544 36683 4971
8356 4531 4532 10938 54832
8357 37472 3252 49475
8358 48371 52849 52867 53016
8359 36536 36537 46498 34160
8360 23735 16955 18004 23822 22133 25870 27764 22932 6060 16571 6219
8361 55242 39542 54020 59565 60714 55240
8362 18325 21143 42654 41920
8363 13903 14999 1900 10621
8364 49969 38270 21267 34463
8365 41642 33582 9497 40826
8366 45435 46943 46357 46946 46405
8367 50626 10840 35196
8368 4989 48400 60631
8369 37181 33832 37602 45851
8370 21449 20859 26414 26962
8371 28982 15599 24777
8372 36894 50432 38087 50521
8373 23152
8374 50915 42629 57921 41901
8375 42694 35180 35360 43349 43339
8376 62423 7980 9587 21913
8377 27281 26662 47737 13707
8378 38859 47392 11795 53047
8379 22926 57826 8433 7719
8380 24729 25542 61056 15112
8381 4828 42592 48311 42558 4669 4797 41633 4610 4908 49218 40902 43618 4940
8382 22529 24286 22718 25399
8383 12100 45067
8384 640 681 32578 371
8385 10219 30840 12353
8386 37879 61753 37877 229
8387 9332 4616 11031 9387 9164 7205 48758 46440 8389 11047 7015 9015
8388 56392 3908 45106 52421
8389 39178 49582 49615 60298
8390 11787 53728 22201 14774 62386 50430 40398 39370 11786 39368
8391 14253 58137 59032 59243
8392 47812 47811 39912 5176 30962 5804 11631
8393 39400 39398 39459 43221 41096 42524 43488 41095
8394 12652 12537 56577 49261 12653 49260 49625 35569
8395 45330 27979 12077 45068
8396 27060 43428 27059
8397 23921 5436 39095
8398 13806 1788 8362 2595 7451 46274
8399 47210 51709 4395 15076
8400 50821 13968 46821 48413
8401 41395 44634 43438 44556
8402 37050 49887 49886 35380
8403 30937 32715 11927 11928 20938 51392 51820
8404 38045 38023 36739 36213 36245 38061 36629 39034 36886 37095 47429
8405 61481 45273 61198 44304
8406 61478 39371 49584 12883 43321
8407 20067 62147 29735
8408 41160 44057 44053 44031
8409 34508 34509 5747 35356
8410 57583 55033 60115 43580
8411 13973 14639 60625 47883 41405 37349 37317
8412 55686 61041 49698 52464 49252 49483 4257 59856 58523
8413 54710 43097 55653 53135 20045 59320 17541 59975 54984
8414 48555 48442 4422 48476
8415 26449 26448 26467 26450 26419 7280 7961
8416 3899 47374 35530 21867
8417 50085 28681 25679 32753 4572 46136 31678 55842 56543 4998 52802 33148 50041 20995
8418 16259 30683 17968 21974
8419 35319 5296 57595 55415
8420 61199 36120 10796
8421 56475 57922 59702 59714
8422 58294 3972 61291
8423 42549 13339 41810 14166
8424 15046 14686 14012 14382
8425 39028 55785 57278 4002
8426 37919 33981 37912 34377
8427 59908 48622 52707 35607
8428 35466 47718 47446 3621 51594 48114 52674 52572 3670
8429 19259 12261 27340 26029
8430 33726 2482 2481 33623 30984 2748 3904 5396 51812
8431 61405 22345 56634 35617
8432 16929 20769 17171
8433 26302 17597 44355 42523 26306 40727
8434 39281 4195 54934 42550 39845 39875 57421
8435 53231 52540 7687 39378 18511
8436 16334 8440 6997 26627
8437 14129 31151 13749 13756
8438 26600 26141 27329 27378 27032 27238
8439 32328 31746 48688 16833
8440 58492 59653 56503 57892
8441 10950 11603 35375
8442 23114 61416 31127 54884 24093 11236 16590 26039 16498
8443 44710 45676 13660 13607
8444 16043 15638
8445 12792 13008 12833 40639 39621 39296 39377
8446 33015 33010 6636 754 29023 30322 29149 32603 1783 28980 1784 29056 66 33085 33158 138 29138 33156 32941 1785 6598 28965 33192 30426
8447 2499 58579 57060 34555
8448 44051 44027 13832 44023 44036 43998
8449 58452 58665 58420 57493
8450 17134 9802 8883 10054
8451 47869
8452 57539 53529 60719 43864
8453 36487 56719 53250 39241 57926 48427 37647
8454 61084 37852 1569 1540
8455 7971 41070 44764
8456 28252 15608 28264
8457 11950 33646 58077 51184 38535 36355
8458 61945 62097 14470 13877 37016 58528
8459 20694 21013 17094 18773
8460 39817 39901 39822 39823
8461 49593 30579 43432 33733 14108
8462 1145 360 37863 34996
8463 49384 49506 52902 865 55485 30402 32865 26260 10629 60187 49619 59673
8464 56634 19580 13610 3622 13600 27525 60487 59584 13603
8465 59861 58446 55365 59566
8466 4970 29583 5427
8467 20411 17937 20327 12163
8468 36557 53299 22601 4745
8469 11967 2521 55284 30178
8470 48158 21341 47831 38677 47827 48159 21425 48112
8471 10542 10985 10773 10650
8472 11005 33238 10946 30720
8473 46064 12330 61729 18766
8474 9275 6249 6230 6295 8909 8222 8460 53423 19347 8663 15746 8262 53147 8098 15828 33455
8475 18245 12071 51138 21092
8476 50259 56521 51803 11759 54744 61353 29320 55757 12357 29417
8477 41485 42759 26009 41487 41891
8478 33672 42274 42973 44186
8479 22037 16208 21618 3028 21723
8480 11282 23124 7750 45857
8481 61570 61386 40120 61192
8482 41823 44296 44293 44686 62374 14162 26879 26880 26878 46879 44290 41106 21826 26329 14150 55589 40954 55260
8483 26572 9473 188 23342
8484 24275 42715 42717 42716 51117
8485 55143 59860 56146 33926
8486 14251 53390 29440 7179 23264
8487 10850 15304 21229 15208
8488 32156 35628 12285 37135
8489 30385 29177 25800 29128 61513 41828 45861
8490 1096 37401 29768 36630 21817 44912
8491 30829 30809 30818
8492 38814 9902 8703 50031 36272 38813 50040
8493 41166 60715 39266 41268
8494 29706
8495 30283 6643 46577 53763 23087 27549
8496 45141 3821 4542 33427
8497 21376 38616 26171 36544 46876
8498 30341 28862 6560 6799
8499 59598 25738 40246 34147 40453 31686 31707 5880 31806 32537 39033 39503
8500 25635 9209 15112 24267
8501 7462 22257 7069
8502 36290 37149 36877 36349
8503 61637
8504 21939 19081 21725 19195 22060
8505 57748 60385 54451 38787 58329
8506 682 683 6843
8507 54866 2748 61418 2203
8508 52246 1472 52248 1444
8509 35081 60938 35579 52120 34976 28433 31779 51297 230 16533
8510 59190 62675 13110 13112 59191
8511 38514 34981 38508
8512 40121 13785 60121 41280
8513 28277 6637 30824 53401 45221
8514 15542 15701 15369 2755 52709
8515 36366 45149 47405 1141 11807 60781
8516 19291 20198 18115 62497
8517 24558 24896 9899 9765 25318 9262 49200 11398 11314
8518 46780 36620 46782 39111
8519 30370 29145
8520 33513 46660 6023
8521 19761 27771 8737 56328
8522 4444 48600 14167 4462
8523 61414 33151 42658 43016 43739 60924 49814 43021
8524 21596 21714 26621 27015 27004
8525 551 350 763
8526 28427 28372 28428 28524 28405 28502 5860 5124
8527 19513 28580 23599 5841
8528 9491 9733 9490 10203 60049 16070
8529 37785 12907
8530 1630 48463 33137 8537
8531 11188
8532 47381 55127 48351 13109 12796 44720 48128 1034
8533 9876 24215 7385 28567 9286 7790 9855
8534 22179 11500 30125 25150 47821 9046 9499 23770
8535 36197 34659 35970 33876
8536 44271 14395 50794 44794
8537 9586 62592 23551 9102
8538 10240 7893 10242 10264 10263 8178 8680 9823 8179
8539 3000 27051 26949 2286 19147 9270
8540 51279 26008 54702 11327 9660 47222 5780 7928 43735 51266 52279 51750 51735 52499 9440 9338 9605 10021
8541 56622 55925 56625 55491
8542 61907 29916 2674 23643 1366 29840 3056
8543 52014 4914 15198 31769 44950 15222 27629 33297 5074 2192 30236
8544 26779 56135 46752 62531 49639 27325 56134 27355
8545 20534 20266 54023 48470
8546 30965 1854 2093 2092 9748 9667
8547 25220 312 23780 24996 23112 4885 5611 8478
8548 6897 22972 7424 7624
8549 6202 6227 6071 6022 6300
8550 27627 27707 27593 24882
8551 62659 29204 1645 3649 61554 12415 47431 3608 48718 1192
8552 61659 12157 31230 22412
8553 33758 25295 30760
8554 18392 31145 16997 16525 38672
8555 62080
8556 6408 28907 6358 6451
8557 45168 12053 12025 1577
8558 12371 55012 18182 18414 11124 11101 9342 16542 11155 24981 51843 9341 55371
8559 36166 9065 41569
8560 12060 46393 38944 35957
8561 26108 23197 26626 23820
8562 54326 61482 43828 53465 53459
8563 44308 44307 44305
8564 9763 34472 33937 34471 8509 16841 23977
8565 20007 19895 15645
8566 27502 34044 35010 21515
8567 34722 34646 34721 10029 59518
8568 25922 25059 8905 21237
8569 42785 43022 12507 41716 53331 60044
8570 61285 44217 46515 44223 44219 59970 58202 44030
8571 24129 8969 24128 27832 27232 53043 27849 10327
8572 33315 33314 27611 33336 61091 4293 16838 27612
8573 54971 56860 48029
8574 11605 11748 34783 34729 34784 11664
8575 62172 49593 57922 49578
8576 43079 43277 4650 37276
8577 6198 6125 28813 30395
8578 42139 54601 62011 55403
8579 56230 56244 22095 56223
8580 36333 54845 35801 35482
8581 54580 54070 44397 53304 54048
8582 52659 8010 13596 13471 13098 44482 12989 5134 43617 9746 54158 54188 13770
8583 57716 50608 28858
8584 56168 42169 13797 55502
8585 42161 39904 40599 43237 45475 46032
8586 36669 40624 41574 40623 41498 40622 38963 8908
8587 44526 14374 44569 13354 60050
8588 25397 8537 8910 45096
8589 43190 30313 43425 41858
8590 52888 53204 57634 54058 49540 56167 54018 60525 35686
8591 57540 56420 9631
8592 17782 7660 48478 24322
8593 49258 56377 56121 56502 56767 13262 37111
8594 36358 14416 14172 36870
8595 31189 6450 34799 35717
8596 27016 26085 60505 26148 26425
8597 13516 55093 38518 59464
8598 7126 17644 4770 22318
8599 13195 34685 34627 3679
8600 8290 8822 6262 9063
8601 40075 44702 43387 13029
8602 13570 12073 56488 12404 50382 61705 62564 38488 42206
8603 24878 24188 36540 3521 54073
8604 30050 5544 3004 51640 189 3002 2911
8605 329 30906 53845 29557
8606 29671 16356 5252 16689 17324 27415
8607 62231 31256 33029 15504 15931 6797 59765
8608 44961 13953 3640 44853
8609 6498 30694 5342 22164 22419 39884 57575
8610 41270 35443 43171 41819
8611 8599 15525 53984
8612 27830 28451 27874 27907 27908 27909 27829
8613 8903 7478 25887
8614 9518 24343 45154 47701 33116 11785 31426 30537 30538
8615 59366 45501 14077 45548 13932 59562 14117
8616 9245 6950 22602 9650
8617 46466 47507 52499 58684 5580 54151 3567 40240
8618 4259 55297 11011 48565 15101 47497
8619 57921 50850 31276 60338 17303
8620 29793 5089 24728 22212 8619 29599 24521 24453 29785 24812 24523 29609 8100 29790 29786 22672 22174 52098
8621 16737 48787 2124 33536 10202 7737 50491 27540 27533
8622 22205 649 6127 7145 6258
8623 58419
8624 27869 22821 20167 24301 22500 21238
8625 60389 56522 57183 55914
8626 15725 15756 15406 15524 11338
8627 36436 38025 55609 57924 55510 50037 47336 55000
8628 60888 60702 51221 51136
8629 33420 1879 15651 1852 2076 1837 33165
8630 9112 33402 47137
8631 4740 4607 25033 55321
8632 38408 52568 54680 39025 55372 38792
8633 43458 42913 40279 44249 41685 44527 43471
8634 21256 2489 22370 20739 22650
8635 34709 23815 40758 40212 62298
8636 62054 13228 48532 28040
8637 11242 16572 16573 17911
8638 17487 17482 17481
8639 28354 28381 28378 28382 28380 27035 28356 28447 28150
8640 61044 45555 53749 35352
8641 7183 8459 45300 33231 22368
8642 7144 29084 30819 30781
8643 43093 43114 43121 43016
8644 53523 42930 53520 41566 41564 53521
8645 40158 42516 248 43078
8646 39618 41353 40248 37896
8647 43303 13040 12763 42201 39566 18898 42444 28997
8648 36015 36737 38107 37847
8649 38706 310 60166 15955
8650 25726 52295 26005 48972 45022
8651 5163 11904 37744 4766 38037
8652 5626 55953 29294 29374 5932 29429 29430 5090 53618 25132 49848 29426
8653 8087 23165 32052 33507
8654 13042 17277 17343 27433 27432 32790
8655 10030 18117 5262 61914 18448 16507
8656 5322 8318 7721 4846
8657 27343 27203 26074 11967
8658 34938 43165 62095 47110 43163
8659 30734 16453 17059 20243
8660 37179 48533 12560 35595
8661 1885 9101 12178 15485
8662 36175 60565 14567 58019
8663 2619 2704 34761 2930 29219
8664 62158 16002 4317 35090 46012
8665 57387 11175 60362 55453 55451 54888 55538
8666 43710 54778 60337 4659
8667 45727 15684 37140 34466
8668 49472 55938 45974 45969
8669 32532 36056 11283 50938 17535 17132
8670 48925 22961 52171 7818
8671 8688 46415 34770
8672 3292 33776 46281 40617 36867 44386
8673 10314 52338 17740 16950
8674 12091 16096 12180 62580 591
8675 39379 60910 39365 41028 42163
8676 28886 31399 6730 29065 5686 28807 193
8677 47532 51832 56397 57119 52638
8678 43782 33950 62365 39699 44065 48417 3866
8679 52963 50044 27413 49817
8680 40106 43199 37059 43198 42200 53417
8681 35324 25636 25735 51332
8682 62496 46514 27520 61651
8683 47310 1453 47914 56040
8684 5029 53382 55605 39916
8685 51131 31156 47841 54124 47026
8686 28952 1315 34285
8687 16797 17834 21226 40397
8688 4818 10780 10639 10506 10681 35548
8689 11317 25225 24455 18902 29741 48374 15105 27145 25577 2801
8690 25010 24757 60230 5871 57786 56630 24428 5579 4945 24813 22709 57785 11212 47609
8691 8469 47612 25277 57667 47129 10352 25695 52157
8692 1839 30435 1705 32990 1765 1688
8693 41199 39808 40919 43303 53472 44617
8694 12028 33555 35318 5426
8695 1182 1093 14262 37644
8696 42142 40737 45421 54019 4005
8697 11902 34188 34019 17819
8698 55063 52910 4371 55020
8699 45312 57922 37620 11824
8700 52532 61018 52385 52006
8701 34189 61369 50538 50363
8702 7046 8696 51919 23061 9840 11372 24663 8439 22469 10187 8090 9124 9337 8823
8703 52388 48581 48107 31255
8704 45102 62358 61887
8705 61731 43294 10480 19759
8706 11606 6287 6063 33594 6286 6285 6102 6283 27838 51520 54487 25893
8707 57135 9196 9008 48814 20280 8478 55681
8708 50253 13237 34211 15026 58609
8709 10978 33368 10010 10014
8710 910 52044 4192 5830 5978 463 28324 15326
8711 3241 45975 3306
8712 39618 54617 42085 31234 15037 40099 43028 62476
8713 44594 40786 43548 44592
8714 55835 59604 59603
8715 55550 55114 50058 50028 54898 60584 54887
8716 53266 43975 53720 41969
8717 40764 9513 9088 9512
8718 19484 50070 20540 50501 62694 16110
8719 20277 20278 18586 18218 21217 20224 20675 18217
8720 13505 18355 21631 22411 9173 30520 27179
8721 11375 34904 51713 9769 11378 34914
8722 24371 25249 23952 24450 25160 22712 23827
8723 13476 26195 26611 41217 42119
8724 49613 49618 37303 29216 48597 36298
8725 30170 2924 23709
8726 40533 40531 40530 40536
8727 10051 10049 24676 24389
8728 47978 42012 15049 13168 46933 56634
8729 32677 38719 15933 52032 32029
8730 7568 7505 9238 7816 10052 49321
8731 20463 32318 20662 2441
8732 49288 37040 58777 50881
8733 12129 6556 30920 15710
8734 14447 57949 47519 56460
8735 33264 6908 211 53043 7278 40990 33761 54007 2379 56054 3890
8736 23013 7039 7252 22459
8737 2632 3025 3024 3001 2346 33659 30004 3026
8738 38012 3799 20541 61823 50990 62197 61323 61559
8739 61024 61247 61125 61543 10416
8740 41202 39628 41179 1348 40838 1513 44167 41923
8741 13515 49915 7576 49913
8742 58042 12119 12355 62114 62069
8743 48622 48604 48625 48554
8744 44392 59413 40581 40722
8745 46535 44378 61431 62603
8746 52410 52133 52409 5225 42195 42354
8747 37363 35689 37380 37370
8748 53367 41144 40978 53738 40434
8749 54354 22813 39613 22906
8750 34632 34622 31439 30109
8751 3662 54877 60612 55317 55501
8752 6945 7151 41189 41190 6817 6389
8753 51160 9817 6798 30691 9877 43674 10366 34167 59222 29417 7810 52667 9618
8754 17459 20605 17615 17622
8755 24630 37679 16299 38656 37660 58923 37552 16232
8756 8879 26176 52987 47722 6037 8348 23741 52904
8757 11544 47054 36146 38550
8758 26655 15098 25363 6922 15120
8759 48495 10879
8760 39384 51259
8761 50374 31028
8762 57491 59086 47351 56242
8763 57247 56795 58573 31692
8764 4121 4011 59614 38096
8765 37668 46462 47064 38863
8766 2984 2753
8767 34252 61658 12100 61425 35283 25617 60193 25618
8768 46920 46888 46889 45816 12110 51247 45452 13133
8769 1169 4327 57045 59422
8770 32627 56686 56801 1259 50547 3919 1285 35954 33226 35455 31566 3924 4008 3946 50802 27594
8771 34656 61752 58013 13636
8772 30359 54781 41634
8773 38293 37462 14271 56274 12851 12846 42220 40904
8774 29565 19507 21115 20672 29738 29460 20392 29442 19452
8775 48184 48061 58306 37351
8776 37592 48447 48432
8777 34897 62056 34900 49257
8778 46640 4066 60540 45592
8779 54295 7698 59430 38600 40196 53017 44035 58466
8780 12579 16683 12575 12593 12520 12587 12584 12669 12574 12583 12591 12578 57026 12582 12518 12585 57025 12668 12586 12577 12592 12588 12590
8781 1980 60543 51944 57594 29264 16841 10541 41009 20775
8782 13573 22264 45786 26397 17173
8783 21409 45798 21389 1337 37485 21388 21387 46366
8784 42748 58974
8785 43799 34022 61409 33678
8786 10565 18609 10553 48950 20449 26041
8787 41504 43484 39056 43219
8788 61677 61676 1160
8789 25337 25857 9794 9762 51710 24097 45343 24930
8790 38618 38066 38619 38617
8791 17120 26408 17636
8792 15573 41679 43674 31419 8906 53246 1836 14306 28878 41678 10663
8793 14823 25867 7356 12217
8794 61473 51632 2548 30235 35143 32963 47643 33293
8795 61352 15516 61661 61483 61356 15495
8796 8948 46249 36885 47247
8797 48887 48947 9400 8253
8798 3448 24620 22501 27940 35366 22565
8799 40616 41731 40128
8800 59050 56793 57038 50734 54979
8801 40410 43947 54308 40412
8802 19428 3116 19942
8803 9190 31069 54120 52324
8804 6699 16073 152
8805 21400 46902 50212 25366
8806 61414 5096 54076 45655 62510
8807 20406 9956 17017 17043 18480 9993 10104 20771 9170 18483 16972
8808 47981 57304 47659 41011 48343 4024 40119 57153
8809 9661 48621 48906 21893
8810 30511 3843 32828 28211
8811 44680 42386 44521 44517 41659 40318 41638 13929
8812 44987 45061 30555 45156
8813 38587 37780 14488 37658
8814 11905 8532 10216 8296
8815 24036 62327 31552
8816 14440 2854 26079 2853
8817 40141 52479 9071 44256 48993 52476 8552 40749 39367 56459 52478 52477
8818 38716 3131 3191 53640
8819 62665 16933 11101 17720 16540
8820 19244 18531 26043 16187
8821 30807 30825 45033 31410
8822 61233 57951 46615
8823 60519 58527 14981 58125
8824 16702 3482 57654 26636 56080 55399 57653 26634 36420
8825 26424 26466 26408 26556
8826 24634 12600 1249 7701 25916 9900 47170 29914 24048
8827 20407 28930 19133 60602 60603
8828 26679 48627 26229 26797 1607 26199
8829 56043 50567 32201 46249 29134 27615
8830 36013 30267
8831 16409 19149 16414
8832 14793 43574 43553 44610 13860 59805 54280 53973
8833 41180 39815 57973 41178 57979 39903
8834 10721 36883 19954 48687 60323
8835 33664 24860 20736 34232 37667 21998
8836 61476 10420 22440 29544 32898 9453 61323 33280
8837 26888 30792
8838 6892 54038 61426 10141
8839 21195 20942 17998 14355
8840 43278 43279 40597 53914
8841 5114 13077 23956 9162 12993 24307 24646 9300 25261 13079 24792 22363 52444
8842 128 23518 23516 22851 5470
8843 33515 46099 803 30036 33508 961
8844 62168 21701 61180
8845 15320 1161 61374 7464 12403
8846 39936 57754 35909 54007
8847 62479 51467 45758 5789 47133 36228 31672 6052
8848 39999 42322 55414 56646
8849 5471 24314 5665 10303 30241 7005 24110 5664
8850 39014 29826 29735 39013
8851 7402 9067 9957 7837 5142 7129 7022 8255 8524
8852 11015 34375 47289 47430 38383 12338 48501
8853 42433 4013 39984 1377
8854 40673 42400
8855 54721 53958 47876 39347 9536 59914 55246 41633
8856 14906 14458 14904 9872
8857 44202 44746 44747 44748
8858 40124 42186 5927 1090 23457 61455
8859 34680 12963 46369 12930 46024 46370
8860 46561 594 6517 844
8861 18444 49729 38937 20814 51012
8862 17036 19980 16917 33708
8863 61743 52785 43788 56713
8864 15119 46238 1515
8865 43765 25387 43780 43777
8866 61409 38485 36337
8867 52853 34403 35136 52916 59857
8868 20412 52788 60194 12662 12663 12697 19752 12661 60014
8869 15658 12508 15785 61964
8870 1754 5362 1755 11257
8871 17813 26413 47786 17072
8872 3327 3163 51148 3433 60705 3329
8873 6938 6937 6936 6939
8874 15383 15814 28254 15395
8875 46965 51616 40686 58337 41691 59334 51390 32400 45675 15655 46531 57922
8876 58434 20654 56297 58285
8877 17441 15165 17442 17440
8878 17484 19152 21295 16666
8879 60634 48638 60649 60627 48388 60690 36286 37572
8880 35737 3832 3809 11466
8881 27810 14464 39276 54624 35183 54627 53455
8882 1846 8850 1849 1848
8883 9158 32584 7580 8714
8884 899 47097 11985 743 45353 46111 45186 47041 900 655
8885 62040 29021 62018 29060
8886 10578 10577 46970 10579
8887 38805 59305 53468 39830 18135 53332 53044 40322
8888 37943 37238
8889 31721 24312 33421 32696
8890 48389 46265 22600 54007
8891 13412 52203 53453 47083
8892 10481 10504 43304 10654
8893 5864 45167
8894 38918 5551 1180 5553 46193 4810 51556 38927
8895 23120 8869 24798 24061 22414 22236 24403 23118 22430
8896 31005 20032 19949 20031
8897 12272 12274 8599 47159 9689
8898 6588 38884 43481 13623 13655 44614
8899 59281 55395 56934 55396
8900 32452 31631 41895 40591 40308 4571
8901 46538 29580 27132 26082 53214 46768 18702
8902 31029 45846 1033 45845
8903 8768 5326 8636 22601
8904 57922 59309 49774 59622
8905 45507 17551 21014 17690
8906 4124 44793 18971 33268
8907 61972
8908 21361 21878 19208 21300 21360
8909 54317 54309 40535 11132
8910 51926 9385 11266 11429
8911 56053 23225 20637 11565 32432 30702 23698 53961 30780 8609 1364
8912 13958 42449 51641 40930
8913 7485 8563 8259 8522 7225
8914 26105 46010 22710 4710
8915 28336 28241 28244
8916 57576 33677 13821 59595 59597
8917 28143 16688 28452 17511 16563 4925 17518
8918 30577 59955 56979 56982
8919 9175 7074 10257 10331
8920 44992 3342 51176
8921 50892 11855 58338 58310
8922 36921 45424 35785 48407 38891
8923 20537 19577 17697 16987
8924 45335 45252 5710 62447
8925 56078 2530 56079 56917 58116 42240
8926 19229 18941 19171 19228
8927 2098 112 412 15799
8928 25154 48710
8929 24545 23711 16148 22916 24067 23714 23190 23717 16151 22413 23715 51549
8930 32465 11070 5170 45185
8931 50734 34653 56317 50061 36503
8932 43317 15011 62456 44568 58475 43353
8933 40264 49027 14767 19922 44094 17365 27399 14958 60146 41924
8934 23412 16298 16745 17966
8935 48506 48486 48513 48485
8936 53625 62113 42705 33334
8937 53481 7003 54145 40258 40507 54146 40257
8938 49538 59054 59058 42605
8939 23388 8101 8705 34858
8940 6893 44171 18324 39755 21790 3014 3011 20804
8941 43946 22789 9946 46734 9696 48935
8942 21796 3581 5053 26265 20437 53594 21894 12113 28155
8943 27787 22364 25912 25409
8944 57709 60513 43529 57641 54293
8945 60142 59456 9902 57610 22761
8946 12006 6010 10641 10419 33543 957 956 3846 10690 10775
8947 37867 14542 38428 37958
8948 53984 50339 50079 51971
8949 31845 25074 46518 8361
8950 5885 52402 15329 52347 44962 44854 52504 6578 52125 52362 23589 29024 5005 5004 44858 5733 49829 51228 5764 52348 4699 5898 51220 5887 51377 1202 52649 51956 44857 52264 43378 52377 51649 5718 1049 52551 5828 52380 1254 4694 51227 53404 44960 4994 4957 1143 5827 5025 51426 44924 52550 29097 5070 44893 5765 29025
8951 48978 6923 23896 25455
8952 49608 29213 37062 48657
8953 55488 58140 37165 36017 51252
8954 41230
8955 18360 16797 18672 19732 18371 18310 18359
8956 38165 38566 37976 39164 36596 39163
8957 6967 37154 39242 33931 37350
8958 10848 60013 57375 36884
8959 51096 49648 36651 51098
8960 24950 25005 23684 23834 40915 22587 22586 17861
8961 10912 4781 32075 5381
8962 52625 35829 8909 2517 24552 52225 2999 14698 15166 14000
8963 56949 43980 50570 39699
8964 4527 23329 57218 1025
8965 21802 4750 36727 9558 28401 53202 874
8966 35078 19294 47392 36296 62361 35036 17709 47384 19288
8967 54017 53498 39267 40229 54004 40478 42853 54030 20507 54007
8968 22379 7190 45525 46302
8969 18951 16795 19043 19762
8970 42811 45027 11076 11090
8971 27369 45720 27170 26594
8972 29096 11269 802 24956 10143 7899
8973 39660 42619 12665 39658
8974 6843 50373 33791 62050
8975 53353 41289 1569 47293 45964 40107 11833 39647 39531 39543
8976 28424 61045 30129 29373 51408
8977 47979 49460 36534 49495 59536
8978 9111 8346 38810 40477 7596
8979 58050 26897 35003 58090
8980 8459 8460 4463 2377 30698 49933
8981 3646 39132 3704 39130
8982 15782 29046 13751 33196 29111 40423 31661
8983 59690 60197 57628 58141
8984 15887 1059 38844 36787 15945
8985 4601 32010 33362 34483 39476 31962 28450 28426
8986 44274 59983 54599 39698 13632
8987 58756 46317 11676 35437
8988 34215 33800 57923 59248
8989 45198 1613 9418 24770
8990 34021 46385 55937 37492
8991 6108 8154 6589 2752 8180 32745 16015 24963 32175 32744 52161 31317 8187
8992 2089 15357 417 376
8993 16741 16742 26208 18479
8994 37681 39729 35491 43246
8995 24324 7121 7571 24117
8996 52995 5106 906 53437
8997 28166 5200 5658 51433
8998 3293 34796 47555 53978
8999 9518 4575 9054 10817
9000 10524 59033 32934 41334 10552 59036
9001 3473 14733 48227 3511
9002 62201 61970 62218
9003 13153 29147 40727 54679
9004 43310 43311 43307 29485 29593
9005 52469 8359 48834 33265
9006 32401 32754 2184 2173
9007 49498 49499 26502 40901
9008 33916 34974 35020 34975
9009 16189 34186 33826 16163 30218 33925 19397
9010 29445 19201 33338 11258
9011 14917 48701 42412 60745 48702 57431 48622 48696 48695 3579 48685
9012 8659 48526 48531 8462
9013 11772 11714 10477 16014
9014 59561 59560 59644 59642
9015 24779 17051 4267 17224 19772
9016 50347 38694 57754 50376
9017 39666 39665 39669
9018 29381 2281 2391 29723 29652 29651
9019 4516 5691 36424 4383
9020 46718 45456 28493 43040 28455
9021 34740 37746 37743 55172
9022 21062 62386 20020 62478
9023 3730 32353 32351 50914
9024 37609 33942 38902 38217
9025 61732 62345 32692 21709
9026 62679 62680
9027 11835 28124 47286 3395
9028 44696 14158 42137 42381
9029 37875 36150 3706 3769
9030 58437 58436
9031 22364 16632 22740 24144
9032 8135 7709 46367 6398
9033 34055 35176 34054 61225
9034 12082 12083 45137 62492 1432
9035 49030 29886 60698 29881 2388 2707
9036 13018 61138 45709 56562 49380 1541 49429 45826 61137 45701 50843 34667
9037 58223 38475 55988 55723
9038 34924 17254 28047 28576
9039 50238 50513 50112 50279 50689
9040 52273 4809 4297 57678 19842 2949 14779 28927 57670 14543
9041 62613 44861 61129 29004
9042 13611 48096 45688 34071 34155
9043 22861 24642 24225 46583 22596 18396 46919 5548
9044 47386 56088 60620 56299
9045 49153 29323 48801 16070
9046 36705 61450 19787 36836 36415 62082 8827
9047 19773 12893 18019 26024 54785 18945
9048 22614 7610 47231 23058 8509 55961 25015 22111 2708
9049 5929 42908 42931 43525 11318
9050 57495 49916 51650 37914
9051 17332 7339 23974 27209 31734 16571 21478 23028
9052 48856 33778 45984 18259 16265
9053 59416 24033 59302 37968
9054 38022 47307 37295 40495
9055 2772 13908 33499 41492
9056 10077 9934 34156 9935 33820
9057 2776 28483 2775 23191 7626
9058 9953 25140 25139
9059 3614 29990 26093 3775
9060 38824 31936 8455 28141 54999 54976
9061 33182 61312 6190 15749
9062 47433 28931 40851 38235 28168 59459
9063 54037 53146 13859 3198 44480 50737 56051 44479
9064 11619 11598 11678 11701
9065 3284 60763 32123 32110
9066 3136 60203 55103 60204
9067 22622 48182 48289 51261 51697 35846
9068 31499 32639 15486 30387
9069 3500 39856 43239 1284 49617 49416 49425
9070 19454 20953 18293 19933 16947 16961 19607 19833 19740 19677
9071 8071 10392 33254 45505
9072 60344 50633 25699 56242
9073 56723 57935 38790 39131
9074 3812 3838 62655 3814
9075 46053 6633 46540 49220 46051
9076 18073 19943 17980 18013
9077 31891 32114 31892
9078 26914 57190 35929 57590 42211 57698 16604
9079 36953 37975 10638 36952
9080 49832 6027 35400 11032
9081 9462 13101 14907 8177
9082 51667 13038 62241 13037
9083 45335 5475 51824 5303 4960 1869 3571 32713 51353 5308
9084 56634 55075 25102 45602
9085 23986 42538 61384 61147
9086 52653 38960 54264 1997 52405
9087 22336 59287 59288 3112
9088 51789 37710 52235 48968
9089 36834 35399 59607 41859 44542 43195
9090 47705 47623 29591 29655
9091 35072 1365 1491 47440
9092 27837 27816 12069 27817
9093 60828 30103 60758 60757 60868
9094 55814 57577 62491 13649 59951 20826
9095 45364 18872 10977 10982
9096 47475 35954 61645 48219
9097 32838 32906 32109
9098 25760 5133 25761 36690
9099 42689 45127 21019 45265
9100 17280 16522 17283 17234
9101 48709 54209 42282 54372 39168 43754 44066 3362 44192 43852
9102 11259 2818 53754 8965
9103 11106 11105 7990 11104
9104 21655 26870 26847
9105 36197 46382 52759
9106 45350 45155 45199 45195 45352 45344
9107 13220 36884 56892 34368
9108 51687 4915 48448 33719
9109 14938 51113 3756 39142
9110 39445 14626 42995 12859 44537 39883 13969 41884
9111 5506 4231 32323 31918 15968 1945 693 4427 25876 459 6574 22765 153 47641 51333 6579 5108 6402 31917 6627
9112 44825 24089 8095 16197 7777 5127 23637
9113 54254 28264 831 28448
9114 52592 14936 57640 52356 52404 51182 52072 48510
9115 14341 5659 19984 19663 43994 19998 4526 40131 19662 13546
9116 60021 4798 41537 46769 5320 12395 11663
9117 59250 57169 60217 59251 59982 55231 59854 56405
9118 22568 30586 4973 5485 33117 53878 32544 4725
9119 20568
9120 54603 12073 40055 39420 52782
9121 51181 22444 37343 4531
9122 8460 42305 24084 27313
9123 16119 19562 19558 38098
9124 41672 44711 39306 4626 58798 57359 32573 42409
9125 36079 33963 44822 29597 47517 25825 11177 51940 8296 48466 2590 10978 29581 51868
9126 21188 17095 45136 16799
9127 15249 49968 29582 52031 29787
9128 15 14 16 13
9129 15947 45529 32151 41323 31567 31954 32459
9130 45942 54546 46332 46359
9131 1903 24243 39711 13138 9091 39740 23350 46815
9132 41525 41768 42571 41769
9133 48746 7924 7076 8715
9134 54340 39954 36541 41198
9135 50983 31653 31613 1919
9136 3442 37745 34291 44959 37395 23389 36593 25743 15238 4674 44869 48235 35519 44958 7210 56739
9137 44419 42894 43699
9138 36704 35407 58567
9139 28110 7645 48420 37496
9140 29329 3751 48443
9141 43073 48636 48523
9142 55149 31081 48639
9143 47829 27319 47833 47818
9144 59480 33454 14314 32740 53864 21480 13843 14234
9145 49647 36080 13222 44687 49735
9146 37008 49858 56546
9147 37793 32842 32050
9148 16662 1511 19065 5669 52681 17461
9149 29352 29711 9900
9150 1480 49684 34084
9151 11295 10073 17201 28593 25483 9640 6152 28595 9874 10125 59816 5359 6165 16620 24236 53083
9152 26378 22757 41205 27205 18242 22721 24744 27301
9153 57794 40337 31870 1317
9154 8443 47047 9781 1722
9155 56290 3991 4161 37604
9156 26306 26362 26619 27067 26590
9157 15471 35617 35556 43030 21508 44826
9158 19533 7247 57271 19814 19813 48174 53950 19514 52260 52231 19960 19959 53277 50073 19516 20886 51378 19515 50006 53125 53211 53068 7248 20902 45448 48239 51403 21112 21111
9159 61966 61596 61669
9160 46764 24393 32389 46079
9161 52880 42117 4112 41862
9162 30725 27092 26314 2847 2395 22065 12972 13250
9163 24864 24760 25166 24865
9164 16171 38804 4073 13836 14595 14485 43047 42297
9165 60871 60800 38893 57572
9166 21027 20034 17475 20804 26014 23139
9167 60931 4390 57010
9168 34961 41155 37284 35213
9169 32576 39831 41955 39836
9170 51551 44867 2220
9171 50809 59619 50806 59617 59621 59612
9172 29151 10705 30326 31914 31787 6499 31307 15971 33367 31220 549 29071
9173 61211 38581 59239 4752 59240 34735 33753
9174 47537 15071 15925 48967
9175 21235 20127 61760 18780
9176 48624 48485 48462 48574 48533 48487
9177 52496 35090 52191 42307
9178 24082 61110 23416 1725
9179 18445 21306 2177 55397
9180 15296 16630 44784 19903
9181 40592 31554 43442 43453
9182 15787 1627
9183 28198 766 1902 19350
9184 18986 51025 50090 51079
9185 58010 14475 14126 13912 14347 60051 13986 14700 14701
9186 13187 13104 13111 13102
9187 45646 56877 34723 36087
9188 45298 60810 39105 36273 45954 49239 49595
9189 54788 62572 5782 5522
9190 60488 60128 14502 13112
9191 34100 58278 4392 62685
9192 40903 36358 31434 61598
9193 51020 31078 43017 28019
9194 35089 40486 39959 39454 13636 35067 8401 35023 13858 41896 41911 40549
9195 13281 44450 22463
9196 28794 16424 19436
9197 54545 40603 39819 38629 53592 3180
9198 45055 12265 17725 45126 45172 12276 12089 20383 16827 5554 21056 45265 12003 12090 5041 62393
9199 34579 34411 39810 34417
9200 39236 39224 39238 39232
9201 13462 3375 54889 21330 3162 47845
9202 25755 25756 62112 61534
9203 1120 62389 62314 1121
9204 29894 12516 44969 52278
9205 52934 52935
9206 17516 15675 1796 59813
9207 35495
9208 44727 44729 60005 44728 42490 42489 60003
9209 3877 3876 3873 47521
9210 11271 11309 61602 23838
9211 44597 44602 39798 37247
9212 53942 7908 8362 8142
9213 52848 41663 41357 56030
9214 23451 8747 32852 31667 22954 31424 23036 33116 11788 22953
9215 8251 7246 23561 24925
9216 42270 41437 54741 43988
9217 6097 5773 6098 25061 6095 25784
9218 37248 1675 60397 58534
9219 34109 52868 14036 54618
9220 39818 1295 13184 42691 13785 36521 55739 49154 12891
9221 59852 57831 57735 55458 55858 36804
9222 60737 47262 36241 52732
9223 56853 59503 13320 58371 42506 34950 59896 50692 50625 14352 39018 42844 40913 53804 10691 53917 10731 42925 14383 14353
9224 26210 27155 40227 7509 13814 26212 27257
9225 55449 6346 9838 10307 56575 43922 44253
9226 22551 21052 7455 21031
9227 35362 24820 53947 24823
9228 33456 45923 6680 32897
9229 7593 6932 57290 30496
9230 16369 18183 60177 16245 31624
9231 22561 22332 22563 22562
9232 28832 29181 27929 654
9233 9016 10293 8875 22806
9234 7167 7322 23477 48867
9235 19564 50545 56489 24199 17803 50906 50742 55451 31777 58264
9236 3413 36612 35797
9237 271 15727 8457 11120 17578 600
9238 51024 50999 51915 29583
9239 35000 44944 62573 47383
9240 16061 15805 11198 6583
9241 9208 18678 18679 8849 47016
9242 35180 35088 35086 46566 16238 49298 49300 35091 30819 35051
9243 1085 54041 61674 1084
9244 52498 32291 13506 7774 32973 8464 13818
9245 49905 55192 45324 45202 57578 49838
9246 55950 57310 55982 59730
9247 26703 54657 11806 7778 13814
9248 54362 39806 39807 44515 53043
9249 9755 30625 6200 6094 32077 48746 6053 7605 31642
9250 16695 16642 47065 16548
9251 6177 30120 4780 38252 30831 25891
9252 9674 35461 39653 39473
9253 37899 42964 39837 4408 47399
9254 28148 16071 16073 19321 4314
9255 503 43732 31296
9256 40433 55001 59201 41906
9257 14269 16918 60870 38708
9258 34392 47242 34353 7156 1417 8400
9259 10815 56211 10824 26293 59025 21818 57613
9260 17556 56103 18573 12967 54004 5149 54035 50829
9261 62080
9262 53318 43245 49600 49599 54601 36760 54103 42523
9263 35373 43734 61441 60641 7063 30086
9264 30658 50165 60402 27398 60403 16755
9265 25603 20512 34981 511
9266 45822 28698 28518 28390 28637 32709 48622 28384 20936 20937
9267 34188 30346
9268 51945 28020 49482 51874 38065
9269 3355 31048 3385 36007 49452 48376
9270 44150 62696 3559 14644 18010 2187
9271 61351 61953 38761 48467
9272 27950 22079 51754 53452 51968
9273 29921 16980 27081 13241 2592 60880 19656 30429
9274 19239 60415 58073 19238
9275 28340 56091 30091 60974
9276 36354 33810
9277 26883 12970 17009 31460 12975 26815 20460 32793
9278 47036 61085 7213 49752
9279 27057 25095 54152 26350 44896 44921 53249 46417 44884 27290 25094
9280 8520 32751 5197 55426 19706 21504 19798 16301 43026 33437 32189 17906 41125 18949 26476 49611 8525 27772 58285 57375 60560 58292 16682 39723 20665 8653 27028 17332 49602 1750 55269 8465 3886 6983 17744 57405 58727 33073 52558 49603 18299 28513 47721 27002 49575 20616 23004
9281 32989 33990 1917 30797 45125
9282 26452 26511 26573 26389 44468
9283 53302 57715 53038 57131 57717
9284 5685 4500 32694 31966 31875
9285 61566 62669 30489 223
9286 57568 58564 59540 38810 36095 42851 59618 42852
9287 32814 32593
9288 7084 61991 9615 9007 8671 7875 7059
9289 31505 45011 30809
9290 16109 18258 28266 29957
9291 22231 33031 10326 21658
9292 43592 44549 40926 54129 53259
9293 26533 19226 31368 44925 26536 11134 14321 26539 23748 42216 56505 26115
9294 11695 33219 6586 11584
9295 40225 43023 43070 43024
9296 54318 53308 46654 40338
9297 47141 160 168 178
9298 42781 44230 56524 58377 55862 55427 49789 58471
9299 56474 30888 14178 14846
9300 34514 38470 8458 7820 22865 7422
9301 38880 37554 34338
9302 58234 16521 56450 32619
9303 54274 39788 43582 53551
9304 4933 471 4948 431 5537 51630 428 474
9305 33572 45120 53026 9748 29713
9306 34468 46356 33042 45574
9307 1470 48480
9308 29607 42547 50060 10180 2211 29849
9309 9365 7263 9364 8727
9310 824 425 61365 61966 29049
9311 33141 59241 30230 14948 30132 30101 31985 28599 31691 57533 1811 55941
9312 46503 3274 37358 38960
9313 13589 57344 386 1369
9314 27204 27247 35483 33354
9315 38658 37981 61298 32219
9316 49105 27591 27606 9027
9317 24978 58676 4712 42535
9318 11703 19527 19526
9319 27086 18114 20366 8893
9320 3934 56899 3936 3949
9321 3345 47378 3346 17112
9322 19166 11524 16329
9323 41520 60471 41413 57857 42731 27162 58650 57681 27260 41020 41009 58427 57930 42652 3061 53671 56882 57376 58610 56902 56663 14684 58666 58961
9324 3220 11766 11746 11440
9325 28942
9326 24401 25789 21269 22094
9327 19401 19254 18819 19689
9328 11800
9329 31690 3577 7241 33160
9330 26021 23934 23937 22747
9331 29612 704 27734 11340 9406
9332 31197 39096 44140 43707 38275
9333 15327 33342 15321 5897
9334 29354 44470 46461 37456 44706
9335 54995 31149 56841 26159 60284 56286
9336 42737
9337 26893 26241 21726 62593 26243
9338 13695 49436 61928 41836
9339 18252 19559 2147 17925
9340 62460 35185 36758 34983
9341 59664 54968 57106 30792
9342 41283
9343 20042 30984 26088
9344 21506 33764 18910
9345 44226 44225 7876 20562 40935 22475
9346 8686 8459 27834 8796 338
9347 13124 38368 38276 13758
9348 818 37623 35447 33765
9349 4388 4373 4389 4481
9350 2546 56433 27959 31583
9351 42981 43963 60685 44413
9352 30859 2895 23164 59433
9353 23393 21995 20543 18796 21073
9354 6296 53143 45102
9355 12186 45204 45115 45201
9356 35363 498 400 35245 45302 57802 638 15357 31258
9357 34129 33560 18057 53464
9358 40291 45036 62522 56635 42777 39880 47179 55839 62444 14618 14601
9359 6281
9360 32881 25684 33451 25167
9361 58034 21505 37663 48017
9362 46352 45271 46562 46355
9363 2474 4398 24810 30008
9364 19549 42146 16795 21840
9365 13094 55698 36379 55343 49276
9366 16944 19489 17076 46656
9367 24698 11050 22497 25763 23731 11418 22263 25762 11278 11277 22496
9368 2702 23210 23004 23830 25961
9369 42643 53990 54507 23767
9370 48411 1222 62632 48593 52186 29204 30509 29202
9371 31028 1606 57922 39742
9372 42115 39690 43991 43423 39589 1308
9373 49940 30954 5604 18464 5781 52793 45357
9374 8362 30120 50456 8685
9375 48249 48247 33890 29927 60892 30100
9376 6893 8111 6900 24252 6897 1327 26548 9503 24955 33552 9152 9167
9377 50603 52768 19957 35813
9378 30159 30928 31944 15234 32320 15205 30805 30808 15201 15170 15260 30739
9379 44231 4296 52563 44159
9380 28971 8955 6697 7296 887 4613 344 25017 249 25367 8193
9381 34951 45018 31973 46241 31757
9382 42645 37628 45593 38115
9383 52207 23879 53039 22681 53466 51606 24615
9384 56592 58651 52070 57011 58646
9385 19509 19094 19093 36164
9386 39450 3379 40471 58251 57122 49607 58416 58727
9387 51666 38303 38516 26635
9388 10662 45280 46636 10774
9389 34869 34888 38229 33958
9390 14175 14263 15060 36990 42002
9391 36231 27714 27677 22719
9392 5071 6780 5574 5299 16062 49198 6801
9393 22193 22534 23362 7727 62644 22152 24802 25213 8185 7730
9394 62378 54932 62509 34334 34332
9395 29121 24776 9314 9497
9396 54457 5687 54448 53760
9397 16293 54608 16296 16292
9398 30573 52079 29491 21525 34116 51781 30682 27076 27075 24113 48250 15121
9399 59941 59939 59841 21382
9400 18908 26637 45248 20251
9401 15638 47107 15600 32753 10904
9402 25718 24037 25873 30531 30539 21262
9403 30975 59014 41748 42500 30974 40404
9404 59745 36044 59743 59750 7960 50865 30389 57669
9405 18354 21144 18418 7950
9406 60547 61145 30222 55494 28942
9407 42880 30605 56402 40707
9408 40827 14090 7199 40828 40912
9409 27494 47480 60741 16286 16167 16159 30238 27568
9410 9017 61501 45182 10261 49130
9411 15034 36583 38245
9412 2963 11144 18684 2646 11323 16989
9413 42084 33840 38662 35676
9414 3262 53275 41660 56712
9415 30993 47147 48049 58320
9416 59490 49630 49631 59132 49644 27233
9417 14538 46541 37421 22227
9418 42741 5786 22204 5740 44749 44575
9419 42597 18548 8739 25294 29620
9420 5395 30887 46477
9421 6391 3480 48497 59635
9422 15761 791 33568
9423 42892 17161 5269 42820 17039 44310 17162
9424 35711 34197 33613 36435
9425 48097 47781 37488 34447 50132
9426 14376 13982 39944
9427 9774 10966 9169 49129
9428 11696 11715 11610 11648 11608
9429 38704 18697 7369
9430 10715 10561
9431 46719 47189 33710 46977 46940 34350 12108 35170 46945
9432 62450 45067 28560
9433 45098 36192
9434 28842 45855 240
9435 59268 58286 35699 58283
9436 12567 50726 50929 35953 61190
9437 39172 45140 60684 11992
9438 46995 46978 44508 45852
9439 13198 13670 58933 13199
9440 28105 929 28071 5903 980 2955 51681 5877
9441 13560 50210 55282 10094
9442 37902 61171 61705 36107
9443 8912 33836 4710 4680
9444 23081 31362 23950 7779
9445 8884 17705 20811 17871 17878 19839 21231
9446 2118 30964 23211 24207 8138 19887
9447 6088 2291 48170 47389
9448 11363 11368 59732 41624 3550 40669 50672 44404 44408 58475 13367
9449 42192 42193 39115 42304
9450 9567 7946 22628 9070 7268 22198 24884 8896
9451 17781 27669 18141 20079
9452 55068 34217 57728 56547 30687 34461 57806 55203 56548 30618 57296 55204 56444
9453 33461 15984 35852 24965
9454 5406 6143 9683 57336
9455 50074 19539 10126 10127
9456 30125 33881 18047 35649
9457 26492 26278 6918 17119 7389 32828 20248
9458 41543 46791 14239 37222
9459 31411 3892 605 14028 453
9460 45309 19345 45284 16057 15684 16058
9461 39587 14993 42708 30085 37175 14710 41913 42338 40250
9462 32547 6128 32472 7317
9463 60479 60081 59408 621
9464 32313 2190 12197
9465 8057 29874 17041 18025
9466 58206 31974 58615 23862 38258 32023 58494
9467 14471 37049 37048 15219
9468 39569 40613 44564 40076
9469 4713 61368 2197 23929
9470 4716 9525 45433 4717 8488
9471 48131 56665 58035 17028
9472 61265 59556 28089 61656 59662
9473 45793 7420 7419 31807 38148
9474 12865 14093 16476 41380 2249 44153 17257 14040
9475 15904 21574 15515 1987 28311 32763 16175 11194
9476 41997 25396 26274 45877 26960 41993
9477 33352 33554 48928 22280
9478 39492 39602 57763 13856
9479 27095 15376 20044 16350
9480 33450 4483 60819 34621 19082 27871 16649
9481 51875 52461 31370 15912 6843
9482 32346 42700 1336 43677
9483 9588 48871 7208 9806
9484 36755 33070 46346 31874
9485 22942
9486 7103 7898 45944 8360 48819
9487 4049 4048 4054 4061 4057 4050 4062 4055
9488 43868 54384 53006 54123
9489 8357 23184 6164 8356 49315 9441 24022 22317 6115 10188 22539 23183 2849 24516 25563 22968
9490 26528 8151 26095 27241 26234 13245 41443 61680
9491 20918 17026 62281 16921
9492 59004 23344 50427 23056
9493 25058 8483 24632 5566
9494 4003 57140 58717 14034 14035 59702
9495 547 358 762
9496 8826 29423 35618 59832 57554 8125 29366
9497 35526 43646 14514 56624
9498 35098 40575 36113 38122 59186 10810 58957 34969
9499 3719 18013 49316 27527 16254
9500 42491 43958 39938 22848
9501 46820 3134 55259 55315
9502 6975 16739 16750 5900
9503 17370 57922 17963 39392 17714 41165 17397 22832
9504 47221 62217 5238 11562 54571 47220 6488 11095
9505 48099 2928 61762 51471
9506 49368 36004 62132 1549 12809
9507 56624 27992 45683 16252 48467 43350
9508 61214 59283 42392 25219
9509 30318 27050 29016 26801 8794 26800 26750
9510 1756 23847 1732 25568
9511 2437 50914 10954 5243
9512 29856 38072 59431 38793 58473
9513 43837 29408 49871
9514 2901 60234 50831 36407 10582 4403 55575
9515 9550 57725 7454
9516 59030 61220 42966
9517 28546 40369 44708 10527 17023 42624 55908 28423
9518 30815 30792
9519 42290 44191 10460 32438
9520 27835 42462 27898 40792
9521 43656 51014 43838 54291 43659
9522 16496 20129 20042 19624
9523 47513 47335 49398
9524 1225 53419 22538 46802 55197
9525 28162 2627 31494 2383 46651 30485 2338 2194
9526 37931 51686 29162 3790 53700
9527 55521 30594 58362 30575 30616
9528 31614 32135 32468 37473
9529 4416 37534 7200
9530 2638 7380 36721 40842 10852 39418 42416
9531 60890 29589 58004 29972 59265 28002
9532 34178 34564 18706 33620
9533 37816 44811 44810 45926
9534 4207 42165 35286 43457 39495 29392
9535 43724 62102 31524 19975
9536 9391 22059 52555 16308 18067
9537 60214 2781 10147 25897 12009 24350
9538 30392
9539 32371 42052 41438 37079
9540 11476 30920 27552 11718
9541 38144 36983 36169 36043
9542 6791 15590 29058 16073
9543 52196 6648 11765 15750 11552 9080 321 11601
9544 39614 61211 31005 37749 13192 38996 60310 37333 49763
9545 1160 55758 14096 62422 61339 62453 14640
9546 288 324 30355
9547 51431 5412 4975 8169 9215 34680 4931
9548 1054 37652 20677 30090 46657
9549 59009 59118 59010 14030
9550 29516 41551 29548 41865 3344 29937
9551 56690 50970 36909 50955 56691 56693 10975
9552 34683 46550 52871
9553 30877 30823 6745 52061
9554 51456 52036 61274
9555 13782 29112 48113 37694 60219
9556 40633 39437 54606 33362
9557 23593 6055 38664 9339 36223 6033 8898
9558 28420 58025 28556 28532 29490 40010 48218 28557
9559 51533 52389 51717 5817 5578 51683 51270 51672
9560 24604 22464 7113 7433
9561 38982 38534 37170 38909 60167
9562 58094 27593 22124 57809 60207 38481 27590 25758
9563 48075 46045 27408 20038 47977 55486 48073
9564 10226 53936 36113 34828
9565 11768 24658 15506 22352 6032 280
9566 46990 32135 57922 33386 48516 40457 13347 4834 33155 10978 40467 4483 22394
9567 26073 30984 26077
9568 12135 20414 30521 62323 29
9569 24426
9570 60482 58598 60173 50120
9571 56038 56037 55883 62442
9572 9773 5746 61717 44668
9573 19645 19588 19646 20611
9574 53890 42098 53891 53365 41775
9575 36603 38993 34102 36356
9576 48609 48622 48434 37792
9577 41426 42834 54162 4686
9578 39736 39731
9579 48433 48490 48419 48661
9580 5370 6329 20119 46894 6371 378 29077 39024
9581 12329 43343 54470 54338
9582 18042 39871 46145 13899
9583 51567 34747 21849 48208 4539
9584 43136 40848 35415 30290
9585 32950 18981 16452 19676 19001
9586 10214 24926 44099 22254 26002 8633 7861 60628 25959 24307 24438
9587 56360 57239 53872 57470 57079 38560 37571 13466 40887 60465 54603 41720 42135 12849 49267 56629 55775 58046 54637 12829 41715 37570
9588 11310 32301 32559 11313 32984 24534 5331 51894 25919 32615 52439 32734 23470 32294 24537 19310 23893 11325 24408
9589 48684 38092 36342 38091
9590 23140 42754 8590 8083 3620 22644
9591 17075 20818 18057 20710
9592 52523 52349 52486 52093 51352 51341
9593 17731 39847 39828 16357
9594 2210 28555
9595 13936 13126 14019 46376
9596 22783 25121 22782 52872
9597 17921 17920 50842 50661 50662 17877 50841
9598 31217 31225
9599 7345 20068 6941 36859 48847 35994 32187 36236 1895 37398 11296 4137 9121 20820 51760
9600 14720 45746 39659 14721
9601 2410 2844 26395 26345
9602 1331 32759 49714 36316
9603 62171 3820 3839
9604 2150 32847 2143 18892 44936
9605 16262 10358 57093 51432
9606 24479 49150 25954 1747 51841 54175 25649 6256 32287 32560 7320 25648 9966
9607 40932 13996 14875 57710 41821
9608 41013 40095 40027 54014 39726
9609 11657 15667 19325 11655 11620 28198 11479 28196
9610 29922 23339 1690 45203 23759 30194 52043 10725
9611 34745 21327 59520 49867 34457 21633
9612 47748 35923 1579 12609
9613 5517 11637 11448 44979
9614 9601 25813 26351 26403 23405
9615 52515 48215 20101 17292
9616 28836 16106 31922 16044
9617 36567 39016 39289 39288 5448
9618 15479 20333 16765 20680
9619 38688 44899 51831 11434 46691
9620 36006 36791 21948 22061
9621 13804 58707 19755 56790 56792 13762 27011 13763
9622 12626 48423 9080 4349
9623 25939 5598 20477 10223 25938
9624 55174 56414 55657 56413
9625 46727 5211 7396 2036
9626 34851 48651
9627 55363 55360 48760 55022
9628 23283 24829 48833 26803 27353
9629 18566 18559 18216 17897
9630 24906 25481 22668 22952 21839 23070 21662
9631 39189 38950 56043 38355 4196
9632 21135 22323 19909 15337
9633 8952 23407 8834 8951 30468 34952
9634 23805 2097 6895 13552 43048 14113
9635 38439 13059 13310 52254
9636 11941 37289 47893 21411
9637 17248 37357 17400 60713
9638 55674 54972 55781 56914 55564 56755 55106 55318
9639 1851 18428 19518 34800 32898 26382 19551 34813 17867 26381 8263 8345
9640 36549 18770 34358 36219 38108
9641 33125 53673 25128 39676 32134 56770
9642 10184 25866 22836 23857
9643 37540 44101 36550 36932
9644 13880 14952 41117 14950 41690 14009
9645 1681 18274 19235 20391 33612
9646 48707 19068 31532
9647 37065 42805 3659 52858 38978
9648 55750 36283 860 313
9649 20706 26258 25911 23409
9650 44262 54539 54540 36238
9651 56583 42820 59040 58536
9652 17376 16578 16817 16600
9653 30336 11872 32582 12088
9654 35899 39834 40889 42173
9655 62576 52977 3870 3871
9656 59929 17340 58555 17700 59867 56726 40918
9657 15045 373 61919 62155 22655
9658 56031 50863 37163 55978
9659 62583 37760 38750
9660 30983 38713
9661 40440 26817 34075 17888 43395
9662 41676 43333 14311 53970 54150 13664 53823 41675
9663 19546 17189 26342 27096
9664 61117 50220 56456 40813 57436 13725 40812 50645
9665 51166 31521 31562 30477 31569 32289 10914 32099 15590
9666 23034 59963 8460 8459
9667 33293 19349 32474 1804
9668 28821 46056 51140 45900
9669 3397 31298 953 59711 59244 55055 59794
9670 35492 55620 50771 55509
9671 20376 20245 17758 20380
9672 58433 39058 38870 2381
9673 60692 60686 10873 10872 23539
9674 40448 40322 40545 55618
9675 15896 15347 61635 16017
9676 55340 54722 54723
9677 61924 17347 17809 17346
9678 38003 37723 3429 48720 3339 38001 14569 1526 14032 53776 38002 13061 35709 59909 14388 1553 14871 36635 15048 36165 38877 14537 36636 14371 13060 3282 37820 59440 3177 14705
9679 49285 44847 49256 38346
9680 59315 50612 56657 50125
9681 4152 4003 52275 53455
9682 16442 6193 56212
9683 46938 6625 6482 45892
9684 29337 29816 29322 29641
9685 51758 44472 23174 10012 5875 55735 47686 5777 49957
9686 37293 61152
9687 57602 34188 43022 36094
9688 29564 56634 55813 29480
9689 48848 32029 21825 49206
9690 19327 6707 12048 61514 61375 15497
9691 16654 20806 30470 22798 5384 20146 18871 19363
9692 32555 22680 24080 30834 30984 42057
9693 48467 48410 38149 48597
9694 37068 39085 39319 61362 37147 12844
9695 21370 36522 61804
9696 30706 2880 11802 30960 10194 12056 32991 14362 33202 52450
9697 47844 48060
9698 8313 8231 8909 24447
9699 13164 8277 59712 12912
9700 16206 27503 27504 28695
9701 18578 9790 20520 18567
9702 48477 51920
9703 44638 42730 42369 41563
9704 58026 58543 58542
9705 53949 30591 49708 29583 59023 48403 55428 6917 37414 59022 31083
9706 25319 25860 10157 10137 25861 10156
9707 9199 27685 9921 9013
9708 40761 34188 40762 3548
9709 11725 27590 2171 11527 47853 1040 20250
9710 8474 8107 8908 29510
9711 13274 4487 22599 32419 53358 9709 29974 29895 7640 23035 2350 30087
9712 26062 11287 20922 2290
9713 56534 37444 27436 42693
9714 58978 58979 60272 60271 34121
9715 60470
9716 24159 30866 28365 46616
9717 56059 57350
9718 51966 52582 52616 51768 52293
9719 36723 49561 49560 50648
9720 46983 38573 35974 52222 21882 38395 4229 30826
9721 56585
9722 20499 22877 47281 16708 19369 26748 17676 19573
9723 2571 57954 2990 2217
9724 20046 40290 21690 36774
9725 52223 4298 51354 51295 52045 51394 51924 52681 48717
9726 4682 4919 36761 4738 5401 19224 5839 4665
9727 50577 38857 57536 47992 55062 54917 47800 50223 54928
9728 40596 53331 54597 58981
9729 19077 46026 57894 36637
9730 44324 13798 14063 41052
9731 19144 19977 38111 19225
9732 26348 21079 27464 27467
9733 51820 34916 30207 34849 5110
9734 7802 16973 11982 11439
9735 37961 45807 46989 46075
9736 39148 42464 34623 53064
9737 62108 61589 62070 61939 33743
9738 56636 53359 59583 13589 14764
9739 52117 31404 38397 27121 38184 26711 51328 31373 52034 26137 51950 52595 41236 27137 60662 27097
9740 2558 52351 61048 35181 52593
9741 53664 9952 45058 43197 42 6559 8069
9742 59296 35700 30367 59295
9743 52108 55656 55614 52680 56376 47706 53453
9744 60165 58900 52489 59997
9745 2508 12446 2560 2562 2553 51546 47891 30096 47660 40958 2550 47890
9746 46035 61775 37328
9747 42696 59399 11780 42685 56997 43253
9748 24245 51374 52239 17368
9749 39318 34528 18722 2900
9750 52367 39010 51955 52365 12315 61965
9751 55677 54153 45628 41533 48483
9752 17266 17509 11770 17221 20506 62101
9753 27466 9948 26510 51943 27465 51654 15104
9754 29393 51885 29302 36726
9755 20607 18353 20089 24294 22627 20090 20462 15096
9756 3803 47336 46927 11925
9757 48606 3639 51151 37419
9758 14195 5409 17018 33011 21191
9759 31469 31465 31538 31467
9760 27127 26772 21456 39436
9761 43708 24474 40659 44293
9762 27573 23747 10843 22800 24595 22389 25290 25291 20750
9763 54186 54187 43027 13785
9764 4475 60883 36154 59568
9765 55839 43065 56616 43063
9766 19157 17211 16834 19156
9767 23047 25904 7337 56725
9768 11558 11722 46204 45857 1888 48552
9769 26172 44050 53642 5606
9770 12413 5131 45007 11187 48391 48381 45302
9771 46334 22891 10153 45562
9772 3315 3387 3378 2894
9773 40529 54566 34753 14954 21884 14365 1198 14102 54563
9774 26982 32304 44786 52228 27344 29525 26682 26984
9775 55036 29880 30991 29879
9776 50017 51077 50053 50803 51001
9777 35810 46172 42066
9778 38089 2542 2267 25360 9378 38594
9779 56532 47903 56378
9780 27210 8065 22711 14372
9781 13023 60111 54753 60113
9782 60900 58879 50866 60902
9783 58922 47432 53315 61596 22814 58935 31212 4053 42142 4052 31214 53317 31224
9784 26745 27022 27168
9785 30886 13577 32636 5152 17045 5048 57530 56602 32445 6991 22795 7360 8161 30873 32705
9786 33335 5148 53166 53086
9787 1171 4333
9788 39707 54856 11241 36513
9789 25069 45764 45755 9238
9790 51991 40642 52067 790
9791 1447 23801 54847 21153 16330 7187 46362 25259 46340 22298 34448
9792 43041 41878 41887 22988
9793 4756 18632 6900 7619 38482 18581 41111 18597 28905 35465 20118 20699
9794 27530 18821 16209 3230 2215 17824 33164 16173 30929 30945 32176 23792
9795 62091 62092 62089 61789 61788 61629 61787 56757 13949 56756
9796 43070 43146 43029 43014
9797 54700 44849 50309 50297
9798 38547 38050 38553 44742
9799 11805 1708 33698 10926 33309 1989 2060 33311
9800 3055 35225 23089 10806
9801 37450 45985 1160 40072 38882 35042
9802 41 13200 35315 57921 44891 26 42647 15019 40602
9803 13465 50436 47752 42280 62665 62677
9804 2506 8517 52519 52060 18621 50657 26272 52347
9805 5955 48919 38733 38869 41408
9806 33896 33899 61597 14029
9807 28171 60124 57626 31341
9808 20297 20228 19563 20556
9809 4521 3580 4395 4531 3180 4394 60956 60855 50533 50532 55069 60817 60957 4444 60160 31073
9810 36181 13787 46501 13994 38075
9811 42106 41472 1198 36343
9812 47481 48207 54455 54444 43273 48120 42248 53006 54453 42363 53239 35862 39678
9813 31744 16595 31747 48449 20077 16825 16819 17240 4391 31743
9814 36023 1533 3435 57921
9815 6984 9050 27320
9816 21558 10870 21671 21578
9817 35887 12929 26607 53511
9818 37264 48226 48287 54724
9819 51299 38839 52964 2432 51198 37588 29987 51690 31042 56872 41161 51370 3642 52968 1333 3244 51689 37804 49750
9820 21836 6194 6275 15815 25383 17522 27159 17523 701
9821 8181 24230 37854 25480
9822 48467 52725 4485 3343
9823 24416 22272 22289 22763
9824 60090 41376 13865 55447 54370
9825 2105 6109 6110 2018
9826 11859 62648 36294 1897
9827 41771 22118 44532 41075 57427
9828 11216 11423 5772 11281
9829 10487 12173 60830 24805
9830 11501 6205 2541 3092
9831 62106 52401 54000 14254 58587 33017 51954 51916 53683 33318 60618 32027 51608 53656 54843 52194 14212 51290 51464 15027 31934 52560 56724 53078 53595 51349 51917 14146 61438 53565 33374 52559 52258 14213 13549 53237 15031 33373 58216 51572 32706
9832 1909 1735 10626 15941 32365 1867
9833 6767 17681 357 25378 26163 12261 16809
9834 35150 34702 47338 38952
9835 53523 54030 13182 41631 47451
9836 56911 45387 59845 45420
9837 20247 21015 23019 46303 21210 28663
9838 38013 43151 48205 42957
9839 28688 10056 12040 3822 3853 8421
9840 3072 11919 52950 37396 3090 3094
9841 20045 27550 18008 38416 18826 51628
9842 2860 28711 5944 5289 22548 22701 23073 2992
9843 39100 22612 14697 7581 34716 34137 8304 35225 56740 46717 44303 32559 46716 15176
9844 30803 28232 31885 30433
9845 19722 48601 26726 26572
9846 15945
9847 48363 34225 50617 59257
9848 55856 12547 61383 48358
9849 44044 41643 43792 44434 42110 42642
9850 1241 46589 35561 14400 47409 31184 12637 47265
9851 39937 54595 40101 61137
9852 10867 46299 51232 51379
9853 5271 10097 9995 9996 10098 8251
9854 12869 13346 61983 57948 58831 43543 57460 1119
9855 36133 39157 34713 50972 37193 36144
9856 28330 28329
9857 14946 56847
9858 42515 42071 42072
9859 157 29053 16064
9860 21571 19746 21594 21598
9861 42770 43007 61496 59041 1597 42626
9862 49340 33574 33575 31868
9863 49453 8506 17527 41031 54043 44608 43551 16875
9864 10576 13212 13204 10461 31066 32650
9865 60022 57781 60077 55935
9866 33383 12240 23598 11968
9867 25092 23754 24355 25042 22582
9868 21455 21507 26283 27493
9869 19343 25385 17326 15626 20134 20133 10623 19322 61033 10534 17325 15596
9870 45078 37255 12294 15553
9871 53740 31113 34665 53505
9872 1443 48647 2770 7836
9873 47817 38872 10789 36292
9874 25436 23835 11250 24857
9875 30832 25680 25881 6592 52383 25186
9876 17542 17507 17335 19254 16794
9877 48186 4731 44819 29080
9878 52581 26423 18650 26421 26422 24038
9879 8608 13226 56638 8973
9880 53621 9885 10089 10158
9881 37939 47418 55322
9882 24262 41722 52945 55877 54985 46825 24982 22103 25288 6872 11456 8553 8515
9883 21060 19807 20314 20315 17695 17696 31363 21130 20019
9884 27040 27038 42155
9885 50641 43222 34516 57562 61423 60936 55577 59204 50912 56814 40320 60729
9886 48929 5927 25557 8374
9887 6223 48946 30411 12453 10491 62489 10485 10716 29998 10423 10741 20435 9859
9888 27058 5123 27062 422
9889 30953 61881 30908 61800 9202 18059
9890 2101 39673 39629 57002 14654 47750
9891 11056 22462 22392 61063
9892 41398 9269 41390 41290 42159 60759 60801 44199 46338 40705
9893 12805 50368 56822 54947 37132 39958 54035 53050 54060 54948 39900 54074 60827 50380 50372 4213 39818 3229
9894 51621 2051 33413 47639 2031 1845 52591 1741 2050
9895 24819 27310 24150 19682 18041 19617 2616 26044 20578 19616 17457 24149
9896 3933 44228 54771 13185 36088 41770 47294 56114
9897 38402 38109 38404 36461
9898 55312 4972 54102 41830 13063 39631
9899 4532 48505 13008 49372 4367 52766
9900 59632 29917 62183 22919 36099
9901 30213 30637 39743 2612
9902 40017 13705 42831 40817
9903 164 29167 83 31983
9904 50315 38078 38770
9905 54005 34260 34254
9906 35925 50430 10108 55210
9907 32591 32032 32589 32903 32031
9908 35103 35101 50642 50568 57164 11978 12234 55010 56830 33752 35219 3206 35287 49713 3550 12181 35221 60201 50242 35292 55153 57166 35136 62329 10842 26604 55492 4182 35264
9909 37528 34639 12176 37013
9910 47004 41505 37998 47005
9911 36363 39400 56221 26605 37448 41710
9912 2816 46314 38620 2817
9913 45426 46858
9914 49188 9880 27454 25768
9915 35220 42702 61145 62539
9916 27420 27449 14100 48771
9917 32691 32813
9918 16124 3450 28255 2440 16097
9919 43111 35402 39752 40927
9920 13217
9921 50432 34290 61927 14351 57202 36071 60258 38386
9922 32072 4226 32395
9923 28616 28707 28588 28531
9924 18748 16617 40552 5222
9925 2476 29921 13574 31988
9926 25398 1991 15348 54092 35636 54086
9927 43408 43851 42149 1053
9928 44415 55382 41605 54782
9929 11227 3834 11142 23877 25698 25302
9930 5850 49438 49235 30484 8626 49122 49242 8913
9931 22956 11488 15409 15428
9932 54680 61268 5516 8860
9933 38580 1106 45401
9934 35521 36514 37246
9935 59322 47152 46795 56720
9936 22422 49421 52566 25744 29089 15512 24336 30253 907 375 45572 27868 24323 15099 38113 27860 22802 6159
9937 31772 4733 31283 6080 30424 15983 15886
9938 52940 37703 56591 56001 37085 55495 53244 36250 52941 49342
9939 22944 22737 22258 24988
9940 53220 44685 3597 53042
9941 59998 50823 49467 51052 56269 50117 51067
9942 9772 9226 8615 8600
9943 54731 1257 48508 58566 53437
9944 13440 3358 3927 50020
9945 55759 60718 55569 60896
9946 35146 3607 38503 45663 35032 3776 21908 54357
9947 16690 6232 2546 47058 6073
9948 46578 8142 7473
9949 48604 49592 32066 33225 32425
9950 33516 33551 44829 44935
9951 12914 12957 13786 54423 13826
9952 43858 28676 28395 28784 28783 28785 44327
9953 37084 36060 38789 38340
9954 44451 40649 37894
9955 26680 27516 2472 3993
9956 42735 3748 59774 40741
9957 39212 37938 37650 48469
9958 25872 27782 27750 23406 51436 24190 27800 27839
9959 36329 41467 35918 42294
9960 38763 3507 38495 19085
9961 15961 30952 30917
9962 36383 17831 13995 17145 41302
9963 9985 14594 49182 9818 8468
9964 33829 16880 60798
9965 48251 60914 3352 48229 60884
9966 26251 27261 27235 26202
9967 62614 20695 61088 61813 1305 18081 476
9968 57416 3429 48119 48011 55134 58675 57920 56991
9969 30984 30986 59016 30883
9970 2660 30712
9971 52001 31268 45831 703
9972 36657 59740 34341 59738
9973 34243 48357 34352
9974 40132 39871 40378 39746
9975 33696 9614 6025 57111 34284 23558 46807 37275
9976 42475 42471 42911 41195
9977 104 2251 30179 78
9978 30491 28348 8238 17207 27437 19800 17599
9979 483 258 28972
9980 27183 17087 41223 9869
9981 27175 21580 50034 21584 26802 4043 20703 21462
9982 45316 45359 44998 45088
9983 57228 49522 52671 12522 47269
9984 32649 31843 31842 32215 31627
9985 49811 9210 2518 33109 7157 52083
9986 31745 32557 6719 6367 32421 31459 31617
9987 50098 13683 12654 54762 13962 13712 54909 55648
9988 35124 20704 23980 31105
9989 4309 1684 39225
9990 30936 61922 57500 36201 3127 28278
9991 1386 43247 42524 12948 41355 25790 42182 42180
9992 27242 26491 27255 26493
9993 48236 47109 48194 36999
9994 36352 12817 2773 33842
9995 28823 57702 56823 58124
9996 58310 14405 43424 42502
9997 61269 34493 58302
9998 5713 31979 51643 32308 61266 6462 25265 25453 2096 61381 62316 10764
9999 25111 25123 25106 25112
