0 2269 18140 19725 30088 34387
1 48410 48413 48627
2 36661 37266 37273 59155 61642 62188
3 14128 14412 22958 23237 23584 24490 26006 39440 40767 54206
4 39266 41166 41268 42492 60715
5 4198 48463 48469 48544 56561 57321 58092 58897 59417
6 48078 48126 48180 58146 59784 60236
7 6240 22550 35627 36035 45594 46129 48051 57920 60421
8 2348 4938 26357 26542 27227
9 35048 35318 49441 49442 61726
10 12621 12659 12728 34039 61528 61899
11 3581 5053 12113 18024 20437 21796 21894 26265 28155 47652 47658 53594
12 430 5335 6485 29782 31207
13 35030 62400 62401 62417 62502
14 13294 14972 38765 43306
15 5127 7777 8095 16197 19375 23637 24044 24089 44825
16 33184 37290 37848 40340 49263
17 28834 35210 35270 48512 61160 61803 62164
18 16041 23621 24379 31937 32664 33083 33439 44604
19 33176 33177 33179
20 4445 4486 4515 36782 45500
21 2289 2611 2671 19258 19262 19287 30045 30106 30559
22 12268 23399 24390 27953 27988 37369
23 37871 38940 42452 42812 49882
24 3262 14447 36627 47519 56460 57949
25 1326 1495 1560 51164 58569 60626 60668
26 12750 14396 22601 22615 25317 25863 26865 27291 27306 49271 59462
27 4722 4733 6080 15886 15983 30424 31283 31772 33199
28 14239 35792 37222 41543 46791
29 48444 48445 48449 60678 60691
30 40566 40760 41708 47388 50322 55082 58248 61109
31 14773 22929 39751 42817 54597
32 1380 1418 1522 50732 62717
33 16696 16755 16885 16886 17246 17788 32611 32699
34 55392 55914 56522 56608 57183 60389
35 3047 3655 5636 19690 28668 60678
36 2315 2909 2910 28412 46057 46301
37 2256 2567 2615 2721 61966
38 4790 5255 18205 24755 24919 48595
39 15616 15876 22744 24752 25048
40 2879 2880 2995 10194 11802 12056 14362 30706 30960 32991 33202 51779 52450
41 36651 49648 50948 51096 51098
42 15937 16021 16494 16704 17284 20030 27662 27667 33535 58310
43 25014 33808 35405 36841 50282
44 38198 39310 39546 40351 53042
45 15816 20170 20711 21782 24077
46 2412 2675 2997 3031 9343 22192 48909 49933 55117 55736
47 9841 12109 31592 35937 45535 46474 47015 52557
48 2129 30649 35387 35434 39764 40441 41722 41827
49 2198 7159 7243 7557 10170 13081 13871 14120 14286 14561 22609 22867 23983 25008 31488 31765 39374 39523 55280 61898
50 13820 14080 22518 24283 25054 25055 25914
51 50029 50130 50493 50507
52 7024 8404 22601 22608 24608 24609 24623
53 41899 43877 44323 44347 44423 44768
54 1131 1264 1504 13442 35967 37390
55 2297 8132 11687 11756 15932 17877 24193 25004 53403 53421 53422 53842 53843 53844
56 6189 6191 8322 22890 25493 50306 59311
57 4758 4762 4900 4901 4902 4903 5495 11407 27586 27676 27697 27718 59234
58 6944 7742 11256 16948 17438 18834
59 18242 18437 22721 22757 24744 26048 26067 26378 27205 27301 41205
60 25346 25348 25355 53932
61 26100 26271 26553 26554
62 9027 39254 39270 48864 50147 57776
63 20349 21743 37269 37997 49672 49679
64 4488 26906 37811 44357 50680 56631
65 13410 13411 13892 37971 37972
66 1777 24125 25477 25967 32404 49388 49519 49520 54707
67 7840 13769 14780 27384 27443
68 526 861 1015 6833 19013 21190 32360 33825 34143
69 38680 44664 44665 44666 44667
70 5001 5809 6713 6714 9526 28879 46950 48125 51787 52454 61411 61412
71 34956 34997 35358
72 1773 8905 8907 30444
73 23888 23889 31039
74 617 6491 15459 28973 31857
75 4618 4782 4838 5024 5050 5057 13091 13879 14014 14753 38334 39744 40409 40797 41206 41736 44321 44879 44963 47789 48007 49247 49701 49702 49703 49719 49723 49726 49730 49737 49738 51336 51489 52315 52434 56472 56748 58525 58611 59139 59372 59920 59960 59968 59971 59972
76 39428 39802 40426 40475 40565 41706
77 3737 28168 28931 36881 38235 40851 47433 59459
78 47483 49509 50996 51034 51152
79 564 19624 21773 21963 22082
80 18297 18478 20289 20592 21910 27553 33669 33817 46201 46374
81 5136 27844 31450 35513 35821
82 8458 10341 12063 22231 48773 48810 48937
83 4502 21321 34395 34515 45698
84 5998 5999 6002 6028 6048 6064 6068 6070 6075 6236 15732 15897 16000 17911 20162 27889 27897
85 7699 8601 56634 61475
86 22036 22090 29613 29738 35006
87 18338 26247 26658 28371 28743 40265 44292
88 1987 11194 15515 15904 16175 18347 18357 21574 28311 32763 44871
89 19408 44484 46081 55777 57266
90 2154 20423 20633 20812 31275
91 12839 12961 31004 35816 39618 40129 60031
92 7183 8459 22368 22602 33231 45200 45300
93 12559 27948 27993 28035 38697 39261 45599 58037
94 31627 31842 31843 32214 32215 32216 32649
95 58007 58822 58824 59479 59499
96 2800 2893 18943 19155 27185
97 2663 7059 9754 12968 23622 51982
98 6702 15604 15605 16123
99 40279 41685 42913 43458 43471 43520 44222 44249 44527
100 13946 36632 55764 56850 59316 59317 60239
101 14012 14382 14481 14686 15046
102 17639 28900 30860 32300 35614 43921 46083 61635
103 39974 61710 61936 62059
104 1069 3647 56971 57971 61232 62396 62421
105 14361 35487 39750 43074 53044 53729
106 26072 26073 26077 30984
107 2253 4438 18713 31475 32132 32133 33658 34194 36685 53057 60895
108 11136 11957 20258 61346 61668
109 41814 41818 43015 43070 43097
110 4459 19295 21467 23059 30897
111 23768 35365 35375 40784 42934 43238 53031
112 6882 11943 39873 40378 40618 56019 59062
113 7726 7731 23730 24177 25060 25289
114 22280 23038 33352 33554 48928 48934
115 4477 34225 48363 50617 59257 61499
116 7134 7857 22178 22380 22730 22760 22778 23015
117 3786 7666 17786 21752 21799 27391 34454 38864 53446 53447
118 55493 55514 55786 55916 56938 57408
119 13185 35807 39405 41497 58677 61930 62131
120 15490 20275 23752 25139 33404
121 12855 41721 44757 44758 49770 56387 56450 57755 58749
122 1982 2011 9439 23300 24539 49022 49092
123 39817 39822 39823 39901 40091
124 23030 39290 39291 39386 52575
125 30704 30780 30811 40568 53345
126 42198 50463 53219 61231 61276 61598 61606
127 2209 2371 3102 4237 4242
128 34826 47248 55967 58409 59757
129 22904 23181 24273 24652 31333 61355
130 10420 14027 16478 16771 31456 38802
131 30984 31794
132 8962 9686 9917 23898 23899 26867
133 33020 33021 41435 41871 54248
134 1048 1058 1445 1672 2208 2298 3006 4256 11826 29858 36202 37066 45660 45703 45918 47989
135 8362 12562 13150 23553 36149 51620 53754
136 44863 50079 50339 51971 51973 53984
137 1428 2579 28729 28736 28737 28741 29942 51419 52076 53298 53976 57777 59027
138 5099 5276 5701 9206 9931 48861 49949 49963 51733 52615
139 4800 5716 6969 15161 25565 25604 50687 52259
140 1243 1399 22967 29849 36245 62441
141 646 15346 51960 55704 55848
142 6787 15804 45545 45546 45547
143 8030 9582 19552 20392 20596 48764
144 3743 36109 37387 41377 55610
145 4269 4288 7545 7566 24473 25089 34189 34391
146 327 457 566 587 633 635 3136 28132 31297
147 17020 19012 19536 19626 19695 20039 20041 20287 20405 20415 20617 20882
148 1569 2676 4212 11904 12417 12640 12641 26756 26990
149 18166 18210 42548 43578 44152
150 11593 15507 15661 28960 29000
151 34955 36726 38874 47440 52700
152 6045 15798 24824 28229 31509
153 18768 21336 21337 21855 34624 47505
154 2514 47562 47616 47625 52292 52294
155 22210 22620 23444 24723 25338 50695 53176 61126
156 54998 56049 56112 56113 57187 57272 57414 58250 59773
157 49466 49474 51046 61689 62631
158 4765 5794 7814 19952 22879 22880 27683 28120 41982 44494
159 582 817 10912 12289 31660
160 1581 1669 13633 48508 48587
161 28581 28582 28583
162 4006 33699 37045 43182 52712 53432 58187
163 171 568 673 1999 29057 30361 31251
164 4856 5346 29246 35509 39149 43696 43697 45167 45190 50490
165 9112 16074 33402 47137
166 17827 19221 20684 23662 23664 24496
167 1242 15436 26194 31440 48345
168 217 3268 8638 11989 47822 49767 52696 60779
169 4875 7886 8353 8361 11400 15385 16112 16144 24616 27218 30676 48768 48802 48949 48953
170 11598 11619 11678 11680 11701
171 6315 22239 22355 23565 24137 24947 31938
172 494 34773 34902 34909 46119 46121 53908 54436
173 955 956 957 3846 6010 6386 10419 10641 10690 10707 10775 12006 33543
174 7645 27330 27796 28110 37496 48420
175 1361 1539 41972 43313 43332 48510 48620 56832 57484 61706
176 22925 31671 31673 31702 31784 32386 33376
177 31036 31057 31063 35320 58953
178 4912 21537 26291 26400 62186 62404
179 3854 5468 15271 30627 37373 40186 40804 44032 47981 48145 53979
180 3972 35822 58294 61291
181 1633 33905 33907 38257 49588 55954 56490 57373 60388 61407 61485 62668 62679
182 807 6340 6968 8273 15448 30734 30788 30946
183 34459 34612 44569 61472 62248
184 8358 9291 17691 19938 20503
185 3708 27322 27323 45302 61334
186 2100 33154 35893 36986 55072 57497
187 2638 2896 30303 31273 46490
188 30261 30339 30984 31259
189 42071 42072 42073 42515
190 2141 17967 18747 18761 18861 18867 19359 19631 20416 26788 27262 28462 28463 45560
191 15899 31240 31281 44915 51416
192 13912 13986 13987 14126 14346 14347 14475 14532 14700 14701 58010 60051
193 608 2139 4203 4204 7166 15474 17955 18089 18561 20666 29190 30796
194 1791 1797 1914 2061 8548 17361
195 36735 54970 57810 57827 58288
196 3874 29908 34035 34958
197 7934 24724 24944 25058 25193
198 28806 33797 36145 62082 62704
199 1064 1071 1077 1156 1300 10602 32731 36284 36305 37014 39756 42131 47395 47450 53777 54321 54322 54323 54324
200 1478 13385 13479 13634 15039 35117 40195
201 55991 58058 59326 59327 60048
202 12196 33895 45730 61318 61467
203 2088 7384 7680 11040 11082 11270 22275 25323 28754 32764 33120 33388 39906 40525 58148
204 3594 3685 39986 43687 44092 44283 44284 59651
205 15932 16072 16080 16382 16383 22268 28242
206 478 18173 18422 19624 19997 20095 21384 21841 32816 59342
207 11794 16273 18467 48775
208 36290 36349 36877 37146 37149
209 32179 33370 43830 43833 48893 48932 53992
210 10656 16864 19041 31572 31899 32150 32387 32512 32653 32899 33573 53075
211 16797 17834 19302 21226 40397
212 1941 3896 9168 23948 24206 31401 31948 45146 53001 55013 55015 55088 55089 55481 57660 58702
213 7249 8755 29938 31739 38467 38539 38640 48749 49930 54110
214 60578
215 41589 41922 41928 41946 43660 43661 43662 43923
216 6957 6989 7000 7181 8924 10394
217 1274 3181 3462 37411 40393 40936 55052
218 9120 11809 25561 39464 60646
219 14379 23431 33546 58382
220 6986 16982 17066 27067 31725 32284 32698 34675 56120 56929
221 6439 16566 22937 23556 23557 24624
222 6822 6823 6828 28215 28475
223 12418 12535 12623 36720 36930 37228 48531 57289
224 29944 36688 36808 48034 49320 50249
225 31023 34061 44349 49434 57461
226 16823 37247 39798 44597 44602
227 10558 34188 35249 35275 44662
228 2197 33774 34885 45369 48469 48498 48508
229 6665 15615 15885 31963 62150
230 3285 30473 38689 46368 52692
231 6023 33496 33513 46660
232 36384 36728 36729 37305 61583
233 988 27729 27736 27739 45406 51179 51180
234 13673 14196 14572 14573 26816 26908 26925
235 394 395 821 6083 11483 21624 27056 27447 28734 30547
236 16274 16321 31473 51748 54040 57922 60042 60333
237 5373 21280 21282 26548 32466 35106
238 15952 28817 45497 59701 59709 59904 60346
239 45387 45420 56820 56911 57758 59845
240 33754 33827 39449 46006 46647 54768 55436 57973 58482 58507 59553
241 23107 25267 40098 41417 41778 43383 59695
242 2278 6452 10418 16281 19503 19790
243 1811 1842 14948 28599 28600 30101 30132 30230 30427 31691 31985 33141 55941 57533 59241
244 6282
245 21455 21507 26283 27493 27497
246 22095 45121 56223 56230 56244
247 1524 2378 2477 14891 14892 16757 16814 17003 17874 17891 17972 17974 18109 18110 27873 29960 30010 43006 44007 44008 44009 44033 60730
248 16795 19549 20120 21840 42146
249 2324 2764 2765 9819 22961 25524 25573 25689 32926 48899
250 22838 24512 25376 37426 41697 45913 54199
251 13516 14673 38518 55093 59464
252 632 10915 10916 16139 24441 28799 28893 28904 29124 29183 32212 51491
253 2432 10888 20685 21266 27280 29829 45739 47010 54620
254 15479 16765 16770 20333 20680
255 14909 30175 36820 38822 57005
256 19890 20252 20709 27996 28722
257 16234 21981 31585 32208 37100
258 15379 25832 31718 31719 32934
259 1226 1227 1520 3701 4789 22229 29520 31855 48074 48449 49803 51373 54120 54516 54701
260 3057 3726 9836 10291 18893 38279 47590 47591
261 1795 1979 8828 9108 11222 11260 24842 33394
262 800 801 836 837 6514 15384 15603 15793 15953 16022 16111
263 1175 6727 16137 17751 17752 25988 25991 34751 46155
264 2696 7500 7526 7562 7982 8447 10906 10923 23839 24220 24229 24477 24483 24694 25079 25335 25440 30541 30543 30546 48897
265 11744 11745 28571 30599 35612 37453 38807 47508 49500
266 9850 10314 16950 17740 52338
267 397 37295 39243 43212
268 2855 9219 9464 10370 17848 35493
269 188 9473 9783 23342 26572
270 10924 21260 22600 22749 25137
271 618 13148 45443 45464 45492 46549 46618 47126
272 36958 40067 41462 42970 42971
273 39800 54463 54581
274 61426
275 34132 34360 34389 34606
276 21209 42388 50589 56946 61593 61655
277 31139 35659 45484 45485 46060
278 3825 9675 10404 11060 15355 20015 27478 61785 61797
279 5854 6790 7445 8458 12432 29358 38009 46022
280 833 6277 26898 26899 60337
281 7718 12713 13780 22101 22108 22109 22840 32971
282 258 464 483 28972
283 30212 31060 36318
284 4028 11052 11169 14043 14048 16853 19435 21519 26120 26420 26489 26649 26651 27068 57496
285 1007 34086 45014 46052 46141 47202 61330 61586 61798
286 7256 16899 27364 39815 48852 48995 53041
287 9989 15492 15696 33198 34335 37762 46279 46429 46748
288 511 20512 25508 25603 26806 34981
289 6948 6950 8581 8990 9178 12344 12354 22101 22380 22566 24914 25188 61872
290 2390 2460 2465 2477 2494 2522 2578 2624 2631 2661 2679 2709 2758 2815 2854 2859 3008 27973 27974 28007 28037 28046 28052 28060 28065 29855 29888 29894 29949 29950 29997 30001 30002 30011 30012 30013 30028 30076 30089 30111 30115 30124 30137 30138 30143 30150 30182 30215 30216 30219 30220 30241
291 3286 11834 47365 47367 60752
292 7226 7537 8027 8485 9728 23202 25959 50143 52122 53245 54513 54664
293 22124 25424 25758 27589 27590 27593 38481 57809 58094 60207 61927
294 21246 32857 33113 33385 61514
295 3492 34872 35184 47958 49403 57645
296 18909 20046 21480 26328 26344 26547 61866
297 6027 11495 12504 17986 20042 24576 47441
298 34851 38655 48651
299 3574 3578 3584 3592 62688
300 1429 2342 11518 11614 11645 11647 11717 11720 14202 14441 14477 14659 14757 14818 30205 37315 41294 41538 41539 42869 43611 55023 55249 55866 56012 56266 61738 62034
301 38569 45604
302 5477 17158 17285 17588 19587 20939 27475 35838 44897 44914 49667 51752 53178 54258 54628
303 14996 38986 40544 55467 56542 57145 58474
304 10971 11479 11620 11655 11657 11701 15667 19324 19325 28196 28198
305 3679 13195 13991 34627 34685
306 1577 12025 12053 14333 45168
307 33334 40232 42705 42786 53625 62113
308 2850 18546 30590 30767 50161
309 8600 22501 23193 24174 24373
310 3396 3695 4001 47444 58658
311 5176 5804 11631 30962 39068 39912 47811 47812 52583
312 8461 8786 9620 9647 10294
313 40713
314 7908 8142 8362 9574 53942
315 5030 11062 15606 18095 18096
316 7236 28262 28292
317 3805 11534 16028 23650 31132 47572
318 10810 34969 35098 36113 38122 40427 40575 44257 58957 59186
319 11938 14678 14681 14687 25607 25610 25611 29280 51679 51680 55346
320 1625 10931 10943 10957 33862 38138
321 29706
322 17052 32020 33389 45629 45881
323 2489 19920 20081 20739 21256 22370 22650
324 18091 25248 49531 49627
325 36560 37961 45807 46075 46989
326 10792 10797 10825 19714 34946
327 35075 39260 62490 62516
328 30512 55239 55242 56436 56438 60948
329 3962 20003 21171 22074 22084
330 10044 20296 48821
331 8125 8826 28497 29366 29423 35618 53622 57554 59832
332 17269 17506 29379 33598 55999 57922 59212 60387 61852
333 34370 34534 34558 42197 50260 57196 59659 60235
334 7162 7164 16923 17088 17096 17101 33025 51931 52319 54114
335 11613 14283 19669 21372 28232 29336 29380 32719 32721 43254
336 6252 12725 17611 19022 19027 25522
337 661 662 726 6161 6563 6569 6570 6571 22446 24387
338 2143 2150 6092 7877 18892 32847 44936
339 55835 56615 59603 59604
340 2164 11072 16574 16981 31600 31639 32284
341 4147 4910 25354 34648 46275 55544
342 3210 3212 36896 38400 38684 46165 47182 47183 49312 49395 49396 49461
343 34647 53710 54366 54526 54527
344 2946 4376 29847 30119 33331 33332 53757 53779
345 10786 39672 41211 41604 42372 42791 43561 43568 43577 43584 43589 43931 44589 44609 55006 55017 55611 55844
346 21526 21533 26613 60249 60250
347 3687 21678 27448 58785 58949
348 7085 7182 7474 7754 7795 37246
349 23200 23529 42535 42541 43750
350 12846 12851 14271 14384 37462 38293 40194 40904 42220 56274
351 1534 4537 33919 45616 50429
352 35624 35701 37577 49596 54839
353 61350 61854 62255 62302
354 6932 7593 12007 30496 41469 57290
355 194 10559 10777 18432 32699 33437 59029
356 14895 35025 47059 60861 60942
357 10478 16481 17150 17423 17593 18099 20203 20237 20365 20720 21173 44173 47760
358 14256 38949 42074 43468 49249 53209 54981
359 5743 7012 9380 26635 29566 48759
360 3485 29761 29762 29791 29792 30128 48251 50924 55197 55543 60267 60303 60328
361 39723 43534 43535 43903 60927
362 630 6750 28916 29152 30357 31266
363 16518 16673 19460 19825 19826 20000 20001 20091 21020 21102
364 291 292 2280 2788 8937 11426 14911 30204 30384 46980 52394 52424 52552
365 20046 21236 21715 50985 50988
366 2415 2664 4274 7891 8939 11248 11328 29988 30133 31894 42043
367 8474 9204 9443 9778 22281 24689
368 36107 36264 37902 61171 61705
369 14183 26158 26259 27054 27196 33888 35190 43873 62085
370 3509 31321 35296 38542 39029 47861 48335
371 3719 16254 18013 27527 27539 47215 49316
372 6434 14029 35120 45577 57929
373 16612 17841 19050 57181 57182
374 16402 16422 16698 16873 16949 17021 17799
375 30703 61372 61448 62585 62602 62605
376 41544 43070 43096 44377 53172 53182
377 83 98 15919 16415 29094 41397
378 13073 14264 36126 36139 38037 39295 39618 42695 43105 43106 43532 43996
379 6106 8451 9450 10747 22198 31882 48923 49007 51454 51584 51607 51625 52095
380 7222 8111 8857 18474 23061 27720 48939
381 42710 43067 54005 54583 56197 56242
382 7403 9169 9774 10935 10966 49129
383 13785 43027 43092 54186 54187 58963
384 19207 21222 21583 21712 23270 26387 26659 32434
385 14896 39443 41967 52810 54088 54692
386 2727 9644 9660 9760 10208 22382 23265 23992 33476 48889
387 18273 18960 19175 19177 19197 33329
388 8241 9047 15071 15925 47537 48967
389 654 23562 27929 28832 29181
390 49578 49593 57922 57923 62172
391 36337 38485 47905 61409
392 3844 37765 55985 56354 56355 56356 56625
393 7540 9907 9908 10723 20634 48735
394 1479 1593 1654 8773 9242 38335 49171 51105 52170 55110 58024 59113 60336 60344
395 2170 2186 4603 4804 4906 5219 5398 5710 16235 16307 24506 25685 29281 29306 29325 29486 29515 34833 44802 45784 45785 51197
396 742 747 29131 62523
397 16426 16556 17602 19859 20602 26416
398 4290 19389 26026 30419 59085
399 1343 33711 35921 35928 48597
400 7427 18198 18243 35058 48233 54641
401 4884 5128 8907 9505 10079 10250 14491 15042 23054 23358 23401 45858 53415 54393 55316 56644 56716
402 7408 11908 12320 29487 55394
403 3573 18006 40502 43336 43353 50000 54392
404 34992 61912
405 30712 30811 30822 30828 30871
406 6926 7034 8894 9563 22992
407 20735 20736 21998 24860 32100 33664 34232 37667
408 12045 12308 41230 48908 54316 54319 61205 61611
409 18839 20083 21759 29446
410 4353 4529 4530 4533 7133 7358 7437 8054 8415 18512 21354 21490 24205 24781 27173 44883 44966
411 10412 36126 36247 37574 47245 50674
412 3630 3638 11008 35145 46251 59752
413 14588 39769 42988 43262 43263
414 15194 15335 45160 50930 54704 55629 58729
415 10935 10979 23021 23109 24418 24821 24962 25251 25308 35374 60364
416 19900 24312 31721 32696 33421
417 15568 15959 29246 29868 29871 32295 44835 51348
418 3964 3978 6112 6119 23493 24333 24603 24908 25082 25084 25775 25782 25993 27815 27930 27931 51343 51541 51599 51802
419 38388 42299 42300 42301 42302
420 5083 28019 31078 43017 51020
421 512 12773 13377 38609
422 13548 13556 16383 16399 37320 47308 48409 55033
423 54831 54836 55744 56453 57585
424 953 2189 3397 31298 55055 59244 59711 59794 60084
425 36142 38014 38046 39138 44825 50163 51912 57058
426 32465 33975 34101 34221 34249 34404 45470 45677
427 4667 7002 7010 34241 46455 48797 49169 53363 53783
428 12802 45385 58074 58236 59003 60256
429 37628 38115 40199 42645 45593
430 14098 41876 50127 55663 56641 59962
431 30055 34896 43323 47402 53528 53748 56941
432 5224 14802 14819 15771 16393 16394 16395 22057 35576 35924
433 34054 34055 35176 42004 61225
434 808 3075 11550 29243 29963
435 13932 14077 14117 14737 45501 45548 59366 59562 59564
436 4781 5381 10912 32075 46801
437 3925 3926 4468 33642 50414 53271 58592 60891 60984
438 28775 31531 32203 32262
439 40070 41667 42102 55070 57977 61745
440 601 8892 56200 60037 60336
441 1699 1983 3019 7463 22388 22400 22927 30210 31633 32259 32411 32676 32826 32848 32925 33134 33146 33172 42785 43220 49183 58344
442 14429 32781 33444 39527 40146 40147 40464 41830 53168 53334 53905 54002 55129 56477 60170
443 1241 1540 18767 26287 27267 36325 47025 47026 47027 56198 56241 59175
444 22982 32483 33639 51508 58455 58481
445 13689 13696 41875 42335 42336 43748 48001 54427 54430 55022 56667 58980
446 17303 31276 41360 41362 50850 57921 60338
447 3939 38729 38960 56634 56952
448 21239 36321 39361 40136 47774
449 2346 2632 3001 3024 3025 3026 29961 30004 33659 61637
450 16548 16642 16695 17068 47065
451 245 1359 4819 4845 5570 26463 39780 42144 43244 43245 53069 53254 55406 55407 55720
452 10988 10989 11443 49876
453 25851 32195 32396 36401 36697 48915
454 17275 18940 18941 19171 19228 19229
455 17090 17188 18156 18206 33129
456 2918 2919 7441 23921 26124 26461 35716 61651
457 12859 13969 14626 39445 39883 41580 41884 42636 42995 44537
458 21524 24084 24610 24617 25890 26196 62272
459 36139 36470 37277 37907 37920
460 14017 14224 39137 58943 62275
461 166 1342 6620 6688 14482 15006 29141 34619 44895 45126 46527 51664 52281 52511
462 2190 12197 18950 32313
463 5058 22835 53000 53279 53524 53835
464 4616 6903 7015 7205 8389 9015 9164 9332 9387 11031 11047 13181 31911 46440 48758
465 10300 39723 39895 40579 40712 42434 50630
466 30789 30868
467 11189 31677 56879 61186
468 6256 22283 24423 24579 24580 24895 27742 30958 31808 45965
469 9486 19420 19631 20522 34123 53784
470 2388 2707 2892 3142 29881 29886 49030 60698
471 37470 45635 46497 47294 50847 58515
472 11825 28872 45154 61753
473 23600 24806 25050 25105
474 4984 12496 33856 34242 34679 46520 46574
475 6403 6404 8923 15699 29947 45645
476 2067 6945 7569 9233 9624 10026 22608 34198
477 13080 15005 42952 43097 49348 55028 61423
478 13404 14693 14694 34247 49565
479 31204 31205 31295 31342
480 13520 33819 34044 34308 34874 35670
481 986 46899 47037 60679 60680
482 12457 30565 35671 35710 36770 42556 61508 62521 62558
483 1515 13057 21976 21977 53828
484 4074 34259 40657 43675 54597 54739 58732
485 8411 8778 9378 9591 25448 49170
486 40389 41400 42528 42593 42681 42682 45685
487 9335 9914 15923 43968 57623
488 2926 29085 30141 30938 52585
489 2254 2285 7098 7257 8246 22201 23353 23877
490 16344 30792 30819 30903
491 21763 28473 29510 29512
492 17886 17888 26817 34075 40440 43395 45565
493 2355 8827 19787 20772 36415 36705 36836 61450 62082
494 8599 17127 17515 18264 21220
495 8455 9563 28141 28143 31936 38824 54976 54999
496 17533 22713 27341 28661 30569 34856
497 41240 41242 41243 53612
498 11953 30758 46578 53559 53899
499 1059 1728 11225 15887 15945 36787 38844
500 1086 1087 1217 37454 46041
501 8350 8465 8580 10255 10372 11693 24153 24517 25897 30238 48971
502 11134 14321 14902 19226 22449 22450 23748 26115 26533 26536 26539 31368 42216 44925 56505
503 7716 9566 25221 45425 45523 48748
504 6338 6343 34505 37236 45458 45541 45576
505 3555 10941 16185 16190 27557
506 16881 16920 17327 18927 19532
507 40182 43713 54333 54431 60858 60860
508 18748 30728 46407 62029
509 4377 4379 4411 4425 4535 47655 48525
510 7423 7428 8460 12235 12236 12237 12292 24452
511 36474 36948 36949 38209 45503 46753 61694
512 1752 16223 16263 16333 31142
513 3866 33950 35031 39699 43782 44065 48417 60700 62365
514 7950 21540 21661 27566 45302 55626
515 7246 8251 23561 24536 24925
516 37934 39384 51259
517 12744 22163 27492 41296 41297 41299 41396 54461
518 19066 21756 22042 31478 33843
519 6887 6890 7028 7038 7390 7622 8840 9510 53515 53516
520 1888 11558 11722 45857 46203 46204 46220 48552
521 8420 28725 46803 48781 60799
522 16513 16614 17780 21000 21003 26926
523 6539 6590 15665 40374 48103 51472
524 57594 58297 59237
525 13223 55376 56465 57335 60507
526 24100 31592 31730 47594
527 958 9539 11556 11929 12021 12387 25716 31308 33661
528 16013 16031 28234 30501
529 13423 40809 42103 42778 43486 43668
530 36529 36976 37082 38195 38351 38654 38991
531 12768 14040 15280 37072 39109 39171 39718 52506 54819 59075
532 4607 4740 25033 45542 46242 55321
533 2192 4914 5074 5670 15198 15222 27629 30236 31769 33297 44950 44951 52014 61822
534 2337 2495 2496 2497 2974
535 14158 42137 42381 44695 44696
536 3304 36862 37656 56437 57043 57219
537 39864 40580 40630 42569 43704
538 5454 26200 26755 26864 34828 42172 43417 55269 55281
539 1356 1365 1398 3515 4366 10507 48509 51177
540 4114 4115 4116
541 31444 39811 56280
542 50644 56050 57251 57342 58196 59579
543 491 525 636 21026 34187
544 3572 8307 8492 9287 25543 31472 38069
545 8578 9494 10296 16581 17210 18153 20100 20523 20736 46972
546 13248 13264 21553 26057 26136 26335 32687 61361
547 3379 39450 40025 40357 40471 49607 57122 58251 58416 58419 58727
548 14381 36541 39954 41198 54340
549 7559 23232 23233 23657 47236 48418 48628 51411 51798 52940
550 10787 32955 39550 39819 41932 42567 42570 44741 53352 54315
551 4868 10876 11237 23989 25552 25572 25642 60691
552 2134 19605 19629 19808 21096 26706 27066 27548 29797 35523 35734 36926 49341 49679 49680 49742 51476 61414
553 11621 11656 15418 16131 51240 51888 51913 52437 52623 52676
554 3923 13500 14136 14553 40046 40696 40702 58288
555 38717 49473 57013 57838 61147 61316
556 28702 28703 28704 28705 30865 61296
557 11965 12175 28755 30723 30740 30931
558 5374 5397 6224 6347 7325 7649 8072 8182 18454 45468 45474 51339
559 8988 8994 9409 12050 34018 45647 46269 48809
560 7839 32825 33494 38577 39848
561 43868 45956 53006 53811 54123 54384
562 25588 28858 45432 45463 46713
563 55200 56865 56867 57233 59065 60940
564 1776 1939 2103 5921 6944 11715 11731 13049 14170 52123 52174
565 41441 41442 41449 53765 53766 53767
566 10591 16366 17143 21097 32183 58599
567 11175 11233 54888 55451 55453 55538 57387 57994 60362
568 2147 2172 17925 18252 19559
569 16054 16055 22660 26719 55995
570 4806 5666 6925 6951 6982 7155 7175 7286 7556 7736 8088 8547 8597 8612 8808 8810 9318 9324 9591 10144 10155 10235 11021 24218 24701 25307 32451 33425 49185 52213
571 3676 40292 43775 53792 54087 54109 56635 57049
572 1099 38782 43828 53459 53465 54326 61482
573 3820 3839 62152 62171
574 2408 2604 2746
575 3322 35766 36146
576 12683 31364 31365 39312 43375 43376 43377 44286 49365 51301 51358 51359 51399 51400 54896 55135 55136 55137 55138 55439 55563 58723 59331 60590 60591 61765 61766
577 38137 45893 46341 62526 62639
578 1664 61179 61239 61616 61939
579 8523 11079 21905 25948 26518 26519
580 16285 52849 53870 53871 57168 59111
581 8629 18244 18457 19033 36204 39621 43326 43345 54496
582 137 574 3841
583 4154 56268 56270 56275 56278 56817 58620 61072
584 2252 4578 4590 7831 12230 23997 28529 32962 40644 62610
585 7882 16378 16379 19180 23569 25063
586 19482 20295 20906 21150 28358 28359 28788 50509 58002
587 3180 3185 11817 45791 60707
588 15328 29360 29361 29604 29615 29618 30601 30690 45897 54988 55222 55425 55637 55640 55951 55952
589 9006 37198 47279 52972 57621
590 35630 47794 48244 48282 62711
591 16593 19276 22555 22577 23506 23875 25269 25868
592 14613 51890 51891 52681 59293
593 37494 41899 42539 53703 53969
594 10881
595 42529 43455 43652 44278 56820
596 16294 16325 16327 16737 17227 17613 17690 17864 19594 20039 20326 20356 20449 20482 20483 20603
597 1009 23286 31455 32237 32238 32277 52160
598 4191 35306 45691 50884 59879
599 10997 31809 32722 32723 32810 32904
600 8527 8528 8529 8530 8654 8655
601 34248 40830 41244 41245 53014 53268 54604 56808
602 11847 11850 12696 13223 40945 42816 54601 57287
603 1504 37362 55018 55075 55984 57053 57469 57992 58241 58243 58247
604 4382 18330 19582 25523 25736 34774 45465 49616
605 3662 36000 54877 55317 55501 60609 60612
606 2400 3030 18408 18430 20960
607 6534 6645 6649 6804 15529 15530
608 2268 6317 6394 6395 6464 6836 11578 12469 24006 45486
609 29563 30436 32689 32932 33487 52354 53509
610 1696 6167 6168 6175 6222 22692 22727 22756 23189 23291
611 1822 1823 1824 11926 11997
612 4261 27142 30176 33831 37734 38327
613 31280 31315 31318 61422
614 13368 13787 13994 36181 38075 45915 46501
615 9556 9701 27125 27126 33377 42598
616 3990 4772 7852 9376 11073 11118 12487 16699 17389 17816 19158 21131 23838 26777 28495 39082 39403 39463 39902 41331 41653 50941 55942 56624 56654 57299 57433 57627 57880 59277 59648
617 19476 19478 19719 20016
618 4794 4795 5615 8824 49903 49982
619 30723 30792 30872 30875 30876 30885
620 1444 12242 47427 47485 60853
621 36866 37331 38668 39127 60036
622 2149 3166 4595 12046 17892 23098 37550 37551 45395 46272 46710 52699 52749 59007 61116 61480
623 4829 11275 24351 24505 36882 36883
624 13942 39782 43188 58911 60102
625 5287 5321 5347 5348 6093 6953 8432 9414 9506 9928 10016 10018 10067 17991 49084 53693 54483
626 30715 30809 30984 30985
627 1486 1539 1540 1608 38206 38298 38300 38304
628 2680 3303 21443 23260 23261 25510 26469 26770 46759 46761 57284
629 1062 1114 13192 13925 14164 42254 42424 42426 48009 48010 48013 48276 49539 53550 53916 55702 56678 57220 57312 57863 57952
630 3040 56235
631 3768 35035 35038 35043 35056 35076 35077 35208 35209 35222 35275 35409 55229 56338 56341 56343 56345 56347 56348 56349 56350 57448 57556 57683 58547 58549 58551 58552 59162 61432 61536
632 4780 6177 7517 22818 25891 30120 30831 38252
633 5072 5627 25241 49284 49382 49385 49537 49675 49677 49678 49682 49683 49687 49688 49689 49690 49692 49694 49700 49707 49709 49710 49712 49720 49741 52201
634 23010 26298 52789 53154 57973 58135
635 2598 2826 2827 13797 29839 29845 39895 47884
636 34938 57956 58860 58862 60438
637 31338 31340 35319 36381
638 8459 8460 22989 23034 55456 59963
639 22434 23566 25892 34473 46760
640 43864 53529 55232 55671 57539 60719
641 8383 8460 44807 44823 44855 52881 53661 54104
642 19915 20083 20175 20819 20933
643 9279 9861 11548 23922 46578
644 3206 3530 3550 4182 10842 11978 12181 12234 26604 33752 35052 35087 35091 35101 35103 35136 35179 35219 35221 35264 35287 35292 49713 50242 50466 50568 50642 55010 55153 55492 56830 57164 57166 59304 60201 62329 62586
645 17116 17318 17990 41781 42586
646 7354 7555 7573 7875 25913 37451 45729
647 36533 38945 46240 46270 46312 60950
648 12333 22322 23540 24203 24594
649 4526 5659 9263 13546 14341 14544 19662 19663 19984 19998 40131 42419 43994
650 18702 18726 21560 26082 27132 29580 46538 46768 53214
651 8577 8976 9390 31008 43070 48859
652 9104 12822 12860 12928 22226 22633 39332 39488 43332 44084 52316 52459 53812
653 13851 14119 37928 42808 44370 58496 61671
654 4982 23543 23843 24168 24901
655 11968 12240 23598 32978 33383
656 12004 15040 34042 45104 45106 45701
657 21662 21839 22668 22952 23070 24906 25481 26610 26661
658 2895 23164 30859 35640 59433
659 3712 40394 41065
660 35156 38068 38119
661 9082 11377 12937 25281 30030 32986 33078 33079 43356
662 1366 35979 48561 50326 55035
663 10631 10642 18220 20222 23766 31817 32210 33277 62286
664 34475 36114 37465 48000 50116 50447 57937
665 12556 34234 37455 48700 49718
666 2054 2775 2776 7278 7626 23191 28483
667 11897 15751 19880 20441 27198 61118
668 17159 17514 20616 20823 34700
669 17109 17463 17772 45333 53487 53490 53491 61956
670 1160 1515 14096 14640 35679 55758 61339 62422 62453
671 5332 48984 49127 51677 52378 59754
672 7760 10262 19786 20370 20380 20485 22075
673 38082 38083 44661
674 21692 41880 42532 43771 43790 43969 57451 59232
675 34533 62679 62680
676 10167 22506 23143 23298 24881
677 5414 5560 5663 10878 26112 26113 48467 51977 51978 52175 52472 61436
678 31457 31768 32238 32465 32716 33524
679 14787 14788 14789 14790 14791 14926
680 8682 8805 8819 8958 9081 41987 42272 43218 43380 43381 43624 49383 53745 54653 54655
681 32604 32699 33486
682 2406 4282 5241 5607 23327 30044 47008
683 271 600 8457 8999 11104 11120 15727 17578
684 24308 24598 24758 24761 24811 25556 25740 25809 55498
685 3413 35797 36612 38718
686 39822 39835 39933 39935 50395
687 9011 9337 9361 10274 38159 47371 48776 49003
688 5895 21683 30033 30168 36344 61268
689 5726 15966 24366 48444 48582 56084
690 18176 19634 27455 29465 40856 42644
691 31923 39724 58145 58302 59077
692 22356 26388 27091 49633
693 1339 2508 2550 2553 2557 2560 2562 12446 13446 30096 40958 47660 47890 47891 51546
694 11013 11014 34165 35643 36457 36702 37019 37316 38519 38865 38970 38972 38984 38985 46391 47309 56625 62386
695 1865 40386 42313 44204 53475
696 7464 9664 10410 34155 45527 45637 46476 48741
697 18066 20617 26497 26652 26917 26919
698 1444 1472 30989 52246 52248
699 10829 10830 54885 57565 58395 60317 62178
700 42673 43919 43920 43934 43939 50156 50393
701 30741 30756 30792
702 22604 23355 30813 62434
703 3720 15685 16095 32968
704 40766 42592 42697 52137 52312 57674
705 27333 27334 29443 36389 56993
706 6872 8515 8553 11456 13738 22103 24262 24982 25288 38879 41332 41722 46825 52937 52945 54985 55877
707 3644 9223 9681 36743 48530
708 7990 11104 11105 11106 16098 28173
709 5023 5101 24569 46295 46397 47988
710 48428 48588 53694 53699 53756
711 4383 40190 58085 58139 60913
712 848 11701 15298 15709
713 21240 22990 24131 25120 25379 25484 25909 27732
714 13315 36984 40174 43390
715 17007 18808 19822 20038 21234
716 37487 41210 43655 47260 53807 56632
717 15633 29067 33728 46278 60946
718 6915 6933 6957 7496 7654 7811 10522 23015 23017 28303 42395 42396 43583 43585 43669 53461 53744 53747 54249 54424 55100 56634 60175
719 2165 19579 20088 30822 30825
720 16898 17238 17334 17949 19054 20480 20840 21470
721 13867 35830 35831 35948 51273 55440
722 33624 33671 37224 38995 53608
723 4970 5427 29583 31008
724 2686 7753 23765 45214 51237 51276 55226 59986
725 8214 37201 48220 55181 55182 55384 61008
726 47563 50374 61636 61970
727 54737 57623 57633 59550 60120 60123
728 36404 36764 39258 39377 40026
729 10789 36292 37649 38872 47817 48090
730 13194 38936 40794 62079
731 1326 3244 33870 46360 51524 60661
732 21439 21440 21487 26213 34418 37169
733 19131 19368 19487 19488 20508 20861 26834 26923 41055 47185
734 34558 35509 36111 38881 61180
735 45615 59574 59576
736 11789 17561 17562 17563 17711 17712 17713 17774 17833 20304
737 13678 45767 47440 47792 50200
738 6360 16559 16908 16976 17300 17301 17308 21892
739 34677 38923
740 2914 8594 9191 29631 51212
741 1242 10805 13382 37750 53089 54592 60748 62588
742 1944 6008 6274 6947 30529 30536 32090
743 6232 11567 13278 34827 44995 52230 52247
744 35563 37134 37340
745 14578 16604 26914 31067 35929 42211 57190 57590 57698
746 4112 41862 42117 47440 52880
747 6021 12939 13413 46394 51195 51734
748 4791 5997 6027 17846 18246 18248 18288 25553 30780 32573 33503 34051 49040
749 11774 22188 37669 40779 40781
750 35739 39023 40747 43489 44798 55370 55619
751 22472 23612 23900 24164 24413 24415 25856
752 41016 41018 41019
753 1750 2811 3886 5197 6983 8465 8520 8525 8653 16301 16682 17332 17744 17906 18299 18949 19135 19706 19798 20616 20665 21504 23004 26476 27002 27028 27601 27772 28513 32189 32663 32751 33073 33327 33437 39723 41125 42585 43026 43683 47721 47749 49566 49575 49602 49603 49611 51416 52558 55269 55426 57375 57405 57920 58285 58292 58727 60105 60560
754 12472 12485 12735 17233 17239 17793 17794 20334 58639
755 39020 39337 48169 50723 50873 55802 56846
756 1395 41955 43022 53470 54578
757 10895 34554 46480 47886 48324 56977 59938 62116
758 4931 4975 5412 8169 9215 33985 34680 51319 51431
759 1904 19422 19776 19863 20618 21116 21117 32729
760 16737 19685 19704 19758 20209
761 43054 44745 58368 61779
762 12800 13802 14434 39614 39728 40362 44207 44383 44385 44442 54245 54266
763 36568 39699 43980 48185 50570 56949
764 23478 24329 24491 25043 27913 27914 29411 29420 29457 29458 29461 29462 29505 29513 29577 49080 52240 52327 52488
765 6428 6442 6463 6803 49205
766 14046 20491 20719 26160
767 59557 61080 61272 61279 61465 61467 62386
768 31019 31064 50373 50760 61421
769 12543 37786 40844 49317 49546 49548
770 7376 9230 9598 10292 10293 10294 24642 24774 25916
771 13589 14764 53359 55469 55853 56636 59583
772 1554 31031 43155 50498 57411 57720
773 1025 4527 23329 56803 57218
774 35439 35864 36313 36906 37468 55129
775 2236 2435 2436 39314 39344 39350 39380 39754 61161 61371 61373
776 40567 40712 44722
777 15286 16248 18545 20973 21975 30773 35186 36179 37073 42165 47969 51330 52451
778 16587 17614 17853 20098 26512
779 8623 8940 9180 9803 12254 25217
780 290 12386 13578 14930 22996 27768 31165 53151
781 3748 40741 42735 56450 59774 59775
782 4483 5876 15349 32138 33132
783 8014 8793 12611 13155 14389 26238 27581 48246 55532 56319 57965 59911 60423
784 31734 31829 32530 32696 33378
785 21457 26580 26875 38456 40800 42189 50973
786 40662 45749 48242 55730 55732
787 31038 37323 50535 50636 57598 57911 58532 58533 60242
788 13680 13681 27381 27452 27453
789 5890 26642 26915 26916 34092
790 14067 14238 14313 37808 41422 43168 58274 59791
791 42251 42692 47012 50731 54597 55069
792 49759 61638 62518
793 47440 48509 48578 54263 56303 58511
794 34746 36412 39803 39987 39989 40484 42978 51075 56445 56481
795 10949 25285 25286 25303 45514
796 11012 28157 30995 31108 36117
797 18680 19698 21621 22276 22474 24867 27435 32251
798 2980 2982 2983 30064 30083 30085
799 37089 43966 43967 47540 49785 54281 54282 58257
800 7065 8342 14562 14628 41114 42440 61019
801 21370 24090 36522 61804
802 21534 26840 35572 48430 48620 50877 60647
803 36296 48462 48558 48559 48564
804 2201 5573 35784 36121 37486
805 3970 29211 34402 41042 48548 61307
806 4752 5696 33753 34735 36157 38581 59239 59240 61211
807 12861 39188 43347 43354 55844
808 3611 33852 47027 50286 50585
809 14495 14505 14776 36433 59485 59733
810 1456 7683 13495 14827 14973 21816 23615 38398
811 13146 13147 27604 31515 40868 46836 50262
812 1079 4331 4332 40854 41837 43928 44069 53794 54228 54252 54300 54341 54348 54468
813 6901 8279 8953 9049 9367 21697
814 7777 15674 33092 35009 36306 38812
815 2245 21243 23169 30032 30040 45670 47070 47072 47115 47207 47244 54173
816 1661 54946 57339 59106 59583
817 13437 16622 16963 20711 20712 24424 51935
818 8274 45252 49927 49937 51939 60651
819 548 14977 56329 57404
820 4437 7664 17242 17904 17973 19632 23009 23563 25357 25674 48445
821 4314 4315 16071 16073 19321 28115 28148
822 22787 25840 28789 57643 58560 58840 59376 59409
823 7442 8224 8998 11574 27663
824 7892 7893 8178 8179 8680 9823 10240 10241 10242 10263 10264 10271
825 5803 7474 9217 10510 10517 10729 23905 36050 37042 56129
826 1227 1242 39508 51122 51123 51125 51141 53500 57353 58445
827 28122 41286 50294 61331 62617
828 12867 13349 13389 38998 40268 40723 41078 41430 42096 56461 56483 59378 59682
829 40130 46239 47566 47758 52116
830 36471 37294 37514 37654 37694
831 18769 33936 34768 36250 51536 52003
832 7864 8934 9263 10349 14965 18482 19250 21615 24543 25693 27411 35799 39077
833 40488 52976 61406 62245 62348
834 3690 10834 10851 10861 35284
835 35113 35294 36295 46361 46364 62636
836 4972 7697 13063 39631 41830 54102 54575 55312
837 4748 5112 13230 14029 35247 60162
838 31122 31123 40093 40870 40931 41929
839 29165 30288 39458 48015 59211
840 7080 15436 33222 48745 48751
841 41309 41310 50927 57923
842 19308 33982 34158 34518 34840 37313 37560 37564 50809 60531
843 2529 13034 42943 47753 48516 58049
844 18717 18751 24156 45318 62642
845 7138 8688 34770 46415
846 13008 14488 41579 41587 41726 43109 43909
847 4798 5320 11663 12395 41537 46769 47108 52535 60021
848 9163 13453 23901 23954 24375 25224 25226 25490 46082 52015
849 3302 3352 48229 48251 48634 60884 60914
850 5583 18423 18886 18888 20584 21696
851 2687 2688 3012 3013 46863
852 41662 41693 42559 42660 43478 57498
853 3160 16445 16545 18855 19494 19499 26028 26364 32548 34929 60838
854 15084 15091 28167 28349 28454 28459 29535 29536 29559 29560 29624 29625 50499 55859 56283 57462 58558
855 355 6033 15832 36449 45331
856 20455 20896 26230 26231 27288
857 34233 40910 47430 53317 54603
858 1150 30792 35276 54968 57106 59664
859 39834 39928 39934 40060 42448 50502 55436 57597
860 15614 16176 19613 19614 19778 20653 20852 24049 24050 28525 29237 29246
861 940 40379 42460 56932
862 8442 12035 14337 19469 26215
863 35220 37595 42702 61145 62539
864 4157 4159 13233 14672 58288 58861
865 16179 21375 21626 21718 26262 40069 40631
866 55675 56288 56291 60246 60330
867 3746 30347 32786 50569 57439
868 9437 20036 20875 20877 21204 22278 22299 22591 22595 22965 22976 22977 53509 55101 55263 56851 56852 57985 58082 58548 59735 59736 59737 59741 59874
869 18889 20715 21075 23454 25549
870 15961 24933 30917 30952
871 13653 34911 34929 39268 59019 59601
872 22516 31722 38767 47389
873 23068 33583 34380 50371 50421 53318
874 1623 12949 12950 14043 62022
875 13186 13239 13794 13801 37821 50232 58921 58938 59214
876 31055 34336 38008 40360 58502 62432
877 17455 20692 36051 61827
878 9225 39026 50301 62331
879 33630 33634 33638
880 22786 22943 34732 45017 45024 52487 52612 53201 53227 53383 53611 53691
881 1137 61255 62119 62318 62340
882 12693 17952 19015 19686 19750 33483 44666
883 3123 14324 39578 48509 49066 53470 61044 61414
884 381 382 4457 45932 61711
885 17042 27405 41547 41800 42350 42407 43280 43586
886 11461 11492 11510 11628 62475
887 20654 56297 58285 58434 60575
888 8184 9621 9623 12051 33550 45244 45303 51598 51783 51864 52481
889 8390 33409 35980 39119 40672 50576
890 26104 26920 26922 26939 35957
891 8038 8647 8859 19625 30793 33228
892 10045 25167 25390 25684 32881 33451
893 38013 42687 42957 43151 48205
894 61094 61267 61624 61672 61673 61828
895 1321 1330 1616 12422 12423 12604 22009 37309 37844 48600 48617 48629 48630 49318 49480 54798 54980
896 11635 14867 17407 26802 27171
897 12225 36273 39027 39105 45298 45954 49239 49595 60810
898 4710 22710 26105 27043 46010
899 53678 54989 57674 57726 58901
900 14370 50300 50713 55556 61990
901 35497 37753 39239 47431 47524
902 20042 26088 26615 30984
903 33016 33879 40270 40271 45427
904 31795 61887
905 15096 18353 20089 20090 20462 20607 22627 24294 29968 61603 61701
906 17669 19284 26097 47435 59402
907 16605 16607 18362 18364 18602 18605 18670 18671 18676 18677 18993 18994 32064 32234 32980 34169 39867
908 13375 40186 40986 53519 53585
909 5140 11571 15480 21713 27510 32164 36582
910 41160 44013 44031 44040 44053 44057
911 21987 34185 35905 36377 39191 40079 43051
912 40231 42366 42367 42370
913 777 38670 42479
914 2083 2086 6547 6572 15676 15856 15966
915 6091 18208 32319
916 13606 13607 13898 43352 55116 55164 55434 58464
917 2163 2708 5628 10935 18174 18504 19900 27878 47299
918 43232 44656 50602 57980 59012 59444 59640 61294
919 8281 8729 11087 13001 30517 30518 45069
920 31008 34247 34990 35307 36716 36934 38431 46703 48716 49286 50298
921 2404 40833 41072 41073 41603 42050 42413 43590 43755 43860 44185 44553 44596 44641 48712 53130 53503 53822 53826 54207 54381 54419
922 31790 32112 48642 50472 56820 59615
923 12760 13052 13053 13054 13785 40490 40541 40601 40645 40903 40998 41772
924 1235 16084 18968 19955 20950 36811
925 13695 41836 49436 55917 59154 61928
926 12507 41716 42097 42785 43022 43069 53331 60044
927 4625 4987 9722 9850 10624 10625 23739 27807 40153 60671
928 8102 8907 10336 16153 29473 29526
929 2763 8589 24007 25516 33490 35416 48858 54171 59756
930 5296 35319 50016 55415 57595 57801
931 2945 46730 54720 56746 59819
932 22680 24080 30834 30836 30922 30984 32555 42057
933 704 9406 11340 27734 28511 29612 30074
934 10918 11902 12214 12226 18740 28819 28900
935 159 1081 1111 2523 2609 2717 4185 4246 4937 6310 10814 11715 29141 30258 30364 30368 33561 35238 43907 44334 44335 45251 46266 47252 47536 47968 47997 51816 53975 55145 57821 58084
936 10758 29200 38387 48719 51367 61053 61457 61470
937 18 5520 11649 48438
938 24426 24427
939 4964 12199 22700 24601 28696 30443 54815 54838 60418
940 31495 34184 36742 38232 40863 43695 48714 57248
941 5956 10295 22434 22554 23104 24192 25067
942 16627 28230 30765 30780 30934 32523
943 34782 37944 50944 56682 56762 58857
944 13480 58518 58743 58744 59290
945 16577 16756 17268 17270 17362 17365
946 11262 29321
947 12530 42139 54601 55403 62011
948 2447 2481 2482 2748 3904 5396 30984 33623 33726 51812 54948 57804
949 31206 36342 36343 40586 40587
950 10108 29734 35925 50430 55210
951 85 183 8067 19336 32606 36451
952 17897 18216 18559 18566 19002
953 13183 14157 34025 41350 41351 41566 55274 61426 61749 61887
954 11820 29495 29801 30764 30901 36980 52272 54687 60375
955 19077 31803 36637 46026 57894 58894
956 54729 54730 59207 59209 60261
957 34633 47329 47500 49331 61249
958 10179 23056 23344 24417 50427 59004
959 2916 8475 8543 10115 22960 25396
960 4003 33680 40782 47780 47955 50675 51068 55288 58848 60274 60295 60312 60804 60965
961 371 640 681 712 32578
962 4605 4855 9961 14582 33434 43144 43312 43315 47740 49147 54165
963 12705 12723 13777 37326
964 22154 24309 24738 24739 25341
965 918 942 949 2783 2837 29872 30026 47432 47790
966 3381 33715 60960 61729 61807 61949 61950 62090 62651
967 7490 8343 23738 33261 49093
968 18475 19208 21300 21360 21361 21842 21878
969 3807 3938 23512 24057 36514 36835 37895 38376 39233 48121 48195 53654
970 5559 10084 24466 24793 25690 30029
971 18104 48329 50087 50327 50754 55107 55310 55846
972 16601 16602 17370 17397 17714 17743 17963 22832 39392 41165 57922
973 8474 9844 29581 35913 37171
974 6469 28560 45067 62450
975 10123 10401 12791 38726 62351
976 7530 9459 9892 10027 22894 24620 24629 24832 24926 25915
977 16944 17076 19489 33980 46656
978 37816 38342 44810 44811 45865 45926
979 4431 4477 4497 32802 33267 48482 48505 48513 48624 48641 48648
980 33653 35616 44100 44104 44235 49695 49696
981 13301 37122 39923 41163 44505 53313 53865 53873 53884
982 35090 42307 52191 52496 53733
983 7937 9173 17583 18152 18225 18228 18300 30716 59330
984 13829 28089 29158 59556 59662 61265 61656
985 7432 8579 9811 10121 24617 24830
986 1034 3323 12796 13109 44720 47381 48128 48351 55127 59546
987 13354 14043 14374 44526 44569 58466 60050
988 614 16726 16852 31489 34310 34593
989 11019 30936 31036 47577 48626
990 34437 34438 36670 39193 47206
991 11674 29009 54714 56655 56737 59264
992 3134 46820 55259 55315 60550
993 2470 2878 4529 29860 29964 34275 36998 55238 57367 60374
994 23917 36706 36987 50686 50931 53816
995 19722 26572 26726 36516 37866 48601
996 49755
997 10488 10973 19747 28533 35383
998 46913 46914 46915 61369 61419
999 15475 19545 19644 19672 20130 27178 27513 47473
1000 1674 2527 2528 2586 6840 12263 29990 53636
1001 11271 11289 11309 23838 61602
1002 2037 2040 2041 8897 35991 49881 62354
1003 39202 47337 47970 61852
1004 3140 32478 55143 61702 62001
1005 17627 17707 18579 39449 56236
1006 2174 5706 5751 14487 39359 43493 54405 56309
1007 322 6218 22260 22738 36327
1008 6861 8188 22215 22226 30862
1009 2476 9680 13574 29921 31988 62341
1010 9 11 3546 35623 37148 42587 42681 47520 47595
1011 19812 19949 20031 20032 21502 31005
1012 6281
1013 26790 26871 43110 52080
1014 8223 33730 37197 43329 43334 43340 59130 59298 60007 60138
1015 31474 31788 31992 32914 32915 32916 33087
1016 38079 38080 38158 39004 51081
1017 15503 16065 25578 25821 25828 25829 26011 27388 33294
1018 244 584 6497 6722 14269 29186 38720 57007 62088
1019 6788 6824 6825 16281 32037
1020 41224 41450 41466 49897 49980
1021 8574 12150 23927 28572 35359 42048 49604 54706 55932 56443
1022 27719 32543 32913 33133 36154 36245 37469 39345 54482
1023 1185 34802 38908 49636 49758
1024 12794 14591 35849 41131 43430
1025 13758 14406 33839 34003 59880
1026 25755 25756 29986 35853 61534 62112
1027 8351 8586 22604 45482 49042
1028 19567 19799 20053 20367 27427 29178
1029 13223 14963 33716 35796 43029 45582 50890 54996 55293
1030 127 12369 17165 17625 28550
1031 1204 1464 4428 35982 35984 38292 41871 42481 43700 47430 57249
1032 35831 36590 44866 45026 45323
1033 22898 22899 22900 23315 23322 23402 23403 23644
1034 12352 24017 24018 24019 24020 29635
1035 24636 49064 49073 52561
1036 35901 35930 59313 59793 60097 60131
1037 3538 5590 39793 40621 54715
1038 2145 16807 19566 20165 30795
1039 102 122 15386 16679 22337
1040 10429 12037 34879 35998 36570 38396 47372 60996 62364 62607
1041 3739 30337 33381 37696 47786 55554 60795
1042 12041 12042 37779 61105
1043 1172 1225 17424 17685 31104 42045 44647 45410 54472 54630
1044 15671 15805 27672 31796 32001 32104 32792
1045 30359 40768 43676 48016 48221 59075 59280
1046 4144 4163 41832 47181 52694 53444 53486 54302
1047 13174 13343 13575 13601 13943 14420 15024 55985
1048 35298 35338 45916 46572 59783
1049 8109 24318 24489 25238 31781 53193 53248 53476 58642
1050 7410 7946 8252 8319 9354 9699 9723 9725 10349 23355 48868
1051 20619 26186 26530 27199 27337
1052 24451 53348 53553 53831 53832
1053 14065 49972 49997 50656 53819 54338 57569
1054 1039 1310 8606 9362 10501 13397 23660 25245 25905
1055 6949 7088 7382 7867 8204 8413 22237 22238 25157 25158 31717
1056 3579 14917 42412 43545 48622 48685 48695 48696 48699 48701 48702 57431 59209 60745
1057 25699 28471 50633 56242 60344
1058 49799 49805 55734 59428 61667
1059 4574 40418 42172 43209 43404 43410 56282
1060 50536 54936 55149 55244 55754 55816
1061 16721 17436 45633 45732 45835 61427
1062 36486 36490 51326 51338 51658 52262 57769
1063 4654 5054 6978 7235 7667 25921 26007 33538
1064 1400 1515 40072 41461 61411
1065 4844 30396 39001 40682 40683
1066 20440 21209 21491 21620 26055 26118 26306
1067 16155 17876 17976 23171 26413 47888 48742
1068 12306 17852 27565 28777 45300
1069 12793 22983 27149 27150 40173
1070 12261 19259 26029 27340 32475
1071 2260 12297 36058 61359 61902 61903 61904
1072 13238 50600 50918 51139 51143 55994 58283 60514
1073 18191 18193 19455 27270 27294 47646
1074 6633 18896 46051 46053 46540 49220 55218
1075 13487 13488 37603 37629 42067
1076 8448 23965 23981 24280 25551 48855 48860
1077 2564 7502 7940 8544 8950 9303 9487 10228 12963 14354 25214 48459 51946 52232 56833 57907 57910 58790
1078 4300 16000 16030 19387 19399 28204
1079 13220 30359 41634 54781
1080 663 688 20166 26054 27324 28061 28062 45803 45860
1081 19610 19611 20623 21108 21109
1082 33894 33935 34280 34331 34726
1083 11542 22922 23700 23924 25041 25326
1084 11780 24830 42685 42696 43253 56997 58071 59399
1085 11337 23574 23724 53065 53160 53181 53217 53901
1086 3473 3511 14733 42022 48227
1087 12285 32156 35628 37135 61993
1088 32236 32374 32691
1089 28942
1090 55052 55405 59679 61468 61707 62111
1091 1426 5936 25191 35244 61237 61523
1092 14445 14611 14876 19992 41995 43480
1093 53066 53095 53264 53342 53473 53588 53913 54251
1094 36625 38605 54983 59669 59830 62577
1095 2200 5964 30494 33533 35154 52654
1096 33995 58846 60511 62204 62353
1097 21876 47388 51771 52680
1098 7067 14058 16411 16434 16681 22160 22697 27177
1099 1677 39385 41263 53572 53578 53582
1100 11505 11581 12193 14377 15804 43374 51929
1101 4477 4539 28159 46557 48484
1102 803 961 30036 31866 33508 33515 46099 58991
1103 2695 2732 2861 2885 8628 25301 25962 30166 49592 53414 54790 54791 56272 56276 56281 56920 56921 56922 57086 57087 58778
1104 1326 3195 3209 3439 3483 3508 39007 48604 48606 52727
1105 5864 29179 45167
1106 61540 62196
1107 30712 30948 37502 37503
1108 11763 30724 31418
1109 12862 34189 40987 43959 53868
1110 4531 4532 10938 54832 55892
1111 32934 33176 33177 33178 33263
1112 1644 4100 13014 14373 14442 16219 16233 16240 16276 16326 16384 28682
1113 30984
1114 103 6720 6814 15425 15488
1115 9153 17083 20475 30997 31001 31121 34047 37869 42325 42327 53800 55359 55364
1116 1242 12309 12310 12703 12813 13860 58851 59353
1117 5849 5850 5851 16267 21397 24499 25640 26505 26632
1118 8037 10367 22505 51502 53887 55416 57291 60663
1119 13719 13720 35321 59912
1120 13590 13659 13975 55451 57221 59727 59928 59937
1121 7033 7193 8625 9163 22621 32320 33552 54141
1122 16755 33426 35907 57020 57765
1123 2610 21339 54133 56334 60311 61038
1124 977 2795 4224 15256 15284 28001 52271 52302 54271 56047 57679
1125 31891 31892 31893 32114
1126 12251 13523 13682 14718 14798 36041 40774 42510 44781 48509 53339 54202 61167
1127 31465 31467 31468 31469 31538
1128 7103 7898 8037 8360 45622 45944 48819
1129 31664 31724 32691 32906 32916 33437
1130 5086 15423 28995 36665 37503 38977
1131 3266 12676 29143 30378 37608 57566 59800
1132 15037 31234 31286 34053 39618 40099 42085 43028 53185 54617 62476
1133 11463 16993 17035 32908 36208 41056 41058 41062 41063
1134 26502 40901 49496 49497 49498 49499
1135 10161 10162 10499 23042 49054
1136 6770 10666 17330 20051 20476 20544
1137 13215 14465 14467 38795 49443 49571 49589 49612 57287 57333 57455 57482 57668 57968 58129 58153 58402 58403 58404 58546 58886 58967 59435
1138 5336 12139 22226 22677 23710 24531 26961
1139 30746 30792 30829
1140 14011 20196 20453 30612 30633 49330 49634 49661
1141 5090 5626 5735 5932 7191 8008 25132 29294 29374 29426 29429 29430 49848 53618 55953
1142 4349 9080 12626 48423 48444
1143 6158 8944 10397 23463 29707
1144 51456 51457 52036 61274
1145 11886 28009 47943 53727 54635
1146 3269 7069 7223 8399 8409 8461 9517 24148 24403 24841
1147 18217 18218 18586 20224 20277 20278 20394 20485 20675 20997 21217
1148 17208 17223 17356 40170 44360 58280
1149 36487 37542 37647 39218 39241 48427 53250 56719 57926
1150 10636 13265 26475 26709 42156 42158 42232 42546 57059
1151 27206 31129 34611 58919 60289
1152 11817 28770 47671 53514 60851 61588
1153 29955 36312 40840 41044 47431
1154 16502 16519 16520 16971 20905
1155 41843 42244 42245 43303 43731
1156 36833 39818 40222 42557 43394 59248
1157 40739 41001 41508 41787 41962 42041 48321
1158 14685 14888 35767 37673 55885 55913 56798 56799
1159 6900 6946 22600 23360 33784 39682 40247 45498 45870
1160 4136 12439 13000 18736 18838 29371 51319 51410 51413
1161 2284 2714 18256 27138 27188 27363 62699
1162 13746 13747 41183 53139 53445 56226
1163 1160 36494 61676 61677
1164 17189 19546 26037 26342 27096
1165 359 3203 40770 43098 52741
1166 189 2911 3002 3004 3238 5544 30050 31421 51640
1167 28952 56585
1168 5091 41918 42271 43630 43758 53839 60854
1169 37635 41364 41687 43288 43580 44607 44612
1170 13541 14786 39092 45109 62068
1171 2431 30199 32258 47711 61848 62200
1172 7522 7656 7748 8959 23671 35353
1173 11597 11622 11651 27722 27723 27724 27725
1174 33845 34467 35781 49212 49224 50080
1175 10911 18486 18487 19591 20086
1176 9804 22893 22933 22964 23194 52357 62534
1177 2638 6065 6093 11452 30117
1178 1332 36554 46986 47340 47354 47360 47379 48441 48449 51135 51144 51145
1179 33963 34671 37626 38313 38739
1180 13785 15642 15741 27643 31529 31592 31636 31637 31763 32197
1181 528 9520 9768 9875 28242 31955
1182 1542 1680 31046 37636
1183 7231 7798 7883 8689 9570 10096 48597
1184 2074 8123 8508 12885 22243 25092 28902 32172 33233 45634 45836
1185 3337 3340 4216 19874 42243 60761 60817
1186 37549 47805 50910 57225 58190
1187 1518 2578 3911 9265 29960 30004 30583 30984 45090 48529 52019 56099 57110
1188 50348 50497 50911 57366 57407 58668 58673 58683
1189 11122 18972 19624 20670 31638
1190 25038 28112 30988 45365 61421 61568
1191 8559 21264 23967 24103 24940 25064 25941
1192 15947 31567 31954 32151 32299 32459 41323 45529 46639
1193 34730 34731 35438 35439 35778 37304 38614 38615
1194 1442 7329 7658 9192 10297
1195 2196 3186 39591 39765 40027 52737
1196 1224 1231 36691 42023 62618
1197 16360 19178 19937 28374 28419 28464 28626 29674 29742
1198 16444 17019 19480 27542 27544
1199 5338 35462 54703 56634 62415
1200 1717 1816 33883 33884 46741
1201 2398 33563 36933 55185
1202 12879 12911 46678 46937 47724 55410 56537 56645 56749 57092 58315 58318 58457 58485 58827
1203 26289 31705 31786 32470 32758
1204 16812 18057 19696 19768 20517 20536 21061 21076
1205 6385 6532 6634 11690 15572 28212 28226 28228 31336 61886
1206 1417 7156 7357 8400 34353 34392 47241 47242
1207 11454 16708 17676 19369 19573 20382 20499 22877 24700 26748 47281
1208 55186 55293 57939 57945 57946 57964 58636 58699 59134 60185 60186
1209 12396 20187 21081 21082 21162 34787
1210 7990 8077 12284 45267 59045 59454
1211 7011 13849 14783 14794 29966 46594
1212 6550 8060 27691 30314 41088 49347 62105
1213 19771 19864 19875 19991 20037 20038 20740 20868 51192
1214 11188
1215 9815 26017 47087 47234 48807 49006
1216 10882 10901 16866 16906 17332 23848 31536 31544 31652
1217 818 12969 15383 32446 32447 32580 32968 38450 47161
1218 16160 18924 19400 19738 19860 21514 24916 26436 26933 27387
1219 8468 9818 9985 10106 14594 48933 49182
1220 13665 27946 27947 35522 37894 38430
1221 1624 10153 12389 22891 45562 46334
1222 6594 6694 11210 11353 18150 26555 26799 31377 31378
1223 21900 33688 36553 37212 37215
1224 56011 56980 56981 57317 58550
1225 57008 57337 57370 58168 58260 59119
1226 31029 56197 56199 56208 56242
1227 16799 17095 18686 21045 21188 45136
1228 22681 23879 24615 51606 52082 52207 52399 53039 53466
1229 2852 4796 4935 5618 7594 8157 15097 45272 48875 59606 60435
1230 6551 6626 14536 29155 33208
1231 39284 39363 41714 53051 53860
1232 1283 14185 61108 61706 61707 62139 62140
1233 42967 43437 44457 44769 56439
1234 1702 1703 1835 2002 2016 2287 11791 15575 15664 15772 15825 16059 16887 19491 32377 33395
1235 9157 22627 52885 61289 61357
1236 43635 44187 44589 44627 56624 59359
1237 13821 14679 33677 56635 57576 59595 59597
1238 2229 2566 3221 7894 8074 30066 55067 55201 58322
1239 3145 14073 14075 14161 40438 41094 43398 43753 43840 43983 44009 44012 44792
1240 7688 16503 16798 17540 17687 23026 31513 50263 54821 56733 58655
1241 4812 12944 15183 61817
1242 7069 8394 8429 8652 16314 20588 22025 39263 46154
1243 1961 53038 53301 53302 57131 57715 57717
1244 39009 39031 43251 57976 61225
1245 8214 9302 19265 25283 25646
1246 4600 10611 10640 10668 10759 11339
1247 33320 33321 33322 33323 33339 33340 33341
1248 13408 14285 42527 44144 44156 44227 54913 54965
1249 30382 34282 34588 35832 46634 47077 48062 48147 50428 50520 50871 55857 57779 57790 60335 60459 60619
1250 13428 14142 14995 56151 57919 59537
1251 14103 56881 56945 59080 61966
1252 36440 36447 47420 55583 57976 60416
1253 1768 1781 8142 32037 32549 61454
1254 30792 30815 30819
1255 9088 9512 9513 9514 39144 40764
1256 39480 39509 39624 39790 39911 39916 40114 41212 42726 56634
1257 1470 14010 39414 39566 48467 51506 52007
1258 3028 16208 19393 21618 21723 22037 29953
1259 39808 40919 40933 41199 43303 43925 44617 53472
1260 22365 23008 30540 40058
1261 1620 32683 34925 39442 39486 39557 39639 39642
1262 30140 30984 46189 46221 46491 48055
1263 3413 20011 20142 26144 27216
1264 17899 19650 20046 31436 31462 31595 31868
1265 34492 36365 45028 45806 46739 47348
1266 7909 8110 8631 9648 48304 48322 50188
1267 15146 27748 27750 27781 27798 36996 37142
1268 3126 3650 16826 60928
1269 7904 13701 15139 22320 25776 41099 51704 53320 53393 61096
1270 35808 38784 53050 53054 53437
1271 14060 37566 37573 37575 47533 47534 47584 58097 61470
1272 12390 32641 45517 45789 45790 46115 46124 46125 46985 47121 47175
1273 7702 8414 24968 32046 49141
1274 527 795
1275 6703 7106 15396 15907 15920 15921 28869
1276 5527 5542 13050 13084 48568 49280
1277 2427 3826 30059 36561 38849
1278 31591 31592 31856 32068 32238 32334 32931 51751 52229 52392 52449
1279 36844 39453 41572 43609 44520 44543
1280 23 20329 29693 35255 53033 61840
1281 3252 37472 49475 62624
1282 1045 34212 39736 39952 61520
1283 3836 26842 28322 45162 45960
1284 23523 23526 23528
1285 1035 16303 16425 16482 16925 17354 17863 17895 20046 20400 21113 21114 30826
1286 6467 6586 11584 11695 33219
1287 916 6863 28491 29256 42753 42755 44242 44493 44730
1288 1532 4621 5822 7926 9603 22230 22362 45813 48885 51624 52219 52463 52512 61305
1289 20856 20857 26354 26355 42219 51448 52112
1290 24586
1291 29878 29879 29880 30991 55036 56613
1292 38895 39516 40125 44091 53957 54393 54588
1293 7202 9669 9780 28416 52864 55326
1294 1559 4089 7845 10348 13813 16280 16353 17142 17166 21575 21685 24709 26834 40053 41055 42814 43725 51726 58754
1295 2199 3120 10866 10919 30480 30481 36514 60693
1296 1889 2073 9985 12271 18351 25068
1297 3257 16658 23610 26020 34931 46021 47981 48050 48140
1298 892 4943 8019 8021 8023 9455 9460
1299 3710 3727 26289 37389 42741 49328 49459 50528 50798 59364 59497
1300 5780 6958 7928 9338 9440 9605 9660 10021 11327 13805 25830 26008 43735 47222 51266 51279 51678 51735 51750 52279 52499 52505 54702
1301 2246 2247 2248 2249 2250 2328 6163 8749 44934 46028 47352 47423
1302 38694 46816 50347 50376 50893 57754
1303 3480 6391 48497 59635 61654
1304 7674 8071 9386 9735 10313 10330
1305 42820 56583 58536 58544 59040
1306 29409 29410 29428 29572 29647 29648
1307 24000 25726 25730 26005 45022 48972 52295
1308 3423 13955 14272 29730 29823 34801 38683 39036 39192 44088 56044 58301
1309 18305 18306 18308 31575 31850 32280 32532 32934 38708 39101
1310 37641 39227 43555 43933 43935 44170
1311 16187 18531 19036 19095 19244 26043
1312 11123 49241 49877 49922 51308 51590
1313 22568 45993 51420 52217 52473 58909
1314 15279 31371 48417 48536 49994 51708 51774 51794 51934 52141 52314 52590 52652
1315 34292 40150 43741 50525 55971 61414
1316 4743 5990 38911 43930 52587 52589
1317 9190 31069 48510 52324 54120
1318 31767 32221 32467 32473 32799 33053 56751 56752 56753 56754 59739
1319 20067 23836 29735 62147
1320 39902 39904 40640 40873 41158 42565
1321 36663 41067 41068 41321 45686 62120
1322 10557 16912 18200 18519 18842 18845 18846 19553 20069 20779 20783 21091 29435 29436 32173 33104 33508 33509 33522 33523 50782
1323 56137 56454 56503 58869 58872
1324 1336 32346 42700 43243 43677 52996
1325 4075 13760 13972 14132 37244 39811 41451 42657 42743 50952 51074
1326 2816 2817 38620 46314 46806
1327 16570 16665 17701 26276 26280 31890
1328 34725 35501 35553
1329 8469 12260 61601 62263
1330 34379 44378 46535 61431 62603
1331 2751 16024 50483 52398 52501 57574
1332 20055 20153 40941 40942
1333 10435 12285 28949 30371 53161
1334 4875 5324 5390 35911 35914 38930 39204
1335 62079 62221
1336 2408 28247 36453 49353
1337 1093 1182 1313 14262 14268 37644
1338 3907 23142 25408 25972 28469 36232
1339 30000 34857 34865 61726 62285
1340 14841 15007 21333 26985 57737 57739
1341 2164 17180 17293 18028 18079 19465 19531 20569
1342 16225 41713 42938 44595 44611
1343 28930 38448 56278
1344 15593 15874 16094 46027 47654
1345 8126 10492 10516 26612 32508 32658 48816 49196
1346 14038 14133 43068 43086 52853 54609
1347 6771 6802 24679 31446 48063 50012 56572 56573 58559
1348 19081 19089 19195 21725 21939 22047 22060
1349 33989 36579 45190 47397 58369
1350 37685 39814 44121 49477 49641
1351 9565 17869 19894 22618 23023 24606 25448 28327 30390 32499 32742 46608 47164 48894 50185 56125
1352 17995 36601 56216 56225 56243 60947
1353 5028 9361 25334 39339 39938 40715 40906 43206 54201
1354 27944 27971 27972 33854 47912 50982
1355 2428 17244 17529 18833 19688 33946 62061
1356 1745 4639 4640 6019 6067 6092 6136 18864 22063
1357 30313 41796 41858 43190 43425
1358 1004 1032 35126 35293 35543 38004 61370 61419 61509 61680 62244 62659
1359 7890 8474 8664 28430 29415 30989 32550 32778 48791 48876
1360 34175 34216 44275 44276 50543
1361 196 603 1840 6304 6559 11947 30278 46401
1362 33790 34015 34489 35401 47296 61451
1363 3523 33466 36100 38524 40299 44082 47430 50673 58529 61515
1364 18356 18444 20814 38937 49729 51012 59423
1365 14261 54807 55140 56564 56634 57009 57148
1366 1147 2376 10237 12317 13584 22895 24621 51981 53020 55216
1367 34134 37581 49369 49370 49371
1368 10 32241 36911 61559
1369 8051 23874 25594 25748 48938 52581
1370 10954 28914 28928 31334 60672
1371 32949 33077 33329 33379 33380
1372 5372 9221 9563 18749 23050 24232
1373 14981 56897 58125 58527 60519
1374 7076 7924 8715 8945 48746
1375 7413 7415 9078 22335 22336 33605
1376 18436 18540 19020 19139 32413
1377 5344 24383 29369 33926 34516 36396 61951
1378 11812 26056 26119 26361 26393 47323 52706
1379 4599 7087 22236 38577
1380 13360 34494 34495 34497 34870 34917 61545
1381 9530 29616 36394 49671 51036
1382 3533 34171 48109 52865 54408 60149 60161
1383 10828 12227 12364 15134 40455 53456 53694 53986
1384 21828 40330 44690 46676 56239 56244
1385 40756 41552 42250 42252 43216 43299 44682
1386 338 8459 8686 8796 9665 27834 29108
1387 36030 38005 38723 38724
1388 12410 40029 55076 56624 56635 59605
1389 24778 27660 31630 32518 48507
1390 33186 33188 33189 33191 33193
1391 4323 37348 38086 60322 60489
1392 12910 13071 13351 14566 40835 40858 41133 59530 59531 59758 59759
1393 4542 7752 19049 33281
1394 35861 36099 37300 37957 40469 45423 45848 47187 54893
1395 21428 26665 27488 37098 51244
1396 41661 42116 42120 43885 43886
1397 7575 12843 16419 17517 17827 24194
1398 3229 4213 12805 37132 39810 39814 39818 39820 39894 39900 39905 39958 50368 50372 50380 53050 54035 54060 54074 54947 54948 56822 60827
1399 16613 39385 39637 39932 44830 61345
1400 2884 4292 18758 21301 27861 27863 27864 27865 27866 27867 27870 34830 40595 40820 43016 43019 43026 43029 43085 47668 50550 53472 54035
1401 13279 13816 13825 35441 53090
1402 22139 22532 22594 23751 24470 25168 25624
1403 6353 11769 47315 51853 56919
1404 35491 37681 39729 41122 43246
1405 2756 3307 9045 24685 32221 32926 35645 38727 52714
1406 50 7671 50810 61719 62035
1407 4523 28117 32235 33889 34056 34997 58273
1408 706 16047 44973 55435 58160
1409 1316 4958 31075 31091 34014 41793 42985 47468 48041 50054 50631 50895 53210 53440 59048 59052 59572
1410 106 728 849 1853 2439 30113 31656 32454 32556
1411 3867 34797 45390 48612 48613
1412 35311 35322 52516 59164 59532 59544 60478
1413 3736 4373 4387 4388 4389 4481
1414 13299 23916 24572 25839 30640 36345 36959 49373 49374 49439 49440 49484 49568 55104
1415 13758 17136 38433 38440 43214 43808 49430 49451 53918
1416 7082 19421 45631 46067 51972
1417 543 3239 4329 4786 5160 5511 45972 46378 49314 49322
1418 4646 7236 8832 11183 23799
1419 29474 39788 43582 53551 54274
1420 40926 43592 44549 44648 53259 54129 54131
1421 61488 61687 61777 61794 62290
1422 2561 2563 5695 5874 15281 19303 20768 26281 26318
1423 34293 35841 35842 46735 47605
1424 523 6747 6748 11702 15653 15757 29012 32078
1425 16406 17528 17682 17724 20270 21326
1426 5436 23921 23922 39095
1427 12411 35997 46539 46962 46963 56209 56222
1428 41711 48229 53081 53082 54603
1429 1201 7373 13767 37372 37705 51102
1430 12602 12675 37393 40176 40178 43174
1431 35583 40068 40160 41588 53930
1432 61103 61141 61314 61340 61363 61459 61830 61994
1433 12550 18703 30650 62006 62280
1434 7436 10612 14089 14415 22732 23809 34764 35240 42226 46418
1435 7431 11623 15364 18032 19753 23006
1436 13192 14139 23613 35121 41225 41383 41985 41986 42625 42788 48694 48703 48705 48708 49516 52817 52851 53555 53627 53737 53803 53805 53840 53921 55557 55593 56963 57132 57486 57506 57527 57650 57766 58113 62216
1437 17902 23027 23340 24791 36328 48918 48996
1438 7920 12774 13357 23377 24848 25799 34852 35906 40192 43537 45757
1439 4187 4220 41842 43092 43441
1440 1534 3363 12784 13722 17082 18327 55097 56588
1441 2197 4708 4713 23929 61368
1442 9498 9653 9756 11956 61336
1443 5630 6866 6950 7885 10405 49026 49191
1444 7497 7629 7844 8093 8109 10322 34587
1445 5964 28021 29010 29402 46526
1446 13275 13276 16618 21644 23325 26538 59249
1447 6886 10345 60683 62382 62501
1448 30310
1449 38875 41549 43531 43533 43542 43888 43889 43891 43895 43898 43899
1450 42637 43060 43999 55515 56904 56939 57105
1451 20104 22691 23134 24946 35978 58197
1452 2784 35211 42131 48171 48330 62679
1453 1643 33867 36286 37572 48388 48638 60627 60634 60649 60690
1454 11390 23994 24356 24862 51311
1455 29263 41101 53492 54602
1456 13933 18832 18915 18917 21738 25657 26978 26980
1457 972 979 1001 28014 48673
1458 890 1548 11962 12401 12490 32527 39739 47836 50244 50302 55636
1459 5964 15483 46559 47621 48728 51032 51776 54120
1460 16978 17537 19832 19911 19974 20342 20343 20459 20594 21160 21161
1461 33911 33912 34374 35499 38222
1462 18721 18753 34496 34545 34647
1463 13281 22463 40720 44450
1464 919 46040 62170 62270
1465 6482 6625 6659 45892 46938
1466 27428 30844 51757 61324 61710
1467 6149 6220 28903 47743
1468 35675 42105 53846 53847 55584
1469 4549 4550
1470 3486 38458 39231 53859 54148
1471 26576 27204 27247 33354 35483
1472 239 6688 12005 28156 37469 46118
1473 468 869 1420 6782 7779 8885 10563 15763 28998 32479
1474 55273 58233 58268 58272 58368 59248 59458
1475 3283 13289 14599 35291 35339 35351 41822 45853
1476 48331 55448 58334 59887 60092 60600 60601
1477 2576 2700 14436 30360 43374 44688 52448 53452 60877
1478 2573 6650 28827 30173 32157 34180
1479 1444 12922 13006 13183 14252 34345 35796 40204 42757 43680 44391 50757 50913
1480 18589 19163 27425 28903 32095 32476 32629 32636 32832 32873 33195 33240
1481 21709 32427 32692 61732 62345
1482 32919 32970 33415 45589 45590
1483 24713 40155 42323 43812 44743
1484 11592 15713 15964 29029
1485 3487 3921 14890 35327 56268
1486 9269 40492 40705 40771 41290 41390 41398 42159 44199 46338 46339 60759 60801
1487 3783 21198 39779 44845 51700 51719 54537 61217
1488 10193 28992
1489 3410 58514 60332
1490 47851 55365 55479 55689 60018
1491 47370 48381 60629 60642 60650 60654 60655
1492 10433 10544 10651 45661 46304 61416
1493 2838 2894 3315 3378 3387 60790
1494 1242 12852 35970 36826 47982 50485
1495 4010 13241 13960 38602 40914 44485 61007 62021
1496 34569 38583 56243 57871 61369
1497 4343 31076 38572 50946 51053
1498 25800 29128 29177 30385 32833 40982 41828 45861 61513
1499 1329 28251 28294 33742 33898
1500 1480 34084 43783 49684
1501 21848 33720 34154 45878 46916
1502 973 3653 11053 19621 44801
1503 4949 13269 38845 39039 54734
1504 4858 17388 18209 19896 30154
1505 1070 33841 34206 38510 46912 61416 61847 62271
1506 35727 42309 43037 44266
1507 8877 23088 24574 24699 24888 25924 25951 51984
1508 8883 9802 10054 10282 17134
1509 19796 20885 20985 26233 27140
1510 7199 7992 14090 40827 40828 40912 44544
1511 16766 16768 41381 50744 61194
1512 3388 13216 13421 37802 38076 39562 42518 45537 50848 50908 58286 58287 60843
1513 3738 28018 34765
1514 17512 19857 56669 61984 62194
1515 30309 30352 35195 38473 43039 47481 54599
1516 3442 4674 7210 15238 23389 25743 34291 35519 36593 37395 37396 37745 37980 44869 44958 44959 46690 48235 48272 56739
1517 9497 9563 10152 26942 26943 53180
1518 9900 29352 29711 48511
1519 5290 11872 12088 30336 32582
1520 3961 4139 4164 4188 36116 39286 39452 39629 39738 41716
1521 12518 12519 12520 12574 12575 12576 12577 12578 12579 12581 12582 12583 12584 12585 12586 12587 12588 12590 12591 12592 12593 12668 12669 16683 45382 57025 57026 57028 58450
1522 27639 27640
1523 41592 43302 43305 43469 57659 60872
1524 47546 47596 47597 47702
1525 16465 16583 17098 20158 20430 20457 20487 20488 20530 36576
1526 9203 9289 9672 9832 9937
1527 18379 18416 26471 27287 31148 34518 42827
1528 39471 39472 39956 40451 56219 56223 56238 56244
1529 151 986 996 2663 28361 28976 29034 33762 34701
1530 10895 36528 46177 46450 47772
1531 1096 21817 29768 36630 37401 38687 44912 54848
1532 1370 12280 45311 46882 47007 52628
1533 41758 41761 41765 43089 43367 53624 54584
1534 1435 1583 3493 3539 52715 52716 52717
1535 152 183 31388 32757 32859 33365 48316
1536 26137 26711 27097 27121 27129 27137 27339 31373 31385 31404 38184 38397 39544 41236 51327 51328 51950 52034 52117 52595 60662
1537 6583 11198 15678 15805 16061
1538 24948 25046 25099 25380 25416
1539 2262 12138 29568 29720 51732 51877
1540 2921 17555 21550 27122 37153
1541 938 2643 29910 30036 53698
1542 2500 2501 6314 15554 15881 15948 19328 29680 29681 29682 34069 47052 53757
1543 16830 16987 17697 19577 20537
1544 33846 34266 34408 36644 38476 40714 41185 43470 43615 44379 48057
1545 6046 15438 15589 15833 29237
1546 11076 11090 28496 42811 45027
1547 5623 11384 14250 22816 25472 43374
1548 1250 7873 7954 22200 23496 31584 31585
1549 3772 37983 39055 39614 47277
1550 40597 43278 43279 53182 53914
1551 20308 26881 37182
1552 15995 39595 41588 41721 55096
1553 1895 4137 6941 7021 7345 7406 9121 11296 20068 20820 29590 32187 35994 36236 36859 37398 48847 51108 51760
1554 3982 14724 15748 33283 35786 35788 50832
1555 1197 5310 5399 14231 14419 41074 50093 50508 50984 51004 51380 51688 52088 52445 52906 54364 55242 57252 57255 60321 60497
1556 3873 3876 3877 47521 55456
1557 33673 59538 59720 59910 60386 60446 61959
1558 4105 12831 12833 53224 53226
1559 10616 35304 37265 61974
1560 3220 4014 47900 50449 60023 60933
1561 4784 4880 4917 5391 5507 5519 11885 12440 29300 29876 29877 44955 47176 52624
1562 35148 35250 39898 40048 53313 62320
1563 1222 29202 29204 30509 38207 47520 48411 48593 52186 62632
1564 13124 13758 35545 38276 38368
1565 7873 23177 23939 24689 24768 25101
1566 10598 10721 18657 19954 36883 48687 60323
1567 17661 17688 19464 20805 21100
1568 3505 19435 19570 26598 28901 50874 61354
1569 343 497 19661 30104 31888 32535 33169 49243
1570 10439 10490 12614 12707 36741 37083 37384 48463
1571 17686 17836 36681 56635 58927
1572 8487 9135 9731 10635 52453 60172
1573 2353 13941 15334 28494 28733 35916 45590 49666 52000
1574 18345 20347 20743 21069 26583
1575 7542 10252 10479 22281 22544 23063 23538 41611 46330
1576 26009 41485 41486 41487 41891 42759 58718
1577 10802 33173 35185 46506 50052 50381 54594
1578 34623 39148 42464 53064 53420
1579 1390 1507 11346 11350 11392 16118 17425
1580 562 15314 15319 20954 33232 35254 39596 59074 60145 60287
1581 9090 10532 18077 19176 26204 34912
1582 34966 39389 55779 60709 61089
1583 16279 16291 16328 16330 18129 31456
1584 1051 33717 33865 33913 34200 37517
1585 719 1006 1019 4611 7368 8382 8598 10735 10757 11057 11066 11108 11192 11352 11359 11413 11416 11428 11458 11684 11726 11733 11770 11771 11773 19339 22754 22817 23641 24654 31742 51395 52831 52832 53015 53126 53293 53294 53296 55215 56130 57242
1586 9601 16529 23405 24284 25813 26351 26403
1587 13237 36885 57406 57931 58608
1588 153 459 693 1378 1945 4231 4427 4651 5108 5506 6401 6402 6574 6579 6627 15968 15969 22765 25876 31917 31918 32323 47640 47641 51333
1589 2534 10543 32702 32703
1590 9391 9941 10530 12842 35589 39139 49136 52862
1591 37219 37970 43689 45257 52364 52503 62200
1592 4399 15908 19313 19329 23437 27825 47687
1593 16784 17351 17820 19702 19841 23391 24077 30630 31652 31735 31750
1594 4230 52070 56592 57011 58646 58648 58651
1595 13491 13496 20880 30643 37300 44282 54690 59306
1596 2243 37117 53102 53188 53229
1597 2133 4742 4983 26346 26886 30821 30984 52442
1598 7637 8536 8645 9079 9206 10187 31508 39401 43226 44398 48906 50434 50740 54654
1599 17247 17248 17400 37357 60713
1600 14452 14453 21048 26457 26964 27049
1601 9635 9698 10892 19168 24834 33174
1602 55077 55395 55396 56934 59281
1603 15951 17870 18123 24639 27704
1604 3395 11835 28124 47286 60708
1605 17652 26650 26976 26995 54942
1606 39497 39498 40041 40042 55083
1607 619 622 653 684 776 895 5646 6354 6364 6859 6860 6862 8906 11767 13388 13811 14266 15023 26155 27857 27858 33919 46547 49045 49088 51723 51959 52423 54634 54683 59308
1608 110 708 15543 19329 22396 25413
1609 8736 9234 10093 13988 14987 20018 20591 23572 38543 38597 46907 48979 51404 51764
1610 11524 11699 16329 19166
1611 16604 16715 19660 33826 34184
1612 3438 8364 13595 13604 35451 42615 42618
1613 38311 42466 42467 54008 56327 61654
1614 14401 39489 39490 39491 39494 42434
1615 709 9805 25746 37828 52317
1616 30726 30742 30972
1617 9173 13505 18355 21499 21631 22411 26877 27179 30520
1618 4924 5472 36776 43193 45428 46675 61514
1619 1617 42669 43245 44259 48568 57560 61306 62520
1620 33901 34265 34298 34520 45416 46398 46419 46939 57685 60422
1621 35606 35952 37391 37856 38099
1622 5041 5206 5333 5554 12003 12089 12090 12097 12265 12276 16827 17725 20383 21056 45027 45055 45126 45172 45265 62393
1623 16827 31695 31706 33365 44566
1624 12099 45158 45165
1625 6869 9059 9589 9777 48723 48737
1626 12100 45067 62191
1627 16917 17036 19655 19980 33708
1628 7755 7930 8848 23033 23472
1629 1167 7921 7923 17603 17618 18272 18513 19944 40361 44510 44678 56976 57343
1630 3583 39120 46288 46445 47106 47272
1631 16206 27503 27504 28678 28695
1632 11795 38859 47392 53047 54624
1633 1440 19874
1634 2833 3105 3106 35529 51676
1635 15924 18323 18405 18556 18564 18596 18640 20979 20987 40834
1636 5142 6931 7022 7129 7303 7402 7837 8255 8524 9067 9957 48849
1637 10589 10618 10688 35375
1638 4038 5187 37399 39144 58898
1639 648 12043 31732 36722
1640 21341 21425 38677 45931 47826 47827 47831 48112 48158 48159
1641 35471 37337 37341 45889
1642 5505 5943 8821 9334 15350 25407 37036 44367
1643 5095 8856 9132 16870 17151 17153 17369 32714 40520 45188
1644 39612 39615 41150 41151 41152 41153 41154 53052 53056 53148 54598 54603
1645 114 15833 19337 32695 32699 33272
1646 1248 2197 2509 3445 3446 3654 3971 10942 28169 29939 30497 30591 34582 43954 47359 47578 49522 51130 51222 51578 51800 51886 51952 52011 52044 53679 60664
1647 10416 10437 61024 61125 61246 61247 61543
1648 438 481 565 6393 6677 6815 30432 31311
1649 6855 11949 11974 15978 30279 35370
1650 6622 6628 6631 6671 6683 6726
1651 41307 41909 43072 43250 43406
1652 35 54 61 62 3018 8059 8134 8266 8580 8669 8673 8899 9379 9380 9381 20097 20521 33521 34157 34187 34401 34522 34583 34584 34586 34748 34815 34817 48840 48841
1653 30712 40950 41870 41877 41885 41886 42986 43042
1654 18868 21469 21573 26290 26377 42062 42868 58903 60338
1655 21257 22262 22273 22453 22490 23145 23176 23178 27743
1656 11759 12357 29320 29417 29433 48264 50259 50283 51803 54744 55757 56521 61353
1657 2382 5056 8034 9981 13521 17964 18102 23755 23951 36452 38196
1658 43072 43117 54005 54016 54018 54032 54038
1659 10667 41901 42629 50915 57921
1660 61634 61637
1661 3284 32110 32123 41529 60763
1662 20227 20229 20239 20558 26743 30462
1663 32475 40383 40384 43055 43131 43132 43133
1664 363 484 700 3465 3503 6695 33886 48388
1665 34718 34720 40947 41386 45379 45480 47060
1666 34517 50745 54562 57120 62656 62670
1667 3585 43941 54351 54363
1668 1735 1867 1909 10626 15941 30434 32365 45440
1669 1422 36244 38011 45548 57788 60337
1670 2381 21531 36587 38870 39058 58433
1671 20388 20390 20667 26042
1672 11193 11253 11405 16423 16527 17506 17704 17735 18009 20094 20895 26411 31577 32082 32607 33102
1673 4468 15063 15065 15066 54643
1674 8543 9077 10186 21122 25021 28840 31503 39709 40377
1675 42070 44598 53091 53189 53190 53997 54401
1676 1299 36822 37865 37946 38630 60251 60592
1677 8900 17579 18365 20945 48779
1678 1327 5609 6893 6897 6900 7850 8111 9152 9153 9167 9503 24252 24955 26548 33552 48871
1679 22258 22737 22944 24988 48752
1680 6369 11758 11918 15390 15644 15914 45919
1681 393 426 15852 16089 47678
1682 13576 35578 37543 40191 40335 43088 54535 62016
1683 7732 12195 13391 45105 52632
1684 1539 1542 33794 33974 37935 38211
1685 1685 28363 28408 28431 28501 43942 57088
1686 45759 45904 45905 45934 46772
1687 4032 4624 4820 22138 22471 22676 23161 24165 24570 25805 25806 35140 45157 52897 62436
1688 1326 19443 19936 19963 20874
1689 7489 9689 10110 34119 45722 45773 46200 61584
1690 4727 14056 14767 14958 17365 19922 27399 40264 41924 44094 49027 52046 60146
1691 8908 31107 36669 38963 40622 40623 40624 41498 41574 41867
1692 13920 35327 41128 42344 43787 44441 50703 59919
1693 7659 9701 9828 48522 48659 49012
1694 10594 10664 10720 10739 10744 12093 12250 13202
1695 29202 48446 48622 48625
1696 33810 36354 50432
1697 4683 6910 11022 17621 18918 32541
1698 10694 11114 20456 20495 20609 20679 20854 21072 21364 21371 21427 21800 22041 23833 26254 32902 32943 37956 41061 41247 41248 45955 46224
1699 20389 38345 41326 41742
1700 5789 5901 6052 31672 31810 36228 45758 47133 51467 62479
1701 11285 13192 31005 36101 37333 37749 38996 39614 49763 59888 60310 61211
1702 16214 16231 16347 16352 26775 27189 27365
1703 20046 21690 26849 36774 40290
1704 47073 47074 53535 53536 53543 53546 54332
1705 8641 11335 33302 35340 46587
1706 20797 29021 31058 62714
1707 175 989 990 1116 5538 5724 5963 6666 11962 27692 27693 29231 32530 38282 38410 46626 46677 52047 52655
1708 18731 33815 35960 35961 37692 38443 59043
1709 8392 8459 23885 23935 24730 25437 25439 25882
1710 3843 27394 28211 30511 32828
1711 39437 57923 57974 60346 61154
1712 15249 29582 29787 47965 49864 49968 52031
1713 1315 4104 28952 34285
1714 3052 3564 3565 3566 3598 13453 21762 21829 27201 39287 42224 42864 43061 50481 50978 51033 51056 51094 51260 51645 56077 56809
1715 62256 62258 62259 62261 62264 62703
1716 8640 8780 10059 11870 33249 33358 48877
1717 5662 11249 15585 15973 23845
1718 29016 30472 51988 52312 52373 52500 52643
1719 17978 22746 22930 22934 23004 24071 43025 52822 56245
1720 2614 31272 44723 44772 52921 54609
1721 18526 18577 20467 20829 23108 30376 46254
1722 12167 52822 53674 57718 57815
1723 12265 28992 34871 45166
1724 31752 32210 32710 33171 39758
1725 16678 18287 20808 21309 21310 28232 28271 51479
1726 1363 28521 35922 48446 51099
1727 10935 18309 21700 29116 30266 46162
1728 42718 43987 54492 57327 57328
1729 1118 13447 15053 39017 49510 50266 57502 59763 62676
1730 37292 37704 39616 48353 55019 55022
1731 183 1252 6522 27934 27991 30094
1732 928 969 970 975 987 1002 48672 48676
1733 8460 9220 35772 39083 59337
1734 39786 40728 41083 43033 43879 44083
1735 9413 18930 18954 18963 18965 27652 27687 32602 33390
1736 26203 33547 49528
1737 2623 6843 15721 15966 56235 61736
1738 22018 23441 23442 26958 28304
1739 3728 3731 5872 16446 17462 17829 32211 32257 43690 46567
1740 2119 2294 3370 7729 16979 17488 17692 17755 19160 20862 28387 29954 33296 38422 38545 38738 39125 39129 47389 49178 50373 52731
1741 16475 16981 17587 19855 47871 55291 55292 56978 58461
1742 112 412 1876 2098 15799
1743 2492 2493 5181 6888 7508 7652 7984 8845 44806 44836 44851 44881
1744 717 16044 16106 28836 31922 32670
1745 48444 48448 48558 48566 48570
1746 231 18718 23132 30363 33713 34226 36163 46072 53350 57172 60430 61124
1747 199 10928 10953 27733 32935 48388
1748 22812 35352 36882 37519 57957 58296
1749 46375 55766 55767 55768 57124 59660 60582
1750 30984
1751 3995 4003 4152 52275 53455 54944
1752 17927 21870 21917 21968 37423 37586 37595 38312 41623 44016 54107 54660
1753 203 219 220 1322 2389
1754 1191 1226 45908 46219 46482
1755 2959 10897 10911 61657 62038
1756 8249 9266 9267 10098 10100 27817 28011 28558
1757 4965 16740 17637 17844 20914 21729
1758 35349 37216 38489 38509 47389
1759 8394 8396 19218 23521 25942 32051 33012 33013 53467
1760 7280 23283 23343 24829 26803 27353 48833
1761 2647 4444 7908 9478 9608 22707
1762 388 2952 15583 15736 52413 59672
1763 40007 43827 57377 59475 60436
1764 45450 45526 45578 45765 46237 46262
1765 7922 18189 20084 20585 21120
1766 37936 62080
1767 47057 56416 56454 58447 59865 61754
1768 46096 57979 58597 59448 62490
1769 27835 27888 27898 40791 40792 42462
1770 8441 10046 18195 18376 20807 23489 26921 32770 32771 44847 51223 51775 53153 53284
1771 39354 42533 43303 43700 43701 43945 44147
1772 1221 1801 5156 5482 27774 30161 32350 37014 39533 46516 47545 47585 47638 51320 51329 52135 52139 54634 58779
1773 16748 17187 17345 46103 46485
1774 39717 39719 39721 44534 58589
1775 25387 32270 43765 43766 43777 43780
1776 30782 37008 49858 56546
1777 5699 36250 36255 37085 37703 49342 52940 52941 53124 53244 55495 56001 56591
1778 186 587 15672 30343 34393
1779 1964 1965 1966 1967 1968 33162
1780 31968 32069 32218 32309 33180
1781 454 474 643 759
1782 1629 5204 37839
1783 6511 10634 19437 20172 20472 31791 32040 32276 32695 32696 33067 33068 33200 33337 33579
1784 2176 11902 19828 38047 38147
1785 5223 7643 22544 24219 25488
1786 10784 10812 10821 34980 35160 35347
1787 1386 12948 25790 41355 42180 42182 42524 43247 53857 54532
1788 3640 13953 44853 44961 45107 48664
1789 11252 17539 40143 43065 44717 56707 56708 56709 60476
1790 5479 36843 39392 39400
1791 4371 49245 52910 55020 55063 56625
1792 1235 61698 61889
1793 378 5370 6329 6371 11793 20119 21414 29076 29077 39024 46894
1794 28142 35874
1795 4730 7414 8252 8665 9041 46481 46578 47079 47249 51304 51543
1796 7343 8173 9214 39104 48930
1797 9170 9956 9993 10104 16665 16972 17017 17043 17569 18480 18483 20406 20771 25613
1798 38486 46756
1799 36949 37650 37938 39212 48469
1800 7849 24269 24270 30054 30144 62405
1801 28855 28875 59017 60349
1802 3133 3174 30751 30942 47574 47628
1803 12896 35688 38990 46171 49557 49558
1804 2189 2713 6232 28052 48190
1805 4794 16999 17228 17365 17371 17846 30812
1806 42277 42976 43665 44196 54297 54303 54337 54356 54652 54658
1807 1074 1088 35738 40843 43046 44431
1808 48402 61414 61467 61679 62650
1809 11406 15801 16467 16546 20093 20120 31547 31854 39836 39925 40022 43027 43089 43094 43095
1810 12964 14924 23396 24012 25034 25040 25414 36868 38197 50965 53797 56623
1811 13937 15770 15786 23658 27916 34560
1812 35057 54906 54907
1813 3265 37359 37388 46745
1814 6438 6581 6591 6742 6744 61042
1815 48025 48348 48349 56849 60248
1816 9201 10301 10383 12509 57597 58154
1817 11760 12016 23663 27526
1818 13511 13815 13906 13961 13978 13979 14424 14425 14426 14677 14980 53885
1819 10226 16268 34828 36113 53936
1820 867 29037 30249 30273 30276
1821 9788 14461 15735 19045 19635 19639 19909 23314 35375
1822 1579 4360 12609 35923 47748
1823 428 431 471 474 4836 4933 4948 5341 5537 51630
1824 28641 31391 45180 52337 61098
1825 6221 18076 18630 20860 21197 29581 29673
1826 887 28219 46029 62528 62625
1827 39479 41192 41216 43102 43929 54861 55361 56117 56119 56370 58208 58649 58802 58928 59954 60237
1828 4889 12969 29911 34926 45556 52718 52754
1829 13092 13760 38198 39112 40882 42476 42962 48401
1830 17094 18773 20694 21013 21770
1831 4563 4601 28426 28450 31962 32010 33362 34483 39476 43137
1832 421 770 5513 5946 25235 34311 46751
1833 8398 54305 54306 54925 59825
1834 11677 15922 16310 32382
1835 8107 8474 8908 11218 29510
1836 1352 1407 1465 29703 34779
1837 57855 57947 61423 61758
1838 34424 36526 41333 41703 41704 42593 42648 44771
1839 5879 17600 18576 51611
1840 402 1253 5953 5954 30795 30978 30984
1841 5410 5411 11274 22381 22500 22920 25834 47632
1842 48627 50387 50391 55705 56800 61607
1843 5608 5648 37763 37766 38622 38775
1844 31755 31982 35195 46648
1845 15659 16392 16712 18488 27254 33292 44902 45090 46584
1846 107 6441 6750 15670 15898 28993 29139
1847 19461 20205 20206 21377 27037 27263 51668
1848 1395 3664 30992 36195 39822 47386 62419
1849 237 6223 9859 10423 10485 10491 10716 10741 12453 16892 20435 29998 30411 31999 47103 48946 62489
1850 30769 30770 30780 61729
1851 33694 50317 62185
1852 2679 15354 20197 25122 25142 25460 26059 26191 62463
1853 7507 7606 7608 7997 7998 8056 8192
1854 37021 37162 38826 38827 49543 50349 60841
1855 23094 50872 55902 58413 60542
1856 18988 26535 26913 27583 27584
1857 469 4518 4883 8789 12409 12428 12493 12650 22830 22885 30490 36413 36802 40435 45533 46966
1858 4769 8908 17789 18302 31061
1859 150 499 1748 1821 1827 2091 15669 15670 19608 30403
1860 28697 28860 53838
1861 17620 17798 18342 20472 24519
1862 58170 60247 62655 62702 62706
1863 38755 56863 57027 57972 58242
1864 1326 8601 8702 8844 8907 9616 48904
1865 38735 38974 40060 43391 56586
1866 1901 18167 18419 20825 30399
1867 2722 2752 6108 6533 6589 8154 8180 8187 16015 24963 31317 32175 32744 32745 48907 51382 52161
1868 4045 9745 16161 23733 23975 28066 28074 34548 35427 41992 46699 49793 60010
1869 2166 21944 21945 61830 62041
1870 4307 12833 12915 43011 43012 43248 43778 43781 52218 53152 61517
1871 26524 34526 36027 37252
1872 9891 10900 17571 20911 20912 34245 45005
1873 1534 11937 12106 31588 32965 33302 33462
1874 5672 5836 24953 25251 26190
1875 13250 13259 22739 23103 24605 24640 25463 55926 56006 58398 58995 59236 59953
1876 1516 7822 11899 11961 37818 47855 48103 62525
1877 13968 39787 46821 48413 50821
1878 1609 31137 35580 39147 45912
1879 488 29095 45206 45636 45690 45899 46598 47050
1880 7976 36445 37803 38741 38867 43203
1881 1213 39616 43393 53471
1882 5682 7018 8252 10233 21104 21234 23221 48907
1883 35541 41267 43556 54368 54555
1884 3342 44991 44992 51176
1885 5358 6083 6128 6143 12397 28528
1886 13290 14282 51803 57869 58212 59872 62536
1887 14421 54454 55034 56629 59921
1888 11659 15508 15745 28857
1889 8837 9377 9816 10511 16900 21187 23750 25406 32969 45441
1890 11815 11856 30493 37732 49760 49768 49773 50655 51126 51147 54757 55792 57263 59178 61174
1891 16169 21570 21626 21654 21704
1892 1272 36063 37455 53981 54105
1893 13439 24939 40989 40991 40994 42199 42200 55277 57035 57350 57354 58815 59131 59267
1894 1503 5035 25420 45927 48512
1895 563 575 610 905 28080 28081 28873
1896 5825 7355 8359 9427 22858 23686 48888
1897 193 5686 6730 28807 28886 29065 31386 31399 33536
1898 14169 14860 26255 26862 49507 58134
1899 2474 2475 18232 44206 57924
1900 15590 15928 16003 16073 18132
1901 34073 34503 35506 35890 35910 59116 59286
1902 3271 4479 37118 38261 51157 51158
1903 1415 36642 37136 54243 54509
1904 14023 22512 48168 55105 56905 57198 59608
1905 32042 32699 57922 57937 58309 58343 59406
1906 8437 8809 10554 11157 21238 25349 59671
1907 5601 6843 15496 15912 31370 51875 52461
1908 29481 49325 51119 54860 55104 55529
1909 17179 17576 18186 18990 20282 20747 58924
1910 4440 9421 23462 23743 24303
1911 280 1642 12484 61396 61600
1912 10469 10470 10471 10528 35420 61399
1913 36014 44724 58607 60141 60144
1914 33871 40156 40629 43255
1915 30464 30474 36660 39123 47284
1916 81 128 5470 7353 22851 23516 23518
1917 2366 2367 15375 38397 49973 49974
1918 41568 44704 54787 57032 58714 60453 60598
1919 9351 14071 22270 30148 30762 47156 51027
1920 1578 17362 20442 20669 31005
1921 12264 23075 23213 24641 30492 45068 45126 45419
1922 40045 40548 40790 43260 53088 53149 53395
1923 26312 46486 62130 62289
1924 4080 21563 34570 36022 41983 43961 50575 62423 62498 62538
1925 13183 13237 26126 32698 40487 40983 42522 42732 54327
1926 1609 3419 19523 31028 35668 37129 45402 47327 50368 61258
1927 2429 2502 33759 45145
1928 4575 7578 9054 9518 10817
1929 748 1864 5523 6832 11700 12192 15705 15836 15970 22902 24612 27639 28933 37037 51970 52245
1930 14280 14515 14564 14603 39635 43448
1931 37245 38557 49324 60994 61693
1932 1489 4506 37767 44697 52243 55230 57168 57624 59111
1933 14204 21512 21562 26080 26081 26417 40016
1934 7158 8303 8435 8436 10057 10428 13188 31554 32871 32872 48690 48691 55431 55432
1935 6456 24541 34388 57432
1936 19619 21897 34543 34599 36807 47330 47414
1937 3218 4364 4365 4367 6914 16170 19504 20045 21448 26182 41488 42862 45530 46853 46857 48084 58960 60776 61022 61202 61675
1938 15465 32008 33045 34590 45745 47575
1939 36563 56101 57096 57273 58276
1940 14748 39783 39916 40579 54343
1941 33773 33932 34262 50100 60259
1942 14759 40437 41617 41619 41681 42008 42015 43359 43364 43365 53238 53525 54124 54195 54284 54287 54449 54455
1943 10737 18370 19430 20956
1944 12330 18766 20946 46064 61729 61844
1945 6036 11092 24138 26027 27158
1946 40346 40352 40425 43230 61311
1947 818 1551 55487 62032
1948 15657 22630 28023 28613 62376
1949 804 6693 8894 15625 18404 19718 20444 22113 36343 41110 49731 54071
1950 16849 20707 20773 21747 21888 26161 26170 26791 26941 27311 33609 34188 35457 46091 46292 47144 49326 49332 60335
1951 16319 41382 42945 43021 43071 45817
1952 3523 14041 40860 41304 41647 43094 43111 43119 43148
1953 15470 15548 23922 32704 45296 56869
1954 7717 8972 33693 35429 38400
1955 1691 1692 1790 1943 1972 2048 6733 19127 51526
1956 19872 20046 21460 21646 21661 27085 30145 47898 47936 47937 47966 47967 48426 53179 56390
1957 7431 9553 22219 22588 55193
1958 21838 22089 38027 38929 39087 47440
1959 529 545 6359 32121
1960 13967 14498 40405 40951 53579 53581
1961 15257 17977 18935 19005 19883 20428 31535 32256 45809
1962 29194 42784 53261 54275 54663
1963 9594 41597 43682 44148
1964 34252 34357 34843 37574 40286 40305 42038 42408 42631 43362 49344
1965 40110 40111 40948 40953 60857
1966 14188 44767 55038 59709 61213
1967 15612 15684 34466 37140 45727 61913
1968 8142 9632 10338 16038 46015
1969 15472 19047 19048 20057 20799
1970 25519 27108 31876 32671
1971 28969 28988 61623 61927
1972 3301 39604 39761 39773 39918 39919 52751 56302 56304 56305
1973 35752 36829 36971 55581 62154
1974 10443 28901 28986 30323
1975 34727 34739 34778 50096 50140 50278 56607 59270
1976 8899 22281 31169 48890 53814 54608
1977 13022 34498 38381 39176 50201 50620 50621 57161 60354 62390
1978 19384 19571 20075 20501 47471
1979 10349 23967 48755
1980 8460 13550 24492 62470 62499
1981 10519 10533 10771 61647
1982 7599 8064 8206 8207 8621 9529 10355
1983 10460 32438 38189 42290 44191
1984 20266 20534 48470 48599 54023
1985 5566 8483 24632 25058 25843
1986 47275 47335 47513 49398
1987 851 10596 10799 20554 20716 31423 31587
1988 3183 19473 19474 22200 22601 24142 24851 30027 32551 46414
1989 26187 27631 43001 43002 43298 43422
1990 14087 14199 14214 14219 14222 21481 25045
1991 14287 34415 35896 36591 38676 58332
1992 7336 7552 8275 8803 10378 15242 15282 15283 16800 18623 39876 48762 48828 48952 48981 61515
1993 4101 6355 7251 8747 19907 27823 28104 28360 29507 43703 47610 53199 54805
1994 7325 7372 7913 8560 8988 10472
1995 2572 2930 2939 50144 59199
1996 56612 57081 58405 58431 58432
1997 6590 6911 11869 16018 47647
1998 57313 57474 58870 59330 59512 59571 59729
1999 387 592 12505 47061 47068
2000 8620 18643 39705 41613 43155 43521 59964
2001 1189 35785 36921 38891 45424 46644 48407
2002 5575 5576 22481 44987 44997 45070 45143
2003 39478 41107 42359 44214 54387 54388 54391
2004 5249 11830 11865 16510 55815
2005 13847 14393 38180 41145 42552
2006 826 6728 15979 29271 45704
2007 15984 24965 33461 35852 50076
2008 42385 56989 56992 59367 59558 61244 61447
2009 14668 28549 35223 36136 40984 44535 47438 50106 50963 56225 56228
2010 6980 8800 10325 12030 14868 27006 27651 29732 30446
2011 30462 36768 61473 62431
2012 3122 35684 36939 38567 46294 55861 56840
2013 1640 10838 35189 36638 42480
2014 4483 22947 36099 36103 36682 56670 56671 62600
2015 1238 1242 8344 21170 43829 54420
2016 8271 24093 24244 32869 48903 48905
2017 8284 8767 10323 11305 11307 27745 32448
2018 24707 34776 38907 39052 39219 43378 50509 58087
2019 22619 35060 46134 46896 50541 61982
2020 5471 5664 5665 7005 10303 12374 24110 24314 30241 48387
2021 12545 12560 35595 37179 48533
2022 18135 38805 39830 39929 40322 53044 53332 53468 54583 59305 60163
2023 1913 2053 15708 15985 28888
2024 15431 16926 32033 33144 38090
2025 32143 32696 34855 34863 34864
2026 1216 29894 34629 57859 58867
2027 1325 35355 46366 56025 60862
2028 19364 19404 21664 21695 27523
2029 3536 31008 36291 39313 40576 47416
2030 2805 4219 29906 30163 33769 38831 50126 56957 58789
2031 12731 36143 37704 38554 39065 39066 39250 48467 48591 48592 48596 52114 52149
2032 26820 44933 44948 44976
2033 10662 10774 45280 46636 48831
2034 3440 31154 31155 38975 44182 45673 46399 48024 48071 48154 56262 57022
2035 46653 55148 56575 58022 58907 59386
2036 15012 21529 27543 32118 33346 39945 61060 61644
2037 28466 29345 29375 29511 29740 32202
2038 10477 11549 11714 11772 15673 16014
2039 36508 43344 48824 52811 56634
2040 29856 33695 38072 38793 47920 58473 59431
2041 11292 11293
2042 28376 28551 28658 35527 35586 35629 38171 47520 56102 57514
2043 10857 34786 46593 53410 62578 62579 62633
2044 6448 8798 9113 9839 22616 23493 24180 24571 31288
2045 12901 34004 38084 46714 46923 60427
2046 17290 17993 18594 19873 20255 20318 21837 21844 36707
2047 3156 3159 3182 49705 60953 60976
2048 16641 16812 21663 27211 27332
2049 14029 37254 42891 53222 53224 56449 56624 57019 58533 58537 58539 60534
2050 783 789 27989 46253 46305
2051 35845 39417 47296 47386 48631 50299 50677 61140 62557 62647
2052 5773 6095 6096 6097 6098 23902 25061 25784
2053 2517 2999 8909 14000 14698 14910 15166 24552 35829 51900 52225 52541 52625
2054 1168 4490 36916 45439 50406 51000 54923
2055 1769 22426 32482 32620 48504
2056 36902 37893 39394 39402 41639
2057 8461 51162 51188 52318 52528 54215
2058 16947 16961 18293 19454 19606 19607 19677 19684 19740 19833 19933 20115 20953
2059 883 2128 16184 17064 19261 19411 26168 26385 26729 29642
2060 30618 30687 34217 34461 55067 55068 55202 55203 55204 55205 56444 56547 56548 57296 57728 57806 58621
2061 4108 17760 25264 32402 33082 41786 43150 43844 44147 44624 44768
2062 5707 18555 24626 26730 27749 28111 44931 49534 52179
2063 22249 35759 36898 45679 49855
2064 23356 23357 41738 43175 44533
2065 14024 14029 33896 33899 61597
2066 12522 45176 47269 49522 52390 52671 57228
2067 1475 3332 7376 8229 8461 10523 22200 22479 28548 29261 32159 32475 39057 42125 49052 49167 52135 52138 58708
2068 34653 36503 50061 50734 56317 57740 60047
2069 14501 37060 50319 50443 57237 57471
2070 28053 28054 28086 35444 47258
2071 14294 14369 14735 14736 14894 15050 21858 35430 58630
2072 3671 3696 28820 36387 39554 40665
2073 5917 9762 9771 9794 24097 24929 24930 25337 25857 45343 51710
2074 48512 55048 56643 58891 60424
2075 1544 44552 44776 53128 53954 54337
2076 6963 7874 7951 9410 9652 10249 47104
2077 3794 3795 15397 15424 26130 28837 31518
2078 2295 4702 4986 10302 12335 12336 33081 33384
2079 14406 34244 35669 38317 58593 60787
2080 30089 32988 36233
2081 1444 14920 27044 29795 41317 41759 41762 48657
2082 2533 3113 21451 26314 26997 30093
2083 41194 41481 42286 42932 43382 43666 43671 43814 43816
2084 7572 7998 11176 11190 23915 27579 62080
2085 4602 4929 5316 5366 6005 6793 16060 16145 29678 44910 44911 51187
2086 1461 1577 10907 19925 46881
2087 2159 14005 18890 19362 39293 39416 39579 39839 41725 50730 56129 56232 62457
2088 11035 17781 18141 20079 20132 27669
2089 8897 11996 12105 35040 35152
2090 31595
2091 14089 54870 57003 58401 59038
2092 50549 55660 58174 59864 59869
2093 35528 37034 37829 38145 38698 39226 47099 50092 50950 58839
2094 16568 17984 19187 62169
2095 43022 43094 47593 53982 54093
2096 2215 3230 16173 16209 17824 18821 19410 23792 27530 29438 29852 30929 30945 32176 33164 60720
2097 26970 32696 41779 44201
2098 10497 22438 57824 57894 59748
2099 4364 4422 4423 48442 48476 48555
2100 9428 14085 15086 22099 24255 24448 28695 54214
2101 5531 7135 10368 25883 36240 48879 48920 49016 52951 53895
2102 13729 14974 55225 55430 62015
2103 30715 30819 30973
2104 1122 3172 34455 47263 47264
2105 612 7486 15945 29129 29822 52666 56476
2106 12303 12304 17580 17737 18944 19823 20786
2107 14661 23853 34460 37678 39235 40181 41436 50514 50527 54416 57310 57352 61071
2108 1546 11829 39158 55811 56619 56974 59430 62667
2109 2972 37889 45003 45118 45461 45503 45971 46323
2110 2882 17595 17956 18060 20377 24790
2111 3451 15610 15632 15844 17122 17123 17259 19215 21011 21146 26865 45068 45358
2112 42781 44230 49789 49790 55427 55862 56524 58377 58428 58471
2113 797 1011 2503 32750 45169
2114 12341 12643 12974 13056 20136 26084 26909 26910 40002 40497 41115 56624
2115 3164 28843 37487 37493 40080 53123 55668 55983
2116 38168 58453 58929 60301 61077
2117 2640 2708 6299 10069 12162 36252 48436
2118 6380 22359 23336 28303 39393 39395 40233 40687 43244 45664
2119 13449 13608 13616 13619 27252 27308
2120 8963 13887 45063 46050 46276 46901 52151 52428 52524 53693
2121 10080 41134 42545 43184 44380 44465
2122 534 37232 40579 47375 62339
2123 16555 16902 18179 19231 19534 19590 19623 19737 20215 21544 27451 27487 34302
2124 36070 36938 41534 53532 53534
2125 35516 42242 43180 57991 58394 59809
2126 2724 19358 23936 24059 24528 30255
2127 3880 10537 10539 18180 18284 22491 27134 30609 45052
2128 57517 58041 58249 58656
2129 6892 7119 7219 7259 8512 8813 22842 22915 23690 24216 27135
2130 39586 40920 53269 53538 53541 53542
2131 31734 37725 54780 54852
2132 46081 46082 46317 57721 57723 58933 58958 59210 61685
2133 2601 21739 21753 21834 21933 21934 24871 25065 25693
2134 40579 41937 41939 41940 42653 50746
2135 14824 16779 20147 22285 45754
2136 3324 48127 50476 52722 60983
2137 1225 1280 22538 36317 46802 53419 55197
2138 26568 58687 58688 58727
2139 461 626 775 8993 9797 11034 11681 32160 54066
2140 2530 42240 49826 56078 56079 56917 58116 60345
2141 7087 16723 20179 23668 23757 23918 23919 25321 27208 29602 32564 37729 49494
2142 35553 35554 36242 60794 60795
2143 3384 16471 20035 20242 20306 20307 26841
2144 37 47 1569 2181 2444 16787 19803 23277 47049
2145 250 11678 16092 48711
2146 12152 12153 12154 12156 19202
2147 6449 11495 25431 42823 52441
2148 16567 36700 36806 37661
2149 7108 7147 7468 10222 48747 61455
2150 8249 8494 22631 25647 58588 60379 60979
2151 7447 7504 9268 9371 9539 49004
2152 1205 12777 13015 14739 37468 37501 38889 39477 42154 42233 56389
2153 4454 8071 8073 54116 61376
2154 39251 41533 45628 48483 54153 55677 58258
2155 307 1805 8427 14527 15427 31451
2156 5754 5825 24032 24179 24500 31387 33558 45949 46818 46947 54114
2157 210 17470 18584 24560 48507 48508 48509
2158 21639 26339 26693 26700 34036 45763 46436 46553 47145
2159 6396 6406 6873 6874 15401 15420
2160 13626 13650 35571 43830 43937 44637 47741
2161 7454 10266 11778 24070 24662
2162 4888 5571 16964 17154 17190 17384
2163 3700 10461 10576 13204 13212 31066 32650 50336
2164 12953 13687 13711 35388 45889 58866
2165 16711 17498 17647 20399 21805
2166 552 21606 21629 23005 26102 26292 52884 62545
2167 687 8381 8587 8872 16154 20513 28353 28428 49038
2168 14404 45969 45974 49472 50759 55938
2169 33089 34880 39916 40003 45712 45978 53418
2170 42573 42574 42576 42679 53394
2171 7274 8595 8724 9595 9857 22856 23096 23278 23902 24021 24259 25388 25779 29509 29582 29653 29656 59096 59508 59516 59575
2172 27634
2173 283 2218 2299 2300 4350 7881 9479 9480 11705 16732 16851 17856 18237 21265 27282 27303 28488 35129 54177 61411
2174 15856 15890 15891 15965
2175 13973 14639 37317 37347 37349 41405 47730 47883 60625
2176 30984
2177 4846 5322 5894 7721 8318 9005
2178 1646 34476 36067 36423 38806 45398 45782 45987 45994 46005 46142 46552 46645 46744 46789 51631 51699 53494 53548 53701 53761
2179 4003 4221 14034 14035 42488 57140 58717 59702
2180 10946 10967 11005 30720 33238
2181 12782 14615 25096 40251 40253 40254 41629 44557 50891
2182 740 4928 5582 6508 11636 11638 12596 12954 12975 13058 15824 19355 21869 30437 31501 31958 32340 32388 33285 33308 33353 35707 35949 37164 37665 38135 39146 44640 46275 46725 48683 52227
2183 505 6838 11024 15624 28311 30272 55901 61144 61252 61935
2184 3449 28050 45459 48597
2185 34095 34111 34325 37140 46143 47125
2186 21579 21608 22678 22831 26710 26848 27426 27481 58045
2187 7885 9782 9785 48888 52932 53682
2188 34981 34995 38508 38514
2189 4247 4248 5709 8586 35405 39609 41355 45779 55170 55278 57429 59611
2190 3299 13474 13528 48014 48686 53631 54256 54672 59502 61404
2191 1468 7923 8449 8690 8705 8826 8827 8876
2192 2382 4382 4436 4471
2193 3459 3484 49590 60500 61271 61716
2194 3021 3022 5371 6520 6562 6810
2195 29217 49757 51190 51193 60664 62547
2196 11973 26672 33614 34371 56447 56893 59218 60597
2197 18634 18661 23156 24918 32688
2198 3394 38314
2199 7621 8133 16229 18563 18608 32901
2200 929 980 2808 2955 4779 5877 5903 5965 28071 28105 51681
2201 22790 32928 44582 48556 52009
2202 3479 3481 32826 52109 52119
2203 1711 2036 5211 7396 46727 61264
2204 881 10138 10140 10601 10603 10604 23001 23002 23003 25075 27690 27713 32936 32937 32938 33014 33235 38703 48046
2205 781 6318 6350 6352 6729 22722 23907 29890 29892 32014 47576 47645
2206 12907 37785 41051
2207 26151 31510 39040 57796 57797
2208 34403 35136 52853 52916 55867 58617 59857
2209 3345 3346 17044 17112 47378
2210 5046 5331 5376 11310 11311 11313 11325 19310 22980 23470 23893 24408 24534 24537 25919 32294 32301 32559 32615 32734 32984 45681 51894 52439
2211 4277 4289 30819 49907
2212 7973 39614 51421 51422 53452
2213 265 280 301 6032 11768 15506 22352 24658
2214 27991 32371 37079 41438 42052
2215 6524 6697 6837 10921 10939 15413 15913 16075 52774
2216 28467 34300 46702 56489 57077
2217 91 6058 15489 31490 31501 31575 62013
2218 25636 25735 32469 35324 51332 52372
2219 1198 14269 36343 38734 41472 42106
2220 4342 22167 22169 33647 46854 52825
2221 41379 43075 43268 50555 50646
2222 7227 18341 18383 29419 29670
2223 7615 7670 8497 8668 8956 10109 48982
2224 12011 18549 20361 29718 48817
2225 29301 29302 29393 36726 51885 52237
2226 1291 1292 12680 13077 36885 55703 61575
2227 13010 14970 34419 48033 48305 56774 62236
2228 18343 32442 38709 47000 53247 61087
2229 21454 26415 26996 40180 42639 54466 54491 57501
2230 16539 17002 23007 23524 23704 31751 57211
2231 14236 14316 35904 55827 57886 58414
2232 17255
2233 1357 24515 30792
2234 221 1476 3275 60722 61756 62308 62309
2235 3840 4489 15879 16135 19348 36212 46176 52208 52474
2236 12968 22454 25344 52252
2237 4805 5916 24087 24088 24213 24214
2238 10967 13777 51202 52037 52134 52270
2239 36885 62326
2240 7946 9161 9472 9576 11531 16518 17568 18890 19360 26111 27359 28214
2241 1312 3382 39745 43672 49564 52736 52753 60299
2242 35425 35697 61148 61254 61663 62065 62070
2243 12566 13296 35148 38650 49450 50622 58937
2244 4619 4647 4726 4953 4954 16497 16589 17306 17307 51241 51425 51855
2245 1724 1726 7933 11594 11609 29308 34714 36671
2246 4031 29749 47499 55142 56915 60599 60881
2247 1877 1947 5273 16218 16251 39368 57357
2248 4076 4150 4666 5419 5420 5779 12483 15124 15138 20338 20339 20798 20800 27738 42635 43850
2249 17272 21435 26192 26808 47375
2250 22407 22634 23150
2251 10219 10225 12353 30840
2252 12955 14829 35787 48450 56126 56634 60263
2253 5010 11224 13330 20919 26522 27695 31456 45451 46700 47143 51449
2254 3918 4824 16914 16926 17776 18261 18936 19206 19743 20038 21285 24434
2255 13645 17093 18987 28319 42365
2256 4887 7714 9829 10056 36901 61470
2257 28317 28917 30334 31525 32250 32298 58925 61634
2258 439 453 605 3892 14028 31411 44660
2259 10455 10456 10531 10762 14112 14357 32236 32435 32820 55400 55821 56750 57925 59744 60205
2260 55706 55707 57541 57542 57543 59993 59994 59995 59996
2261 3289 3355 3385 30042 31048 36007 48376 49452
2262 2175 16336 16337 24234 34326 49131
2263 5863 24912 27804 27811 40445 40491 40721 41484 42501 48431 51318 56913 57185 57215 60116 60117
2264 1907 19203 23877 27599 27622 27879 27922
2265 10784 36698 37097 43566 54656
2266 14018 38654 40691 40695
2267 1223 29788 31606 36509 48268
2268 604 24293 28232 49547 62710
2269 81 342 10941 10970 34934 34945
2270 12750 12758 12825 46859 47779 60911
2271 3147 19941 22022 35900 45661 47430
2272 18536 18537 23859 23860 43555 43802 43804 55142 55457 55459
2273 35965 36220 37155 37774 39113 39456 40433 41433 47806 50193 50552 53127 53251 53488 53902 58080
2274 38511 59795 60451
2275 7563 8238 17207 17599 19268 19800 27437 28348 30491
2276 7492 15073 16200 16798 21851 21852 23051 23182 27490 27491
2277 3570 12672 12722 14726 38921 58333 60220
2278 16737 18085 19620 20648 20702 20822 24183 34674 47728
2279 1892 3083 7330 10248 25163 29690
2280 12863 31156 44049 47026 47841 51131 54124
2281 6105 6215 6653 10085 30592 31369 33500 33501 51389 52033 52055 52278 53681 55642
2282 16448 18393 61971 62686 62689 62691
2283 3321 13785 20833 36781 39826 41403 42063 42655 43028 43699
2284 2087 2090 16102 28929 28946 30289 30295 35433
2285 40527 40801 41314 41319 41938 43019 43064
2286 7960 30389 36044 50865 52758 57669 59627 59743 59745 59750 59898
2287 13954 35504 36842 37160
2288 248 27684 40158 41510 42516 43078
2289 1684 4309 39225 39240
2290 2886 10457 14772 30147 31733 32626 32737 32805 33049 44178 49489 58159 58618 60174
2291 595 818 13512 15939 38021 46883 49734
2292 7452 18168 21199 39295 39939
2293 13023 28425 28538 31685 46300 47842
2294 1198 1260 4677 14102 14365 14954 21884 25620 34753 40529 54563 54566
2295 39908 41991 43569 43867 53327
2296 1539 5603 7080 7794 8294 30759 48881
2297 13621 13651 13652 33924 33952 48465 55026 55829 55836 56835
2298 12265 23740 23742 45062 51312
2299 12302 12368 14258 46673 51086 51088 54940 56611 57902
2300 41692 42534 42596 43223 43684
2301 35686 49259 49540 52888 53204 54018 54058 56167 57402 57634 60490 60525
2302 8794 19622 20762 26750 26800 26801 27050 29016 30318
2303 10936 17402 20393 20738 20756 26410
2304 8043 9065 36166 41569
2305 14631 59430 59489 59593 59594
2306 6033 6055 7426 8898 9339 23593 35597 36223 38664
2307 16521 16547 32619 56450 58234
2308 13625 13628 40557 41064 42675 43343 44492
2309 2858 3104 4279 21775 37576 41479 42420 43283 51309 51346 51949
2310 45942 46332 46359 53924 54546
2311 10590 13615 13717 14486 14745
2312 1089 13618 39222 42011 56527
2313 11074 18491 31332 35593 55667 55676
2314 28013 29875 29975 36114
2315 15531 15554 19331 19332 32700
2316 14935 31900 31933 32240 32657
2317 23316 39591 41011 41231 41274 51011 53060 54600 59350 60529 60535
2318 36008 38357 38765 50004 54373
2319 1599 1619 3314 3374 3380 3424 19242 21459 21663 26599 27430 42614 52760 56624 61231
2320 30346 34188 58711
2321 41811 49465 49468 49469 61742
2322 252 15051 36066 36787 41079 44026 44252
2323 47854 48043 48044 48045 48333
2324 29775 35492 50771 55509 55620
2325 6868 8552 9071 39367 40141 40749 44256 48986 48993 52476 52477 52478 52479 56459 60243
2326 2375 21988 29168 38847 39215
2327 1381 26150 26446 27145 27172 49269
2328 18779 19912 28411 29394 30007
2329 12811 13760 39734 39735 53318 54013
2330 2749 7030 27623 46159 48507
2331 1632 6365 19342 47982
2332 13715 34449 34450 38251 38269 39249
2333 10459 27167 47390 51509 60769 62507
2334 3922 42207 44716 51095 54225 54425 55534
2335 16404 26221 26924 28514 31967
2336 3151 3194 37794 52697
2337 1068 58661 58662 58663 58664 58669 60586
2338 15599 24777 28982 29270
2339 16486 16487 18165 20259 20260 20478 23577
2340 228 10006 11543 12321 18400 18646 18647 20676 53665
2341 15760 42942
2342 5840 10017 10334 24637 25247 37000 49138
2343 33649 40112 54969 55728 55879
2344 4122 45449 50982 51093 54599 60067 61200
2345 21382 21966 59841 59939 59941 62315
2346 28823 56823 57702 58124 61411
2347 12525 30780 50218 50556 51371 51555
2348 4783 15347 15896 16017 61635
2349 16213 26398 26927 26952 26953
2350 3973 36096 36698 50659 58311
2351 6857 8461 9273 10486 15171 17237 32305 32306 48540 48541 48898 49083 49138 50099 50272 50352 50492 51129 51133 51149 51159
2352 12884 33673 36151 36300 43997 56871
2353 8073 9322 9336 31941 31981 48426
2354 28402 31823 33230 33243 36566
2355 23130 24072 24238 24671 24945 25709 25731 32782 33145 56129 56216 57428 59979
2356 304 584 28952 31168 31316 34985 62469
2357 1540 1569 1683 37852 61084
2358 1424 1539 1548 10374 26012 31504 32681 35912
2359 33910 55031 56625 59133 61052 61057 61062 61739
2360 4258 4302 4303 4304 27856 30200 59883 59884
2361 4043 19264 20038 20703 21462 21517 21580 21584 26802 27175 50034
2362 35149 35151 35166 35230
2363 15029 17581 27381 31860 45511 47744
2364 11209 17961 18051 18382 19214 32630 33036
2365 36937 37619 37627 38214 39221
2366 7462 7464 22191 27780 27825 49542
2367 35665 35983 50868 59534 61889
2368 3418 11160 17938 19767 20010 26269 26807 33923 33929
2369 37322 37892 38421 38719 56045 60088
2370 11572 11683 22518 45134 46018 46437 46449 46655 47195 53764
2371 404 11018 11617 46358 52355
2372 5143 7848 9923 24493 24494 24495 24762 24763 24764 27778 27893 50548 51091
2373 4657 5365 5984 7056 10107 10128 10344 29772 29773 29774 32480 32920 32921 33099 33100 33442 38590 38888 46548 46658 53019
2374 17218 17733 17763 21133 27461 50454 50455
2375 16915 20791 57370 59247
2376 1354 41535 42842 44658 44703 61428 61878
2377 5225 13398 42104 42195 42354 52133 52409 52410
2378 40609 43016 48361 56606 58301
2379 35685 36399 36925 39116 61141 61712
2380 3815 3823 3824 4339 4341 11749 35371
2381 17985 26327 26369 26640 31977 31991 58917
2382 1707 2078 11892 24912 32846 37630
2383 42439 43388 45823
2384 30198 30993 47147 48049 58320
2385 1041 50396 50397 50748 57923 58101
2386 1242 35456 40877 43606 53118 54574
2387 45201 54930 57093 59291 59293
2388 22578 28602 28695 28715 28761 35064 40052 41348 51499
2389 4009 4218 4221 38094 47777 59073
2390 14540 49821 49822 49823 58517
2391 23595 33539 49608 57095 58999 62024
2392 1621 3349 19579 30994 53799 53886
2393 14257 14645 26456 26912 26966 40118 49376 49377 51281 51317 51319 51887 51890 52240
2394 4197 38475 55723 55988 58223
2395 1141 3132 11807 36366 45049 45149 47405 60781
2396 24253 27855 30224 34916 37437 47767 48217 49943 58051
2397 4621 5022 5229 5300 9633 10195 12328 15368 15449 16016 19351 22221 22483 22484 23422 24681 24682 28797 28801 29884 30139 31375 31403 31412 45264
2398 2473 2767 3045 3046 6624 34491 34686 46908 62091
2399 5536 34065 36687 37742 38483 49296 62294
2400 2913 7651 7653 8142 9463 13116 13888 28996 29377 29399 46760 51156 57649 57883
2401 230 16533 28433 29316 31779 31877 34976 35081 35579 46371 51297 52120 60938
2402 553 54828 54837 54956 54957 55045 55255
2403 37708 37714 39674 40151 40814 44444
2404 12848 23793 40441 40652 41287 41521
2405 3656 22510 23180 23235 37777
2406 11879 12186 12242 45115 45201 45204
2407 12445 12636 12681 39778 43402 62375
2408 3233 35782 50534 56800 60743
2409 6879 6880 6912 6961 6962 9320 12647 12648 42600 42602 42607 49544 49545 49665 60585
2410 10351 22547 23798 24314 24643 24788
2411 12048 31112 35468 40466 41084 44778
2412 4027 4032 4035 4088 24684 31405 48963 48983 49211
2413 12977 14908 26810 27154 28118 28674 43141 44433 44972 58764 59152
2414 827 4011 4117 22173 22431 29148 29188 35165 35203 60313
2415 313 860 36283 37530 52944 55750
2416 6195 19263 19293 25948 26496
2417 26389 26452 26511 26573 43495 44466 44468
2418 5069 5418 8007 8478 16041 23906 25262 31599 32102 32321 36051
2419 5834 10001 10002 11354 24014 24346
2420 16680 17279 20164 21442 26559 53566 60681
2421 12499 35041 38655 47699 47700 58770
2422 7738 8296 8532 9140 10216 11905
2423 27730 28890 34103 38690 46228
2424 1176 14143 31037 44740 60439 60441
2425 5625 8393 8904 10337 24241 47899 50289
2426 19245 19402 26038 27529 52256 52547
2427 34648 39726 40468 40472 41647
2428 35158 36015 56123 59748 59749
2429 50677 55882 56735 58056 60335 60339
2430 61505 61507 61511 61679 62138
2431 35406 36737 36838 37221 60400
2432 1402 1459 1626 48450 48451 48650 48653
2433 9087 13028 15237 41204 45133 46403 46667 46668
2434 1759 6470 15412 15473 19318 28908 31534
2435 621 768 59408 60081 60479
2436 7269 7272 7273 7281 8562 9936 10178 11071
2437 50806 50807 50809 59612 59617 59619 59621 60058
2438 5014 5240 5617 45004 45006 49339
2439 5244 5245 12305
2440 362 576 1102 7583 9495 21602 24727 25554 33615 42293 44462 57697 57811
2441 21505 21586 21612 21613 26131 26614 26811
2442 32 6606 6761 6763 7298 9438 9894 10003 10122 11089 11360 15635 29258 32210 32730 48938
2443 33703 36054 36107 38644 62215
2444 3553 13429 14110 38938 56888 59213
2445 8136 21627 28303 35413 47357
2446 18130 18669 30883 52961
2447 12959 17677 18045 18046 18048 19791 19885
2448 16834 17211 18460 19156 19157
2449 22460 61641
2450 6559 6564 30109 31439 34622 34632
2451 6640 29508 32266 62024
2452 29901 33584 33622 33624 33809 34710 34759 36974 37400 39990 44803 46150 47031 47543 48056 50285 53310 53512 54484
2453 1449 12807 12814 14932 35823 36454 50870 59537 59540 60028 60029 60030 60098 60099
2454 36017 37165 38708 51252 55488 56020 58140
2455 7964 8510 9571 16241 25287
2456 2912 4684 5795 29755 42411 43577
2457 8338 9425 16152 24452 29245 48603 48990 48991 51560 61862 62178
2458 37442 38312 47907 52726 55080
2459 7275 7324 7534 7535 7991 8196 8858 9943 10047 10131 11272 11333 11351 11389 25266 25566 31227 31309 33136 49015 49145 51340 52255 52436 53634
2460 40120 58694 61192 61386 61570 62036
2461 7780 8472 10004 23239 23240
2462 16678 16778 17232 29401 29544 29687 29764 35138 35139
2463 7938 20167 21238 22500 22821 24301 27869 42498
2464 4130 4131 4472 8754 29040 30365 31278 33844 34780 37830 38064 38764 40666 40679 40796 41802 42630 43620 45621 47278 50736 54908 55214
2465 71 144 25682 29088 31222 31227 32890 47622 50484 52483 52669 52673 54678 54686 58865
2466 8291 25583 30135 36399 49879 52599 55257 55332 57256
2467 36249 38663 41256 41260 41266 55776
2468 4735 4826 5178 5236 7412 25937 40752 40997 42145 42671
2469 4344 35066 35157 59747 61751
2470 5406 6143 9182 9683 12076 57336
2471 55112 56160 56166 56171 56178 56179 58728
2472 28814 28925 29047 32345 32997
2473 3351 15906 33597 40432 60825
2474 26804 35567 35568 56243
2475 4293 16838 23712 27610 27611 27612 33314 33315 33336 61091
2476 15810 15843 15846 17374 19205 28239
2477 37431 38167 39822 41648 55039 55756 57637
2478 12771 13129 13292 13714 13833 14123 14463 14518 39606 46448
2479 15011 42905 43317 43353 44568 58475 59098 62456
2480 8748 8750 10246
2481 36759 53054 56039 59652 61039 62111
2482 12468 16452 17999 18981 19001 19676 32950
2483 25128 32134 33125 33140 39676 39678 53673 56770
2484 5779 29582 30909 32242 49978 50214
2485 6398 7709 8135 8341 46367
2486 32457 32458 57499 58896 60305
2487 4945 5579 5871 11211 11212 22709 24428 24757 24813 25010 25011 33142 47609 56630 57785 57786 59565 60230
2488 13624 13644 37278 55253 61562 62003 62017 62146 62174
2489 10859 36155 36156
2490 6541 15566 15687 15688 15733 15841 28187 28188 29267 46905 47186 47200
2491 27038 27040 41209 42155
2492 5186 22742 24737 25172 25958 26013 27891 27892 36240 45301 50022
2493 7946 9103 9380 10009 25794 50752
2494 5234 5992 12736 13304 14944 14945 15444 16290 21396 25944 36123 45672 45719 55852 56203 56240
2495 1427 42610 42803 58120 58177 59047
2496 269 335 39438 40341 40343
2497 1277 20291 20293 31610 37004 49479 50584 58932
2498 50707 50734 54979 56576 56793 57038 59050
2499 3763 26472 41966 43957 49423 50767 57895 58563
2500 7949 8232 25278
2501 21521 61052 61397 62322
2502 34351 39724 48362 50600 51819 58286
2503 11370 17934 17935 51229 51914
2504 2401 2402 6965 7430 22637 23288 23536 27670 61139
2505 5043 7197 7446 7682 23052 23268 23713 29335 51016 51026
2506 4653 4734 35737 36178 36556 52016
2507 6116 6187 6225 6245 6263 6272
2508 34891 39675 39677 40422 43315 43318 43351 44615 56629 56634
2509 14691 37670 42799 50482 58741
2510 11393 35871 39854 41255 41416
2511 3163 3327 3329 3433 51146 51148 60705 60926
2512 28003 28095 35802 36444 48140 50234 50606 60932
2513 13627 14309 41337 41625 53898 54147 55855 57157
2514 10880 10886 14635 31665 34196
2515 39611 47343 50858 55308 56317 60340
2516 57419 57420 58539
2517 62080
2518 2149 16436 16437 38453 61189
2519 8094 8260 10159 10160 23138 30723
2520 1380 1607 31008 31073 35870 48461
2521 28906 29196 36018 38385 42582
2522 1060 1107 3197 38558 43179 48051 48342 53257 53283
2523 166 15372 15986 28193 29531 47034 49824 51070 51110
2524 36882 50711 56553 61570
2525 15376 16350 20044 27095 36326
2526 15641 28313
2527 787 1953 2052 5819 13494 31804 32534 32637 33114 33507 43134 46335 50623 50818 51274
2528 7833 8195 8351 9205 10259 15117 21118 27896 28541 28570 32098 32169 33039 33259 33446 34660 45898 48999 49103 49917
2529 13222 20608 37327 58606 59033 61970 62220
2530 1177 13532 33689 40509 41092 41093 41637
2531 17160 34126 59947 60216
2532 61120 61121 61325 61569 61580
2533 6948 22012 22013 22014 22033
2534 34009 35490 35705 36851 38367 38890
2535 12291 12326 38331 38332
2536 11873 13425 27710 30487 45238
2537 28539 30818 30848 30925 30950 36159
2538 12914 12957 13786 13826 39522 40239 54423
2539 16981 17010 18265 20351 21006
2540 6033 6086
2541 1346 3635 37249 55546 56376 57230 57236
2542 392 429 493 6257 18194 18366 18508 31319 32609 32768 32783 46194 46884
2543 13192 13345 42321 44344 44345
2544 1679 30225 32442 32851 33478 37192 48019 48067 56056 57924
2545 35239 55765 58393 60070 60143
2546 1193 39833 48434 48566 55044
2547 9869 15344 17087 19910 27183 41223
2548 4585 16541 19029 28684 43509
2549 35182 53183 53628
2550 8474 9444 32213 52564 61518
2551 4799 5970 6544 9605 9654 9659 29549
2552 16569 17524 18476 18477 18760 20330 20519 21169
2553 211 6553 15265 44846 51872 52187
2554 37760 37764 38750 62583
2555 34993 38740 42632 50091 54816 58647
2556 1828 1829 5552 5771 23014 23393 23414
2557 18956 18957 22041 31679 31940 33371 33848 36183 41047
2558 1638 1639 16282 21419 48649
2559 31344 43700 61204 61718 62469
2560 32618 52305 52467 52531 53939 53942 54003
2561 5393 44698 46544 46955 47017 56504 57360
2562 30047 30051 30123 33126 38179
2563 9830 10583 31253 31289 32222 61612 62086
2564 15645 19895 20007 48739
2565 47417 47434 52894 53357 60623
2566 2177 16981 18445 21306 54869 55397
2567 6575 15982 26282 26527 26529 26627 27671 27703 47558 62623
2568 1588 1651 13220 13758 18720 34288 39093 57191 58540 58944 61873
2569 56313 57601 57608 61308
2570 4832 15363 23082 23599 24095 24607 25666 25705 52400
2571 8546 8905 31462 39679 41272 43191 43519 44693
2572 34264 34344 41598 54534 57767 57768 58605
2573 33652 37096 50148 56098 60020
2574 10974 28164 45819 46087 48415
2575 67 73 5037 13221 36713
2576 5283 5285 5286 5671 5689 16709 21270
2577 16752 17339 18268 18377 18437 19972 22570 31634 32131 35934
2578 27413 49817 50044 52494 52963 59782
2579 36616 37897 39184 53833 61256
2580 33507 36182 37657 44827 56186 58657
2581 11093 11094 11097 16157 21472 27499 28983
2582 3910 12339 12340 45060 45119 59300
2583 6996 7707 8478 12015 49106
2584 22478 31738 31740 32237 32747 32877 33057
2585 2114 2115 21679 44320 48065
2586 14725 39288 39537 57693 57760 57761
2587 2590 8296 10978 11177 25825 29581 29597 29676 29779 33963 36079 44822 47517 47816 48466 51868 51940 52353
2588 13597 13883 14310 35840 48549 48550
2589 18955 27064 32696 36733
2590 2068 11075 11145 23066 23467
2591 2602 6440 24796 45554 52131
2592 4356 4359 4360 19877 20022 20267 20348 34551 41682 42018 42024 42026 42030 42031 42033 42034 42035 42036 42554 43043 43045 46114 54910 54912 56569 56796 57116 57195 57699 58147 58826 58945 60390 60391
2593 1637 31330
2594 31773 31799 33055 33056 33457 33458 33460
2595 136 169 172 29236 32357 32358
2596 5812 5824 8963 13559 14364 20988 22198 24410 24999 31103 35308 35436 39926 49148 52639 52640 52642 54766 57843 58267 58310
2597 34188 45543 45743 46929 60696
2598 48029 52710 54971 56860
2599 37938 37939 47418 55322
2600 2138 20023 20024 20397 48206 60824
2601 1349 12717 13895 13964 14496 14504 31109 38425 48320 48590 48593 48594 51080 51082 54130 59742
2602 328 330 332 16806 32562 33972 34386 34862
2603 4853 5087 5217 5453 17836 25400 46495 46665
2604 2304 22537 23160 30473 51179
2605 23272 24340 24484 24692 24863
2606 16348 17698 47373 55523 55524 55828 56528 58565 59477 59868
2607 8458 36633 37541 38976
2608 500 23100 33108 34349 47392 47883
2609 5026 5918 11869 11904 12203 37218 45630 51969 54941 57221
2610 18986 50062 50090 51025 51079
2611 27998 27999 32141 32883 46613 46614
2612 14081 38857 47770 47800 47992 50223 50577 54917 54928 54952 55062 57536
2613 11902 21791 21957 35459 36014 36327 47665 61118 61201
2614 5320 5322 18862 19840 19843 20851 21973 27412 44842 46911 52529 52622 53299 54939 55625 55680 55745 57922
2615 16808 18712 18755 21750 33675
2616 20721 27813 27855 32981 36805 37078 41702 53772 54633 54708
2617 34339 34812 37366 37382 38457 38897
2618 12952 12956 42380 43516 44247
2619 24154 25802 32519 40278 49451 58850 61858
2620 25090 28824 36338 37890 47094 47192
2621 4002 4006 37397 39028 55785 57278
2622 3361 48231 48324 54789 56625 62469
2623 4833 5134 8010 9746 12989 13098 13471 13596 13770 43617 44118 44482 44483 52659 53964 54158 54188
2624 12825 12861 12997 13526 13533 13536 34367 34651 50145 50495 52773 54746
2625 11927 11928 11930 20938 30937 32715 44814 51392 51820
2626 11849 26232 26256 57894 58417 59902 60019 61251
2627 40338 46654 53308 54318 54698
2628 12022 12070 23005 36527 45233 51344
2629 15738 28270
2630 11800
2631 18819 19254 19398 19401 19689
2632 28543 28643 28717 28738 28739 28753
2633 7777 9469 24322 24935 25230 30759
2634 319 554 555 31242
2635 638 17924 18070 18303 18875 20755 20978 21177
2636 36434 37403 50994 55656 57646
2637 3263 39757 40179 41739 45375 45397 52918
2638 1812 1820 2075 28793 28930 32034 35364
2639 31554 40592 43442 43453 53657
2640 6306 39656 40314 47657 54015
2641 50035 54749 54754 54978 55008 55301
2642 40888 40893 40895 54007 54035
2643 1878 3789 6084 6085 36274 45579
2644 2286 3000 8965 9270 19147 26850 26949 27051
2645 1794 1825 49039 61393
2646 4030 33792 37682 43050 54772 62616
2647 7801 8507 9061 10348 30830 62379
2648 1470 12031 13074 14903 34490 34825 46101 46770 47223
2649 4162 4200 36018 38318 43305 54760 57561
2650 62079 62171
2651 20859 21137 21449 26414 26962
2652 2933 13504 28480 28664 28735 47704 47849 48196 61890
2653 12239 15523 16114 16115 16116 28183 28184 31861 32772 32808 32910 33115 33392 33440
2654 14506 14510 42357 43791 43970 44787 53909
2655 2681 8761 8928 13891 22602 25819
2656 10094 13560 37099 50210 55282
2657 61222 61472 61473 61521 62342
2658 17926 17928 17960 18011 18026 20417 20632 20633 20899 61458
2659 2130 2137 18021 33298 33601 33650 45705
2660 11883 41926 42947 44314 45091 45253
2661 6026 15299 16623 16625 21135
2662 18626 24055 26300 32026 48786
2663 38050 38547 38553 40030 40032 44742
2664 6231 9638 10070 16041 30515
2665 8011 11629 11662 16188 30864
2666 1610 36703 37291 45674 62408
2667 1444 3665 31811 32058 34188 59913
2668 2320 17924 17965 18107 18879 27113 30043 49673 49685
2669 17815 31285 42178 42670 52829 53435 61502
2670 8146 8149 9758 9924 9992 10074 10269 33096 33287 33398
2671 15212 19117 39946 40716 56271
2672 10585 10586 36895 61164 61360
2673 3297 22632 34033 36209 47819 47902 47976 47999 48002 49511 52739 55017 55033 55840 58316 59676 59901 61927 62067
2674 462 10453 10599 10600 10695 28260
2675 21701 61180 61835 62168
2676 1706 2059 5847 33396 49170
2677 13043 22314 35267 39812 42457 42461 42672 44119 61239 61581
2678 23851 39868 40799 41794 42326 42499
2679 157 6750 16064 29053
2680 19730 26296 34853 47608
2681 9412 42056 42695 48851 54182
2682 17062 17375 17536 17591 17664 17769 20186
2683 39297 39298 39915 41385 43854 44070 44073 44074 44627
2684 8725 9239 21262 22602 22872 22981 24352 53093
2685 36762 39003 45728 45930 46245
2686 16516 16929 17171 20769
2687 8395 19627 20271 20344 20346 27395
2688 3952 4047 4483 35446 37103 37555 55074
2689 587 2697 14326 39896 40313 40855 43125 43616 54033 54074
2690 40633 40634 53468 53472
2691 10041 12979 17939 39515 39650 39795 40514
2692 3755 42319 44751 44753 44754 48094 48138
2693 36475 39224 39232 39236 39238
2694 3032 11883 21458 21496 26454 32699
2695 39997 44165 52855 53806 54044 59548 62589
2696 4347 4372 35470 37584 38084
2697 7724 7805 8835 8836 9052 9417 17102 19277 19278 19444 19824 19913 20163 20171 20636 20745 21563 27200 49775 49776
2698 8542 9074 9232 11199 15627 17121
2699 21543 21682 26317 36694 41452 55794
2700 7154 15719 15833 31517 33347 56960 62209
2701 5195 27578 27617 28526 30445 31901 32119 32188 32430 34935 34962 45019 51264
2702 8203 8571 8572 8573 9452 9461 10293 34903 46612 49133 57400
2703 2267 2542 9378 25360 25382 25818 38089 38594
2704 28078 28864 29036 46424 46917 47204
2705 14089 40981 41036 41588 42899 53591
2706 1335 3383 4414 11822 34105 35408 45972 47377 47436 52745 60760
2707 19793 24882 27593 27627 27707
2708 19299 19749 26618 30730
2709 7137 7588 18411 19850 20040 28675 32667 33618 34856 48756 48815
2710 15720 15988 19520 31764 32238
2711 13004 36375 54858
2712 6331 6485 6516 6555 6597 7700 12318 37680 57917
2713 3677 33151 42658 43016 43021 43739 49354 49814 54181 60924 61414
2714 13198 13199 13670 33701 36267 58933
2715 2468 15954 18651 21681 28955 30839 33031
2716 8042 8301 8485 13455 24903
2717 4664 5914 11300 11302 11303 11435 25792 25793 51534 51759
2718 22188 37006 37007 37515 56229 56241 56242 57401 57714
2719 46523 47169 47213 51215 51369 51393 51953
2720 15638 16043 31972
2721 4818 10506 10639 10681 10765 10780 35548 47029
2722 2928 48099 48139 51471 61762
2723 6276 9369 16191 22171 29073
2724 1195 1229 12073 39420 40055 52782 54603
2725 16488 17001 21119 32795
2726 7802 11439 11982 12128 16973 44994
2727 1749 1770 1929 2080 2197 6323
2728 50785 52836 53007 53477 53808 53818 54359 54360 54361 54362
2729 584 13012 37655 38454 39205 57483 59262 59721 60046
2730 4512 8752 8895 9304 9637 19618 22874
2731 4284 5732 26315 57920 60340
2732 15220 15254 15324 15325 19505 44476
2733 4731 29080 44819 45867 48186
2734 90 2813 6602 6664 6667 6684 30678 44878 50457 51447 51503 51987 52075 52522 58117 58118 60066
2735 13029 40075 43387 44403 44702
2736 26888 30792 30819
2737 60981 62134
2738 12480 12549 30504 36190 36191
2739 7658 7832 8129 29107
2740 28553 28866 29120 30268 31508 31816
2741 31542 31556 31557 31558 31604
2742 15184 18660 30736 45166
2743 2719 3305 12751 14237 35926
2744 6540 34058 34236 39117
2745 2352 3912 29304 29347 36253 36594
2746 8576 8977 14927 37282 39431 43875 61556 61793
2747 35761 45313 48115 48136 55065 57137 59482
2748 8026 17796 18492 18572 18695 20707
2749 14270 14632 31372 36562 37234 57924
2750 17202 26070 40607 47327 55252
2751 3356 14043 36106 38575 38613 59678 61242 61426 62355
2752 26053 26106 26199 26451 26864
2753 6839 11679 29354 37456 44470 44706 46461
2754 45604 55090 57689 58061
2755 11529 11563 11650 11691 11698
2756 31017 36645 50769 50792 51047
2757 8158 21313 21385 30768
2758 5431 8486 9827 15080 19079 19217 19290 26166 26566 27808 29303 44956 48245 51585 56016 56198 56821 57250 57503 58766 59294
2759 36130 50227 51014 51060
2760 2940 3557 7554 8703 9549 23619 35039 45021 58530
2761 12821 12823 12863 13339 45715 45716 58596 61369
2762 6076 6447 32263 32545 60659
2763 591 6471 12091 12180 16096 46337 62580
2764 3601 16557 31000 31070 39618 49556
2765 40967 40972 40979 43742
2766 10955 22733 22735 38971 45481
2767 11816 24738 36946 43514 45687
2768 2096 5713 6462 6549 10764 19141 25265 25453 31979 32053 32308 32610 51643 61266 61381 62316
2769 30883 30884 44977 52266
2770 16052 18192 26689 42291 42292
2771 39938 40578 43904 54012 54036
2772 6894 7585 22294 23962 24361 24627 25013 27753
2773 14464 27810 35183 35242 38969 39276 53455 54624 54627
2774 31621 31871 32015 32514 61082
2775 1787 16207 17922 18992 19087 19292 24611 45013 52224
2776 21469 26033 26035 28601 31628 31865 33325 39303 43705 43706 45657 53004
2777 1235 39683 42953 42954 43342 44496
2778 14241 23769 31175 36659 55078
2779 15039 37043 40157 57488 59347
2780 10962 20462 29272 31938 36245
2781 2438 5925 12969 42429 46525 46903 51495 52028
2782 34023 34576 36941 37634 48303 59838
2783 3258 3357 54792 57294 57921 60998
2784 35112 35345 35554 37250 39404 53646 55209 55212 57108
2785 21259 34998 53573 54035
2786 28403 28453 28575 28752 55798
2787 1325 48542 48571
2788 12745 28287 36989 37306 37711 37715
2789 7661 8028 9691 23311 25605 49014 49126
2790 1470 48480 62156
2791 7799 9069 9927 36287 45608 46726
2792 36931 43845 48538 52245 53412 53441
2793 7709 14584 18346 21216 30669 33028 39670 42287 52066 54786 55523 57877
2794 12932 13707 26662 27281 47737
2795 17350 18797 18799 18801 18811 18827 22326 27151 30818
2796 46766 46795 47152 56720 59322
2797 35419 37104 50776 54813 55529 55895 56536 56732
2798 35500 36227 38851 41969 44425 45460 49476 53802 60528 62372
2799 16670 17174 19185
2800 21836 30869 30984
2801 8171 8360 8461 9250 9267 10384
2802 782 15532 27603 35346 54899 57595 59940 60192
2803 121 195 25378 45553
2804 9916 10105 18459 24921 51445 52181
2805 14319 50028 50058 54887 54898 55114 55550 60371 60584
2806 2860 2992 5289 5942 5944 22548 22549 22685 22701 23073 28711
2807 3196 38498 38570 48442
2808 35570 50303 50304 50372 55314 56626 56634 59563
2809 2867 2868 6427 10933 21877 45117 48494
2810 7120 13255 13260 14335 18715 33094 43008 45748 53687 55348
2811 4214 4551 27995 36571
2812 115 45029 62080
2813 39840 40350 54009 54037 54572 54584
2814 28805 28826 28863 28867 28868 30251 30252 30254 30271 30280 30282 30298 30319 30348 31260 31261 31262 31277 31282
2815 9348 10869 16246 17979 18103 18665 18666 20268 20845 33648 34355
2816 49467 50117 50437 50823 51052 51067 56269 56805 59998
2817 26829 56656 56664 56874 56875 59242
2818 6035 8434 8851 22642 24327 24702 25803 39234 39237 43599 49204 56829
2819 16063 18929 21379 21498 21653 57746
2820 13326 13729 39271 39749 39794 40400 41012 42435 47931 49394 49614 50796 54597 54777
2821 17758 18535 20245 20376 20380
2822 5114 9162 9300 9396 12993 13077 13079 22363 23956 24081 24307 24646 24655 24792 25261 52038 52444
2823 7440 9837 24260 24538
2824 11703 15895 19526 19527
2825 13484 15534 23419 23427 28977
2826 28247 34567 42534 43153 55581
2827 34329 38835 56581 56761 57234
2828 3085 4451 48382 48383
2829 4232 34045 37263 47984 55264 55594 55606
2830 13067 14267 17427 18707 26854 26855 43003 43296 43297
2831 10693 32608 53010 53094
2832 11465 20375 20905 49303 50932 60613 62166
2833 1887 11882 15765 19327 29122
2834 1255 12000 12107 12340 12367 33979 34131 51350 51817 57309
2835 8320 13760 19706 21208 29006 29126 29127 39891
2836 17133 21022 39839 39841 40022 42082
2837 32695 40256 41361 41458 42169 47786 48132
2838 50761 50855 57204 59444 60506
2839 443 463 910 4192 5830 5978 15326 28324 47034 52044 52608
2840 4770 7126 17011 17644 20571 22318
2841 4265 10895 20038 20040 21590 26193 27219 27220 47582
2842 668 738 852 8857 28590 28627 32373 33080 33101
2843 9999 23842 28519 28520 28523 28749 28790 28791
2844 4240 18880 18903 19586 20645 23331 26395
2845 23135 24222 62000
2846 11408 11409 13400 14273 16479 16536 16764 17253 25351 41187 41764 41767 42171 42661 42664 42666 42667
2847 1373 1390 1396 1441 1455 2978 2979 8188 8807 8811 9919 10166 10210 28624 41595 45038 45244 51532 52882
2848 30174 47733 57622 59216 59217
2849 6843 7351 15742 15966 16027 32465 32845
2850 42316 45512 57424 57822 58326 60373
2851 13293 13693 53057 53058 54061
2852 2820 22477 24675 27824 30478 30845 45506 45731
2853 33674 37101 37102 45837 62495
2854 24456 38685 38699 38700 38701
2855 8005 23370 28922 45358 53398
2856 2812 5762 11185 11204 11294 11334
2857 6380 17626 17726 17727 18790 29918
2858 12618 12654 13268 13683 13712 13962 16156 50098 54762 54909 55648
2859 8003 8168 13907 23856 48825 62055
2860 2307 2766 2780 7392 7529 10280 12513 44712 45695
2861 12930 12963 30516 34680 46024 46369 46370 47093
2862 213 4429 61711 61750 61827 61900 61910
2863 4216 34224 35109 35162 35192 35193
2864 35403 38790 39131 56723 57935
2865 12973 12976 13220 38432 58531
2866 2007 16461 17398 17489 19893 32827
2867 58780 58784 58838 59469 60083
2868 6956 8112 8360 8468 9604
2869 16660 16747 17738 18148 20504 31801
2870 2392 29909 29919 34364 51249 51250 52763 53106 53837 54570 55050 55132
2871 6140 8245 8270 10273 13810 25130 29356 30853 34283
2872 725 856 1043 6445 29090 31249 31301 37061 44358 53318 57049 59426 60474 61838 62503
2873 36551 37058 37300 37832 38708 39137 39618 40047 40885 41170 41193 43865 47413 55795 58037 58038 59645
2874 9581 9582 11382 24613 24831 25877 53894
2875 34203 34541 35678 47305 58161
2876 15252 17124 17586 18906 20070 20408 20492 20586 23683 27236 31694
2877 37040 37092 49288 50881 58777
2878 25106 25109 25111 25112 25123
2879 45040 61882 62368 62556
2880 6854 29425 29636 31077 31267 31348
2881 11404 22624 22871 23332 39935 40034
2882 15211 20340 20432 22338 25268
2883 4111 14304 43491 44579 60831
2884 16095 16110 16119 17716 18946 19063 19072 19149 19181 24421 45005 45125
2885 35891 36319 37759 37765 38675 39427 40921 62198
2886 1611 2782 2874 8854 18207 36455
2887 43580 55033 57583 57818 60115 61834
2888 19447 21085 23626 27392 50293 55196
2889 21461 21464 26401 52361 61686
2890 24471 33071 40354 41328 42692 42895 43472
2891 2211 9258 10180 29607 29849 34824 42547 50060
2892 17075 17148 18057 20710 20818
2893 30899 30921
2894 7263 8727 9364 9365 16070
2895 10542 10650 10678 10773 10985 32329
2896 7206 24843 37466 38295
2897 41895 41940 42081 42092 43014
2898 8361 25074 31845 36249 46518
2899 4458 36282 36789 52922 62370
2900 15414 15441 27959 28385 30112
2901 40411 40413 40444 44119 49591 49593
2902 29422 29725 29728 35363 40349 40427 40899
2903 35829 48156 49934 56484 56601 60158
2904 4882 6584 12921 16271 17206 17265 21034 41349 44205 51492
2905 39702 39969 40543 53397 54191 54192
2906 3626 3666 3667 3668 21821 21918 27109 27110 27115 27116 47344 51127 51153 51154
2907 5288 5690 23424 24650 29292
2908 9102 9586 9791 23551 62592
2909 18848 23563 23785 26455 26955
2910 10496 12724 13170 19525 19884 20438 20439 20696 21169 31032 57489 60789 61289
2911 13065 43171 43859 44277 55513
2912 13094 36379 49276 55341 55343 55696 55698
2913 3968 39464 39542 54020 55240 55242 59565 60714
2914 13621 14345 31219 40806 41027 42849 44486
2915 4921 22334 31719 32934 47539 56269
2916 2848 4406 7498 12189 21539 21556 25478 25479 25547 26325 27516 27538 33683 35073 47238 55613 57012
2917 3471 36248 47308 48405 48566 54743 54990
2918 1469 6334 6515
2919 27616
2920 18335 18336 18337 24599 40823 42689 43139 43140 62367
2921 1451 1515 16816 26610 26859 27229 27336 30453
2922 11206 22693 23192 23323 23546 28346 28445 30732
2923 5810 5811 6016 8080 10172 12117 12173 12174 27745 55108 56158 56170 61283 61961
2924 55071 60332 62428 62517 62559
2925 34416 37988 40009 43651 53099 53101 53322
2926 7039 7252 22459 22663 23013
2927 5720 5722 5938 45194 51470 51568 51851 52097 52105 52168 52197 52406 53758 53759 54154 54155
2928 202 22571 22764 27673 33799 45714 47069
2929 4348 15010 28478 52110 52611 59314
2930 17449 17458 17834 18807 20102 20105
2931 17346 17347 17809 61924 62357
2932 496 12243 15992 31961 32612
2933 16492 16562 16664 17360 20096
2934 1598 15052 54841 55019 57347 58121
2935 20292 20686 26944 26945 49043
2936 13335 13930 14141 14184 14295 14296 14478 14480 31052 42181 42458 42749 43541 43817 45911 46929
2937 15038 40803 41509 54943 55144 55905
2938 37180 38760 38942 41635 42483 42484 61474 61892
2939 1096 30622 49842 55150 56015 57995
2940 30752 33328 34859 35055 40626 41024 41541 43976 44280 46434
2941 2832 18820 18835 29439 29444 29748 29763
2942 34286 34493 58302 61269
2943 7421 7541 8459 23450 24891 25162
2944 37051 37229 37751 38782 38892 61338
2945 11588 11625 11627 11730 27434 34218
2946 13949 35552 35554 56756 56757 61625 61629 61787 61788 61789 62089 62091 62092
2947 9167 13284 36245 36607 38781
2948 4227 6556 11374 23794 36033 36456 47666 54138 54142
2949 6503 6934 6935 8264 11995 22234 22236 35237 45161 49272 61967
2950 8461 10913 22712 23827 23952 24371 24450 25160 25249
2951 34043 41048 42393 48277 54429 55307
2952 35796 35797 38202
2953 4395 15076 47210 48395 51709
2954 124 1980 4847 10541 16841 20775 29264 41009 51944 57594 58288 60543
2955 5683 15478 15593 15681 15725 15856 57773
2956 702 28287 28900 28963 29119 40879
2957 27511 33443 35197 35199 58065
2958 1446 12767 14358 40897 41169 42539 53216 53587
2959 39552 40436 40459 42536 42539 44504 44724 46404
2960 9538 9718 14600 14964 15044 15047 25592 25593 42787 44631
2961 30713 30819
2962 14223 16783 23383 24653 44691
2963 4723 13865 29996 41376 54370 55447 60090
2964 13205 13287 13390 58629 59014 59015
2965 8627 28845 29064 36604 38218 47310 50942 56788
2966 4685 4766 5163 9721 11904 37744 38037
2967 3296 3858 4281 29931 37046 46225 48428 50559
2968 4003 34715 36341 49725 50246 50247 53769 53770
2969 1889 3988 49869 54937 58313 60134 60277
2970 15352 15994 29106 31206 31284 45276
2971 17666 21567 24420 27567 27572 33217
2972 5404 28940 52136 52578 53493 54120
2973 3623 3767 56652 57262 59380 60969
2974 16281 16857 16869 17260 20697 47624 55270
2975 16758 17027 18185 19711 20446
2976 14155 14410 37942 61058 62722
2977 1215 36646 54352 61550 61842
2978 2900 18722 18776 34528 39318 62080
2979 4571 16675 31631 32452 40308 40591 41895 54005
2980 2551 4988 8989 22629 23601 24122 25808 27877 31374 44780 44782 46351 46683 54953 55423
2981 29416 29581 36065 38392 45438
2982 273 277 28815 28825 36132
2983 61097 61106 61253 61908
2984 8536 21777 29629 30699 36899
2985 4510 7544 9711 11116 24574 28605 45057 53900
2986 12852 38968 39889 43269 58996
2987 17784 23585 23781 34142 45649
2988 5502 8120 16330 21446 24233
2989 22166 22187 23367 23369 23503 23504 25081 25412 40277 40382 44580
2990 36507 36559 41919 43282 48512
2991 45240 45315 60666
2992 44309 46781 50494 55579 58603 61200
2993 1481 1590 62079 62080
2994 16454 16517 16724 16762 16767 16831 16878 16913 16945
2995 1057 39402 39415 41097 41456
2996 22806 23097 24690 26109 27202 27741
2997 3637 39814 39823 58073 60917 61937 62204
2998 3762 37914 49916 51650 57495
2999 5192 17830 48615
3000 216 45159 56687 57663 58671 58672 60000 60276
3001 5798 53780 54700 54705 61966
3002 1884 1922 1952 1996 2041 2044 30406 30409 51958
3003 53995 53996 55146 55160 56797 57147 57825 57875 58314 59370 59371 59519 60595
3004 15493 15686 15900 16028 16085
3005 7073 10342 11426 37994 38188 52209
3006 32003 48467 48470 48471 48473 48474 48475 48477 62599
3007 13350 13713 13739 19585 20450 40859 44010 58040
3008 30761 30778
3009 2923 8853 8900 9084 25826 33408 48774
3010 11010 28399 28449 28732 28786 28787 29696
3011 34202 37733 37922 41968 44157 44160 44164 44233 45479
3012 353 3805 5526 11496 12463 61300
3013 14034 14035 14039 14051 28051 28591 40026 40370 40608 50537
3014 40530 40531 40533 40534 40536
3015 41292 41295 42760 42761 42762 47924
3016 7247 7248 19514 19515 19516 19533 19813 19814 19959 19960 20886 20900 20901 20902 20903 21110 21111 21112 45448 48174 48239 50006 50073 50123 51378 51403 51647 52231 52260 53068 53125 53211 53277 53950 56988 56990 57271
3017 762 47706 51994 52108 52680 53453 55614 55656 56376
3018 11263 11264 21394 27664 45723 45815
3019 214 266 282 28812 28895 46011
3020 3334 36565 38080 39925 55074 57430
3021 19746 21571 21594 21598 27038
3022 9128 22156 22165 22284 22288 22290 22292 22309 23461 23480 24983 24984 35666 39021 44145 44146 60807
3023 6669 34754 39202 57520 58430 60188
3024 10593 12765 14015 31026 39862 53316 56048 60551 62293
3025 1126 21305 21329 46286 48547 62137
3026 14177 14741 47440 47892 55011 62087
3027 20904 21078 32267 33234 49554 60945
3028 6593 14301 14302 14303 31124 31126 31128 31140
3029 24296 24659 26156 26928 55004 55790 55948 57311
3030 1198 1406 35602 48083 48152 56815 57922 59797
3031 2629 9625 9626 11414 48509
3032 2372 3444 27962 27986 28039 28094 30079
3033 34873 50019 50448 55894 60199
3034 3526 3884 4295 5007 12987 16466 16472 16543 16560 17431 17866 20052 20458 21500 21501 21530 21551 27989 47764 51443 52633
3035 13640 14763 53994 54716 58001
3036 41576 41591 47447 52912 53307 54400
3037 37238 37241 37943
3038 5405 5439 5482 6156 6178 6182 6546 8242 8384 11562 11689 16004 31824 31825 44947
3039 19477 26643 33859 37185 60054
3040 1366 2674 2911 3056 23643 29840 29916 33559 61907
3041 8171 8665 9450 9795 33052 33407
3042 9388 9786 9820 48917
3043 27605 34550 35201 55723 60939
3044 1660 8991 24337 27850 27851 34519 45112 49107
3045 16833 17662 31746 32328 48688
3046 32698 34600 59690 60086 61123
3047 10815 14838 39922 39941 44158 55408 57144
3048 5467 21676 23634 23635 25932 25933 30923 44831
3049 11615 15650 21557 26753 27518 31486 62709
3050 39784 40134 42507 44627 52901 60432
3051 36465 37668 38863 46462 47064
3052 13518 39687 40625 52869 55358
3053 37127 55404 55871 56322 56323
3054 4582 17660 18524 21569 26078
3055 4085 26360 38415 55661 56046 57405 58224
3056 4875 4878 6909 8248 12066 13842 15032 15589 15590 15790 27469 28136 31464 31681 32645 32725 32811 32964 33121 33122 33588 33589 36701 46575 46998 50162 55793 56205 56206 56209 56215 56222 59160 59328 60062
3057 34781 34782 37583 45473 47063 59539
3058 2188 2193 30259 31164 42801
3059 28292 28293 28331 30297
3060 49250 54963 55014 56923 57912
3061 43529 52134 54293 55724 57641 57709 60513
3062 9141 9900 10212 30809 49132
3063 29203 41250 41259 41813 42202 44531 47882 53048 53473 54605 54645
3064 14105 19733 19734 19735 21017 21018 23220 25562 55598
3065 13929 39590 40318 41638 41659 42386 44517 44521 44546 44680
3066 134 149 158 550 830 10592 15577 15927 19067 19232 19500 27518 31471 31684 32282 32623
3067 13314 37064 39269 41829 43880 44520 52779
3068 2556 10374 10375 30947 51250 55224 56464
3069 15970 16020 19352 28176 29269
3070 4103 23632 23707 25176 34689 47938
3071 12290 25152 25331 25487 27929 27932
3072 15413 27598 45337 45342
3073 25747 39598 39599 39600 50989 53829 53830 54518 54554
3074 6308 6336 6337 6501 6721 6783
3075 47667 55446 55911 56386 58966 59215 60308 60494
3076 26745 27021 27022 27168
3077 13145 45540 45707 45730 45963 46170
3078 6242 7114 7460 16364 22667 32966 46034
3079 22924 24247 24518 24633 24746
3080 4132 8677 39492 40060 56432 56637 56901 59785 60122
3081 39421 40280 40281 52995 52997
3082 30071 30072 30073 30131 30156
3083 1891 7800 9614 14258 18752 36929 61364
3084 9944 30898 30988
3085 3168 36534 47979 49460 49495 49576 59536
3086 7708 7841 7935 8458 9308 9531 46599 46601 46602 48778 48964 49184 51424 61333
3087 2665 11238 28810 30584 51629 61552 61652 61878
3088 13636 13657 36173 43835 58005 58013 59593
3089 2787 30127 41306 45733 51963 53388 53987 54428
3090 7335 8021 8428 8613 9356 22398 24621 25421
3091 158 32530 32696
3092 6489 6560 6799 28862 30341
3093 4477 31554 31603 32522 32976
3094 1098 3467 3527 39509 43169 44495 47922 57941
3095 6531 6573 6789 11551 38537 51064 51077
3096 44767 44768 44769
3097 3812 3814 3838 62045 62655
3098 10615 15766 16100 32009 32108 32254 32638 32797 32821 33475
3099 64 524 896 897 898 3117 6617 11713 15519 19329 28175
3100 8321 9118 14039 15780 31872 42083 61389 62030
3101 10826 10841 61163 62195 62529
3102 54997
3103 17065 20039 20602 21055 27520
3104 16725 16741 16742 18479 26207 26208
3105 34248 38808 46009 47139 47232
3106 8747 11788 22953 22954 23036 23385 23451 31424 31667 32852 33116 33450 49202
3107 26470 26974 27118 30457 49761 55959 60576
3108 20173 20191 21823 22038 22039 27008 27302 33775 33953 62247
3109 5237 5520 10365 21328 21357 21408 34539
3110 5929 11318 42907 42908 42931 43525 45046
3111 6637 28277 30824 30918 45221 45354 53401
3112 12373 23598 24160 24635 45116 51589
3113 4830 10348 15422 23407 24248 24556 29083 52245 52631 53255 53351
3114 10597 10653 10657 11561
3115 10992 28321 36032 59621 59826 61300
3116 10920 45074 45075 45077 45127 48589 51169
3117 7927 18462 20698 20718 20723 21157 21868 21879 56421
3118 8666 22581 24840 49101
3119 69 162 31170
3120 4922 6050 6292 8538 12533 12534 15132 15380 15381 15639 15807 16074 23418 23425 23426 23497 23498 28657 29999 32738 32739 33435 33436 40261 40262 40692 41741 51200 51226 51451 51452 51575 51576 51675 52008 52145 52607 52650 52679 52852 54064 54081 54600 56331 56332 57882 60638
3121 2231 18742 22300 22301 26428
3122 1736 2022 13773 22416 25061 30437 31550 32225 51648 51741 51744 54259
3123 1390 61178 61215
3124 8860 10243 21140 37757 43130 54650 56301
3125 33582 34189 34305 50363 50538 61369
3126 42006 43643 56400 59473 59494
3127 2956 3895 3913 3914 5577 12332 22755 23196 23494 23758 24900 25696 25704 30407 30414 30417 31766 32851 51163 51168 52289 56094 56467
3128 6923 23896 25455 48721 48978
3129 855 6361 6772 15628 29268 45083
3130 4392 34100 45345 58278 62685
3131 24974 24975 39597 43261 43964
3132 54967 57628 58141 58515 59690 60197
3133 3603 3627 3632 3633 3661
3134 959 7582 7598 21107 22703 23599 30921
3135 37951 54766 54964 55493 62540
3136 6130 12001 27790 27801 37825 39429 40519 42179 52023 60198 60306
3137 401 440 1584 1612 2335 2806 2807 2846 2902 2964 3020 3109 5816 13406 31390 39468 39785 40004 44184 51474 55245 58104 58105 59591 60266 60286 60517
3138 1377 6437 13229 25495 30307
3139 10560 10702 17033 17405 17573 17630 21822 23963 25596 41684 42623 61593
3140 4223 12714 34791 41515 41952 43246 45366 60325
3141 2499 27676 30093 34555 57060 58579
3142 35575 36821 37017 37121 37342
3143 7878 8226 16269 30819 30984 37516 60493 61249 61282 61853
3144 16460 22808 24695 25007 25865
3145 12747 39330 39343 39346 44162 52880 53866 53867
3146 18719 34645 58920
3147 7861 8633 10214 22254 22519 24307 24438 24926 25129 25147 25959 26002 44099 60628
3148 11612 34500 38246 38649 49846 55059 57095
3149 7364 7574 7575 9523 9852 25086
3150 13306 14029 34823 45933 61004 61006
3151 41440 55354 55422
3152 36885 51030 61927 62306
3153 3477 30507 45973 46838 60842
3154 2155 18027 18064 18097 19703
3155 10513 30400 32736 48706 56634 60991
3156 1183 12772 39282 39285 39503 39696 56545 56546
3157 21820 26123 27505 35027 35214 36105 38424 56375 56868 57057 58158 60315 60316 60774
3158 30267 36013 61430
3159 14507 36696 44189 62142
3160 13221 24686 24691 57924
3161 8308 9564 28821 45900 46056 51140
3162 4099 18754 33814 42630 58218 58220
3163 26563 26594 26753 27170 27369 45720
3164 4410 18241 18638 18853 20145
3165 35559 36364 36648 39288 54718
3166 1576 20040 37761 50544 50632
3167 1470 12889 38309 61390
3168 31923 39287 41227 41228 41229
3169 300 5550 5551 23786 50198 50308 59135
3170 5284 8387 8485 23790 25692 51936
3171 40100 51525 51656 51730 51839
3172 4366 32746 33110 45667 58284 58286
3173 152 6668 10573 15916 20692 31814
3174 14320 26447 27424 34794
3175 2015 17898 18114 31331 31868 45573
3176 2094 2343 2344 6375 33351 46158
3177 6101 11522 11608 11610 11648 11696 11715
3178 18905 23655 25035 39994 42157 58804
3179 12766 12871 13346 14174 14218 41776 42083 47100 58293
3180 15468 22525 23537 24195 24718
3181 26219 26220 34400 35175 37020 47449
3182 13621 13634 14313 35575 39540 41723 41834 43910
3183 3674 6473 6577 12769 24314 27981 28985 51517
3184 7543 7869 9584 9776 22860 41557 49000
3185 12863 14830 38221 39793 44038 55473 57097 59339
3186 3208 26149 36154 60814
3187 41988 41990 42337 42374 42882 46173 46991
3188 6995 7314 7325 7638 48036
3189 1270 1271 37762 55876 62117
3190 4617 5770 22104 22141 22638 25019 25632 46793
3191 4340 10350 61323 61940 62269
3192 22132 35017 35261 39680 40540 42001
3193 20110 20789 20970 20971 21066
3194 31407 49909 49991 54986 55053 55223
3195 27233 27234 49630 49631 49644 49645 59132 59490
3196 192 15467 15829 15830 15846
3197 4870 51694 56256 58323 60606 62386
3198 6896 6897 7424 7624 22865 22972
3199 4631 5407 17691 17762 26313 26717 61191
3200 3506 11845 13716 37032 38989 39391 39396 39559 40482 41488 42138 53347
3201 52702 55477 57953 59362 59363 60753
3202 4006 19120 31539 31591 31699 33378 34878 38546 39175 42798 51068 53318 54038 55987 57284 57657 57933 58906 60110 60112 60255
3203 3441 15354 15731 32021 33577 45488 47401 47764 60085
3204 12425 18625 19074 19198 19211
3205 47738 47742 47765 47769 47828 47831
3206 373 5027 15045 20724 22655 61919 62155
3207 26666 26667 26669 37768 38832 38833 38834 38836 38837 38838 38840 38841 38842
3208 0 4 7675 33978 33979 37191
3209 11050 11277 11278 11418 11419 22263 22496 22497 23120 23731 24025 24698 25762 25763
3210 4396 4416 4464 4465 4466 4519 35941 35942 35943 35944 35945 35946 35947 48524 48526 48528 48543 48545 48619
3211 37376 38419 56526 57784 57805 59143 59562 59564 59866
3212 21158 59906 60133 60178 60179 62362
3213 31004 41395 42723 43438 44556 44634
3214 12848 21106 22592 24299 35208
3215 34367 34711 36575 49440 49572 55701 57334 57942 57976 57977 58965 59071 59184 60869
3216 19463 29058 38220 47966 48224 48258 56673 61009
3217 7225 7485 7777 8259 8522 8563 10165
3218 11544 11797 16331 16332 17480 18616 19763 20273 21422 28297
3219 16265 18259 18687 33778 45984 48799 48856
3220 1635 25049 25733 26765 26767 26851 26852 27317 27360 34444
3221 12943 13083 39513 39519
3222 29209 38149 48410 48467 48597
3223 16074 25854 30775 52185 52900
3224 33697 36864 56446 56497 57216 57920 60795
3225 44838 46906 52006 52385 52532 61018
3226 1796 15675 17516 58682 59813
3227 22123 25340 28963 35343 41654
3228 32542 34189 35467 35476 58660
3229 6993 7122 8479 9252 9757 9845 12377 29841 30572 47796 48812 49420 53391
3230 38348 39603 48339 60798 60901 60986
3231 2405 34323 46612 47127 61772 61874
3232 12479 12642 12644 12645 29212 57484 57862 60625
3233 4367 4532 13008 14215 48505 49372 52766 62371
3234 2194 2338 2383 2627 28162 30089 30485 31494 45306 46651
3235 10993 32465 32618 32717 32865 33026
3236 34238 46981 54396 54471 60463
3237 10451 17341 21325 59034 61426
3238 17022 17113 17138 17286 17291 32667
3239 5233 5357 17258 17548 17663 18054 24098 44116 56014
3240 1092 4407 12589 13796 13817 14848 26999 55465 55471 57397 60215 62396 62421
3241 48008
3242 1348 1513 39628 39737 40439 40838 41179 41202 41923 41936 44167
3243 29689 29735 29826 39013 39014
3244 2653 2654 55106 56176 56820 56994
3245 41108 41432 44072 54313 61266
3246 35337 38648 40365 42086 62700
3247 9655 19279 20112 21607 24992
3248 29227 29228 55049 55731 58383
3249 4477 42285 48478 57845 58426 59034
3250 20751
3251 12927 13501 14182 14275 14276 14968 56267 56284 56285 57814 58830 58832 58837 59755 59760 60369 61453
3252 22410 34691 41066 43276 59889
3253 12860 12863 35007 41981 41984 48379 62663
3254 13481 30798 39770 40230 42132 43544 44302 52176 53697
3255 273 3392 3722 13916 35177 38582 43360 44448 59338 61299
3256 1697 10899 10909 10946 10960 10984 23476 23547 23672 24668 24905 27777 30442 45367
3257 11954 11970 19953 24573 33185 33834
3258 2024 4337 28598 30333 36957 43612 53343
3259 1326 3143 3192 3455 11141 34118 35574 41645 43053 43770 43775 46864 47327 58799 58806 59543
3260 48496 48575 51121 60667 62666
3261 8339 9166 16651 17753 17837 24926 29031
3262 19272 19449 19741 26436 27272
3263 10975 34901 36909 36910 50955 50970 56690 56691 56693
3264 9229 9511 9569 48788 48895
3265 44359 56826 57033 57039 57605 57606 60265
3266 36818 36869 37553 37791 44128 47433 55211
3267 28170 29199 29214 37292 38773 49674 52827 56625
3268 54203 54204 54212 54213
3269 9607 22912 49095 55362 58476 59142 59332
3270 13918 15050 39910 40288 42339 56618 56824 58380 60052
3271 29522 29523 33662 48450 48572 48585 48586
3272 1575 35749 50738 50766
3273 36035 51262 52795 52796 52797 52798 52799 52859 53562
3274 1258 2908 2991 5758 7631 15114 15116 15137 15691 16329 17936 19649 19749 19914 20268 20387 20865 21232 26549 26977 36555 40311 43089 54498 60377
3275 1395 1682 45504
3276 39840 40092 40328 40329 41609 44759 53063 53097 53598 54223 54320
3277 14823 14833 14834 14863 14891 15025 42975 43989 44022 44024 44642 48502 48620
3278 38821 39815 39903 41178 41180 42129 57973 57979
3279 14006 14397 14758 42076 42077 42078 42079 42080 42347 42364 43452 57581 59931 59934
3280 360 1145 1152 34996 37863
3281 36978 37199 38047 49998 50038 52720 52747
3282 21628 27041 28438 28630 56082 56318 57896
3283 19707 31138 31139 35096 47292
3284 10770 27596 27620 27630 32284
3285 28956 41965 42850 54101 58114
3286 3959 25396 26274 26960 41993 41997 45877 50739
3287 3331 38577 40661 43342 61417
3288 13026 13235 14036 14109 14990 35797 46860
3289 7565 8909 23099 23823 51361
3290 16637 17144 17628 17651 18599 18877 22054
3291 12065 41746 51810 52610 60327 61165
3292 390 12366 44999 45111 61678
3293 5598 8295 9611 10223 20477 25938 25939
3294 16668 16746 19638 19908 20843
3295 36018 50470 56495 58283 58290 61634
3296 7192 8108 8189 22436 22437 22597 22598 22751 22978 24053 24054 24529 24932 25053 25273 25274 25365 25558 25559 25850 25852 51711 52863 52864
3297 10349 15340 15341 15343 27403 44818
3298 3220 11440 11472 11746 11766
3299 29353 29528 30984 48508
3300 1319 1388 46077 61963 62007
3301 15236 29063 55972 56319 57849
3302 7017 21949 34207 46390 47370
3303 8676 18691 22145 22146 25058
3304 8476 33058 37283 50744 61502
3305 83 3510 28311 48369 57375
3306 50194 50195 50196 50197
3307 1671 2446 2942 38281 46493
3308 4920 5080 5247 13901 14156 14508 14857 14858 48149
3309 7473 8142 45799 46578
3310 4283 4725 4973 5485 22396 22568 25750 30586 32544 33117 53878
3311 3893 3901 5896 7889 45001 49769 52341
3312 1888 7548 8766 11599 29005 61055
3313 8459 10112 11842 22433 24060 24350 47389
3314 14432 14749 39216 40403 40460 40675 41273 42617 43341 55946 57079
3315 26856 26857 27048
3316 2191 2927 6264 7342 21262 62062
3317 1000 30041 47561 47799 51988
3318 38873 50139 55111 55508 61137
3319 13629 35069 35344 36068 56703
3320 4562 4580 4583 34971 61649 62222
3321 2118 8138 19887 21705 23211 24207 26286 30964
3322 30924 30947
3323 12962 16935 27580 27585 32876
3324 74 6853 12385 26625 47180
3325 25836 30284 35197 37591 42713
3326 34117 34253 34256 34846 36257 37360 38941
3327 5042 5064 5065 7438 11091 11229 12481 12564 22574 23116
3328 46840 46843 46850 46856 46859
3329 2382 14676 27989 37464 46195 61592
3330 21654 23774 24043 25147 26320 27100 27299
3331 2648 10290 10816 30145 33269 46209 46396
3332 15647 16938 17802 29009 29054
3333 11570 12228 29928 34717 38774 38928 51322 53489 55635 59193 60027
3334 1416 46019 46047 47188 57024
3335 13062 33860 37487 50728 51642 57712
3336 35689 37363 37370 37380 37386
3337 16313 16315 16339 16340 60344
3338 4296 44159 44231 44232 51314 52563
3339 38957 42336 43639 43647 43863 44581 44587 62232
3340 12978 12980 37831 59226
3341 446 1974 27228 31841 32579 61587
3342 36015 36737 37847 38106 38107
3343 8785 8888 52440 53650 60011
3344 47583 50518 50580 50581 50582 50640 58256
3345 1318 4345 31837 35344 37843 56293 61219 61857
3346 12812 13801 35488 39681 40033 40336 40608 43186 43194 43196
3347 3744 5016 5017 10981 46637
3348 9497 33582 40826 41388 41642
3349 33984 36323 37307 41989 62398
3350 12190 27103 50663 51124 51142 51155
3351 26957 26959 27161 27162 30984 53696 58194
3352 2737 16525 16997 18392 31145 31150 38672
3353 2140 18239 18348 19886 20629 21103 28690 34663 47198 52743
3354 4959 5124 5860 28017 28372 28404 28405 28427 28428 28502 28524
3355 39217 40946 41890 59197 59198
3356 1471 14108 36418 37900 61891
3357 3599 3600 22855 22903
3358 4947 44237 44239 44939 61507
3359 2026 2028 33859 62100
3360 5368 11042 20752 20753 22264 22423 23617 24095 24993
3361 20616 33197 33394 33466 51570
3362 48822
3363 23286 23465 23499 25171 25827 41241 57340
3364 875 28248 40650 40651 40831 43242 44169
3365 1481 16953 34984 36878 61291 62167 62545
3366 13112 14502 41329 60128 60488 61470
3367 7483 7766 8248 8417 20598 20599 23515 54949 55009 55254 55899
3368 21343 21889 34589 36303 37878
3369 4715 4767 4851 15169 22781 25185 40772 40775 41453 55175 55355 55687
3370 4207 29392 31749 35286 39495 42165 43457 48713
3371 39815 39897 40428 43022 53076 54597
3372 1180 4810 5551 5553 33393 38918 38919 38927 46193 51556
3373 20966 21002 26396 29051 33877 33878 35511 35512 35824 38448 41439 46310 46680 56451 56759 57707
3374 2396 4636 7896 8657 16147 25060 30274 30275 30308 53109
3375 5364 5788 15172 32549 47124 53938 54216
3376 4609 4951 5036 5174 8209 9301 10037 45781 46157 47095 48865
3377 30976
3378 9218 40498 41483 43429 53717 53718 53719 53720 53721 53722 53724 53725 53915 53953
3379 29322 29337 29413 29641 29816
3380 8092 8452 11197 22553 22862
3381 10950 34695
3382 2849 6115 6164 8356 8357 9441 9497 10188 22317 22321 22539 22968 23183 23184 23185 23313 23811 24022 24516 25563 49315
3383 8781 12684 12685 31465 31467
3384 16493 16815 16846 17317 17766 26189 27148 28629 32697 32699 47268
3385 20500 21309 26601 39724 50793 55273 56494
3386 36853 47933 57422
3387 6450 31189 34799 35717 46319
3388 30454 36254 37851 38607 45044 46102 46207 48626 50231 50282 50593 56008 56009 60508
3389 12720 14593 14978 57379 59944 62426
3390 3232 12923 13105 13402 14360 41311 41318 41763 41766 54855 56163 56183 56188 56189 56192 56425 56429 56430 60202
3391 696 19307 19346 30289 30359 31228
3392 6494 18774 33118 33434 35214 35326 49236
3393 38360 55092 56057 56058 57839
3394 14110 33835 39971 41781 44744 58282
3395 15845 39882 40738 44522 53392
3396 126 6950 9257 19596 20237 20238 21030 22451 22743 23080 31231 31335
3397 6588 13623 13655 13957 37288 38884 43481 44614
3398 6322 6486 6651 15383 15568 28221 28245 28268 28276 28302 28855
3399 37412 38667 56118 57090 58225 58304 58312 60515
3400 2377 4059 4082 4135 5066 16795 16796 21366 21787 41279 47787 48123
3401 17241 28994 31171 31200
3402 107 354 29187 32741 52936
3403 21885 36149 36634 37570 47347 48151
3404 7113 7433 22464 24604 24753
3405 8228 16672 17404 31791 59156
3406 31080 35768 36402 36403 37227 38337 39106 39107 56324 59189
3407 10206 12311 22647 26629 26631
3408 2271 2272 3932 4097 40798 60383
3409 38569 38571 39041 43322 48005 53869
3410 18782 20106 21083 21084 21088
3411 539 731 760 31878 32405 32748 32856 32898 59031
3412 33759 48260 48261 48262 48284 48285 55547 56530 57054 58157 58738 60091 60189
3413 2424 6251 6795 6985 7547 8799 11066 11171 11565 12010 24326 30221 31203 31247 35214 46439 46456 46580
3414 14030 28243 35071 36097 37239 38384 40309 47346 48080 49605 57318 58295 58298
3415 1471 18267 18328 19199 31715 32685 62413
3416 2546 6751 10620 23423 23487 28369 31484 31561 31636 31897 32646 33002 33203 33479 33813 34638 34837 37799 53111 58975
3417 10916 10917 10958 10959 10969 27751 28108 28109
3418 17231 17872 17988 19965 20182 22256 23179
3419 11684 11751 11752 48729
3420 22306 30081 31216 42531 60978
3421 15371 15856 16143 29857 30110 48529 55531 55889 55906 56831
3422 5792 18196 20998 24176 25073 28934 29042 29101 44571
3423 28189 28190 28200 28203 28206 29251
3424 11676 27709 35437 46317 50321 58756
3425 2385 9507 21833 21919 28562 28563 30517 30692 45876 45995
3426 3407 15848 57771 60732
3427 1396 4167 8506 16875 17527 41031 42883 43551 44608 49453 54043
3428 34088 34089 38924 38925 45208
3429 20921 21557 21564 21599 26444
3430 35057 35279 35723 62427 62461
3431 52329 52330 52331 52332 52333 52334
3432 1423 34184 34346 39045 62161
3433 11396 15783 18226 19744 19865 27745 32228 33006 33161
3434 33602 35806 38400
3435 9849 18824 18829 20066 21581 29327 53920
3436 1037 1080 5482 5549 21946 25949 25950 31987 32036 32060 32361 32415 39301 39372 40067 40458 41463 43730 44294 44928 52301
3437 45163 55919 56771 58015 58750
3438 1653 4864 11621 31903 37659 46058 61032
3439 44305 44306 44307 44308
3440 15717 32035 42996 43744 48100 48241 50026
3441 26217 26223 42969 55996 61753
3442 3267 7014 7232 25325 60905
3443 13179 33727 37143 37585 37637 48130
3444 31788 32831 36908 47550 47698 62608
3445 8099 22946 24264 25994 26885 27168 35503
3446 8316 35713 35714 35865 38801
3447 28740 28780 47993 47994 48266 50805
3448 23862 42130 43797 48511 48513
3449 3220 37849 44371 44372 48429
3450 21839 22008 22085
3451 5335 11947 12486 22403 23417 41173 45780 52861 53931
3452 22720 22726 24063 25929
3453 6201 6235 7048 10129 10356 10360 10712 23884 53889 54112 54149
3454 1498 1600 21745 36592 61051 61837
3455 14828 48179 55480 57138 60218
3456 5021 10213 22306 23394 23417 23556 23817 24045 46898 51514 55323 61508
3457 6760 22653 25820 55819
3458 22118 41075 41771 44532 55379 55380 57427
3459 1351 1362 1434 37257 40943 43030 43995 50118 54407 54713
3460 1110 5216 30916 44873 52678
3461 4107 12986 14089 15043 36900 40681 55957 57441
3462 4381 28603 48478 48546 55115
3463 6253 7279 10377 19092 22327 23813 23814 30523 31980
3464 34160 34162 36536 36537 46498
3465 31061 49375 61690 61884 62019 62203
3466 12918 14683 31831 36214 39960 43648 54752 54920
3467 57479 58491 59368 60574
3468 11453 13668 50116 50413 55499 55712 56635 57988 58226 58335
3469 38180 41249 58359 58361
3470 11535 16461 16959 17363 17832 17994 19687 20682 20965 20982 21036 21395 22269 29496 29504
3471 3055 10806 23089 35225 35226
3472 10505 62078 62406
3473 20659 22219 22556 24708 25631
3474 36347 36689 36730 61157 61304 61622
3475 16714 40589 40591 41895
3476 2507 4981 5519 5924 28149 48414
3477 55081 56462 56480 56486 59876 60151
3478 50422 51010 56529 60384 62147
3479 50866 58879 59442 60900 60902
3480 22626 61729 61921
3481 16580 16656 17550 17868 40382 42824 42933 43597 48962
3482 6260 15313 15322 16439 18724 19448 19458 20668 21401 21904 23971 31802 32569 33051 35658 45443 46837
3483 30809 30818 30829 30984
3484 4016 17604 25016 52834
3485 14642 42064 42890 44621 54236 54237 54238 54239 54240 54241 54244 55388 55398
3486 30604 30613 30677 40085 47522 54208 54262
3487 50670 55973 56316 56318 56321
3488 2018 2105 6109 6110 27912
3489 6843 15579 33791 50373 59063 62050
3490 13888 23955 25616 35969 37213 59336
3491 44202 44270 44746 44747 44748
3492 16375 27156 27326 47470 47498 47511 49327 49336 49350 49628 49654 49658 49660
3493 10570 35063 58781 58782 58783 62490
3494 14664 14804 14808 14814 38900 41907 45603 46333 46484 50002 55426 55782
3495 143 20601 36343
3496 6556 6687 12129 15710 30920 62524
3497 1491 39053 47985 55061 55108 59877 60006
3498 33672 42274 42774 42973 44186 44200
3499 13225 34983 35198 35236 35330 53948
3500 1866 1915 4825 23852 29697 61155
3501 2312 17080 17267 17363 29991
3502 4430 12147 24291 24470 25777 34617 46581
3503 24159 28365 30866 45818 46616 46987
3504 6090 16070 19311 19357 53323
3505 25600 25601 32889 37300 49100
3506 18227 22905 22907 22908 22909 31079
3507 1525 3663 12419 12515 13639 13819 31086 31092 35620 47311 48421 48458 62534
3508 22928 23022 23294 34965 35028 53415
3509 6748 7025 8333 8424 9305 15759 15909
3510 403 435 15416 15740 21292 35379 51176
3511 508 1780 4553 6330 15454 32570 33023 40020
3512 18946 43956 49070 49076 49117
3513 163 311 15589 18439 33349
3514 30353 43243 50649 53469 53714 53715 53965 60458 60460
3515 48760 54242 55022 55360 55363 56628
3516 47544 47611 47629
3517 1408 6537 6639 13186 62673 62684
3518 21459 21708 23353 23600 23678 25003 25953
3519 2179 11488 15409 15428 22956
3520 173 28288 34519
3521 32136 32631 45800 45917 46830
3522 55950 55982 57310 59730 59862
3523 2183 17590 18927 19179 49912
3524 17204 17296 21492 26237 26430 59181
3525 22988 41878 41887 43041 60477
3526 3801 15370 15443 15562
3527 12595 12617 29451 29452 29454 29494 29569 29649 29692
3528 14715 14720 14721 39659 45746
3529 23039 23599 24765 24859 51997
3530 8511 9068 21666 21711 49640
3531 18727 18728 22198 33631 33632 33633 33634 33635 33636 33637 33638 33639 33641 33683 33687 34425 34430 35681 37206 37984
3532 40059 46568 51834 52215 56818
3533 24474 40659 41683 43708 44293
3534 12827 36309 48602 51622 51799 53941 59332
3535 10719 16691 16759 17564 17630 19756 20047 20111 20563 20655 26688 26887 26947
3536 9914 44006 52175 52198
3537 7069 9380 16070 29323 48801 49153
3538 7078 9267 9281 20881 21177 56587
3539 44745 50732 52677 57375 59002 60104
3540 1171 1186 4333
3541 9739 21641 23387 62609 62637
3542 22195 22503 22878 24458 24732 25145 25465 29695 41496 44837 57201
3543 51535 52004 53662 59324 59325
3544 17541 20045 26602 43097 52761 53135 54710 54962 54984 55653 59320 59975
3545 34271 34683 46550 52871
3546 274 9420 10076 32858 40053 41915 42544 45824 46576 46622
3547 6830
3548 35200 57847 57856 57973 58769
3549 10927 10939 14094 46643
3550 13824 19520 36865 42000 54393 55421 59694
3551 7903 8336 9079 10365 25324 25947 48789 48882 51287
3552 2223 4785 6057 7910 8076 35052 35215 45943 46785
3553 3713 11012 14308 34929 37598 38019 45604 48507 48508 48509 48658 49248 49265 49292 49294 49310 49319 49458 58201 58211 58257
3554 1698 1899 1915 1984 5111 11133 15768 22882 33433 36392 37671 61394
3555 18780 18847 19599 20127 21235 61760
3556 27650 30856 30932 32406 35001 61796 61934
3557 16473 17146 17646 18281 18282
3558 13921 17803 19191 19564 24199 24584 31777 50545 50742 50906 55451 56489 58264
3559 19780 19820 19851 29699
3560 316 50551 57286 61531
3561 9085 10032 22986 23415 24990
3562 23895 26068 26217 26226 35435
3563 2204 5199 5742 17790 49895 60583
3564 5991 7749 10889 11643 15203 30463
3565 12737 14037 36036 37888 59768 61538
3566 11907 34038 34557 45379 45481
3567 158 377 12394 47714 48509
3568 532 733 28222 31274 39362 39605
3569 788 14191 17997 18000 18032 18120 18851 18865 49234 50325 56519 59126 59666
3570 35755 46550 48509 51175 59091 61479 62613
3571 7075 8075 24834 45090 48746 55545
3572 5805 8567 10217 10268 11732 15398 27659 29398 29469 29488 32168 33190 33448 46792
3573 13338 16669 22516 22791 26244
3574 1778 9419 9720 10361 22493 22852 43420 43890 43894 43897 43900 43902 44927 49055 53575 56028 56362 56364 57037 57066
3575 8112 26523 49804 49827 51769 51902 57638
3576 1193 21049 26721 37640 48370 54600 55028 56635
3577 3254 33571 34999 35012 35014 45177 45183 45371 47386 48516 48567 62621
3578 15383 15395 15814 16070 28254
3579 33781 34042 34225 34736 34737 34763 61792
3580 1960 2064 10398 11220 17982 32414 33041 49143
3581 34176 58853 58854 58855 58856
3582 3310 3369 3385 60808 60882
3583 29179 32593 32814
3584 2819 2824 2828 2965 2966 2967 2968 3017 4301 30773
3585 3916 3917 14230 14387 47353 52711 60912
3586 28328 28329 28330
3587 16148 16151 22413 22916 23141 23190 23711 23712 23714 23715 23716 23717 24067 24545 51549 51627
3588 3745 56490 57592 60392 60809 60839 61962
3589 95 15403 15564 15680 16136 22833 32640 45906 46533
3590 10922 10979 11003 60688
3591 8151 12570 13245 26095 26234 26528 27240 27241 41443 49392 61680
3592 8113 12980 13620 14552 14592 42876 43784 44015 44317 52823 54402 54403 59000
3593 11028 13011 28233 31601 33364 47128 48515
3594 38959 38960 40071 40074 40075 41459
3595 15250 21225 47556 47600 48793
3596 28290 28296
3597 5059 5102 30835 30967 46633 46765
3598 4821 5380 5995 9666 31420 37318
3599 5266 15584 28839 30792
3600 29338 29519 29638 29714 46629
3601 9467 9468 29366 31797 33185
3602 13771 16373 17128 28544 32696 43811
3603 13917 13919 13923 42441 43841 44606
3604 36723 46349 49560 49561 50648
3605 30827 48441 48638 49481 61591 61785
3606 5746 9773 44668 61717 61889
3607 34738 35313 47729 48118 48298 57067 57836 57888 58916 60818 62660
3608 6418 6495 10588 36102
3609 14033 14049 14192 14782 28008 46897 60717
3610 40363 40364 42058 42238 43710 44422 52052 55208 58503
3611 2565 41252 52040 52425 52427 52499
3612 9702 10308 24935 25430 45952 46796 61209
3613 7480 9081 9186 9247 9248 9249 10226 23718 24158
3614 31739 32606 32878 33170 58286
3615 31005 31054 49896 50315 50504
3616 6797 15435 15504 15931 31256 33029 59765 61740 62231
3617 11831 17893 21012 21067 27014 47518
3618 13334 27728 40620 53795 54069 54383
3619 818 3411 30695 33765 35447 37623
3620 13603 35485 35744 58820 59495
3621 16512 37235 50860 55084 56446 58278
3622 34694 37003 42736 42793 53570 53580 55024
3623 874 2622 4750 9558 21802 28401 29905 36727 53202
3624 33740 37179 47981 54892 58244
3625 8096 18023 20709 21080 21950 44715
3626 32252 41926 43485 52596 59117
3627 4665 4682 4697 4738 4919 5401 5839 5913 19224 36761
3628 10484 34947 36206 61443 61497 61639
3629 46507 48464 55437 58424 61533
3630 6190 15749 32945 33182 33482 61312
3631 44316 44409 53533 53633 53742 54255 60964
3632 24281 24597 25638 25902
3633 9764 9784 51903 61978 61979 61980 61981
3634 14717 14862 40334 43293 53641
3635 7344 7874 8020 13321 22604 32807 33018
3636 1917 30797 31850 32989 33048 33990 45125
3637 13726 40875 40882 40884 41815 42683
3638 3335 3742 29464 29776 37173 47419 50049 50333 52746 60792 60925
3639 15638 15967 23346 36646 54007
3640 10508 10703 10711 10717 31615 42089 55125 58753
3641 4452 12257 26758 30465 30469 45181 45184 45228 62424
3642 7789 8143 9521 33063 33064 33065
3643 36371 38405 38586 58522 60039 60041
3644 23284 23285 34930 61643 62617
3645 25219 42392 50744 59283 60988 61214
3646 2384 34847 46706 46707
3647 26202 26251 27235 27261 27352
3648 3136 38052 55103 60203 60204
3649 7363 11029 12994 13093 14022 14334 14880 14976 39722 41207 41415 41418 41892 44616
3650 1610 38151 53597 53606 53660 53704 53775 54027 54028 60909
3651 29351 29406 29427 29579 29710 29802
3652 21323 21342 21391 41546 43140
3653 41180 42737
3654 4898 8909 10874 11862 25753 48620
3655 3171 38263 50505 50651 55325 57618 59987 60232
3656 7032 14043 28386 32341 36017 36595 41740
3657 8690 50417 57223 58570 59269 59573
3658 139 4588 6072 23032 23162 26818 26828 32870 42308 45886 46184 46949 47211
3659 11872 18521 27258 46004 61563 62060 62213
3660 23076 23077 23078 46178
3661 1456 1514 1673 3605 30246 32689 33429 56579 57320 57559 57791 58312 58747 62707
3662 12276 18502 28333 29001
3663 4719 8509 14149 40852 42114 43776 53768 54364 55832
3664 2377 3453 9137 35310
3665 13157 13926 13985 43712 53499 53502 54205
3666 1070 42228 42229 42259 42260 42709 42711
3667 2270 2945 29417 29503 29993 30160
3668 7352 7414 8131 50780 50838
3669 8369 8914 9310 48732 48761
3670 22782 22783 23587 25121 52872 53952
3671 11101 25831 31601 31734 36834 50602
3672 36547 39410 39715 40196
3673 10912 42981 43963 44413 54569 60685
3674 14437 38682 41177 41179 41429 42384 42728 44414 50407 54531
3675 13990 14031 14226 14227 14466 19867 21440 21441 21843 27822 36102
3676 1056 20045 21232 29529 29606 31172 34981 37299
3677 7074 9175 10257 10331 53425
3678 4567 5438 11182 17958 18062 27546
3679 1365 1682 30500 31008 33892 34530 45613 62452
3680 583 6864 15433 15451 15806
3681 35745 36620 39111 46181 46780 46782
3682 3434 22365 39710 40368 48509 50116 50423 55123 55784 57437 60783
3683 22612 27756 27758 27759 27763 27819 55726
3684 5342 6265 6498 22164 22419 30694 39884 43631 57575
3685 26090 26875 27195 27231 27265
3686 17730 35774 37225 37593 37608
3687 36207 51206 51249 51269 51397 51455
3688 34107 34149 36766 37706
3689 4915 33719 34026 48442 48448 51687
3690 15930 19025 19207 21577 27316 29327 30602 30685 57171 58108 60140
3691 1293 2809 16372 30095
3692 12521 19848 26445 27419 49295 49406
3693 2362 3079 10903 10996 21808 21814 21819 22086 35565 36069 36235 37755 37993 38471 38686 45587
3694 30190 51859 51869 52042 52169 52299
3695 10790 10793 10839 10855 10860 10862 10864 27644 32007 32076 32800 34977 35105 35348 54552
3696 7727 7730 8185 22144 22152 22193 22534 22536 23362 24802 25213 62644 62654
3697 2890 5487 9465 17923 19421 19831 23763 25009 28498 28596
3698 15744 28179 32667
3699 2041 15695 18257 19654 20125 31869 33489
3700 28647 29279 29284 29470 31099 51050
3701 35562 47271 48116 54853 56781 57356
3702 325 15415 18139 35652 61113
3703 3421 13017 32794 35872 35873
3704 6521 13534 14216 14385 22741
3705 3976 38382 38720 59164
3706 7763 8865 9959 25707
3707 3754 18876 18884 41149 55058 55066
3708 30999 31021 31034 31045
3709 331 28876 31591 39762 57203
3710 3293 4496 34796 47555 53978
3711 4020 36009 36012 38058 57743 59848
3712 8021 9022 9152 9603 9948 23673 24403 25370 25499 25505 30819 31972 47166
3713 48070 48086 51047 55868 56273 60987 62355
3714 14349 34281 36882 39493 39496 39842 40678 43067
3715 34090 35584 35776 38301 39022 39088
3716 36308 37425 46297 46298
3717 20026 20216 20298
3718 14246 16707 16969 17215 18741 18746 19370 19394 20038 21486 21491
3719 13180 13830 41831 42332 43434 43526
3720 7439 8018 8580 9884 24439
3721 5185 34307 37559 37873 55463 58735
3722 6366 6611 15722 29622
3723 48408 48414 48569 55387 55389
3724 36495 37571 37651 39051
3725 5642 7780 12748 12881 13175 13177 14004 14005 14042 14971 43400 47569 47577 47580 47669 47670 48554 48555 50031 50203 50204 55007 56931 57428 57508 58063
3726 28258 28289 32933 33130 46952
3727 4892 9481 9824 20817 20989 21223
3728 39649 40515 54025 54564 54565
3729 19552 20497 20498 20623 26832 32680 49635 49637
3730 22447 34740 36960 37743 37746 55172
3731 57493 58420 58442 58452 58665
3732 5948 22183 22222 22302 22303 23661 24108 25976 35532 55184 61167
3733 33981 34377 37912 37919 38216
3734 6868 9241 10186 10200 31774 39255
3735 9853 12407 46564 46627
3736 8412 26589 26754 27047 49008
3737 2577 5753 6027 6047 25270 25526
3738 11046 11069 11085 11151 11163 11208 16491 21098 22336 33090
3739 1233 43992 53586 62419
3740 31087 36504 39563 40576 44512 50433 54062
3741 3274 37358 38960 45827 46503
3742 1235 35790 36015 37028 38371
3743 13031 13599 13612 13648 41824 43370 45414 52701 54157 60771
3744 4652 4695 4696 4706 4711 5159 5313 5702
3745 33876 34658 34659 35970 36197 51049
3746 35369 35380 37050 49886 49887
3747 36608 36609 37945 37973 38574
3748 35223 38274 42178 50361 58884 62334
3749 10432 28947 29159 29176 30532
3750 23466 47984 47986 56912 60061
3751 35404 35405 35954 45442 61169
3752 10608 32642 32755 32756 37756
3753 2369 15093 25833 28434
3754 6384 11721 19340 22513 28443
3755 16598 19819 19838 20940 21009
3756 55787 55788 55789 57162 61322
3757 7639 8292 16036 62170
3758 12244 21930 26025 29201 34834 51037 56898 61387 62243
3759 2283 2869 2993 49995 55367 58374
3760 44396 44397 53304 54048 54070 54576 54580
3761 28312 28314
3762 7104 22652 22774 22864 22910 24368
3763 29883 45762 45903 45999 47113
3764 34613 41999 42992 43518 53043
3765 3098 6609 31310 54568 56925 60632
3766 4864 5567 9212 10232 24750 25700 49210
3767 29909 29910 48456 48597 48632
3768 30577 56979 56982 59952 59955
3769 6523 6704 10298 10321 11675 11944 23819 28990 34240 34712 38230 51242
3770 6858 8696 10204 11166 30562 44805
3771 3779 5688 5708 13075 13434 18497 18554 18692 21866 21890 23646 31834 32354 32766 35621 44975 46234 49852 52286 55310 56382 56427 57510 60593
3772 2641 3837 5182 27628 34128 46061 49168 50332
3773 152 12388 16686 18329 18463 30401 30441 32233 36353 46891
3774 35976 61236 61927
3775 54794 54795 54796 54797
3776 8376 9244 9309 9424 9716 48863 48954 49028 49029 49075
3777 14269 16918 38708 58608 60870
3778 16453 17059 20243 30734 30907
3779 4005 34230 40737 40874 42142 45421 54019
3780 3180 3580 4394 4395 4444 4521 4529 4531 11818 31073 40505 47459 50532 50533 55069 60160 60817 60855 60956 60957
3781 12478 37188 50508 50509 50510 50681 56864 57464
3782 120 20468 21297 30360 46196
3783 180 7184 10348 12118 15581 51542 52325
3784 6875 6876 8720 15085 25714 46722 46724 50114 50115 50305 51501
3785 6037 6270 8348 8879 19377 23741 26176 47722 52904 52987
3786 40319 40320 40321 40322
3787 4513 18005 18033 18078 18101 20890 21070 27001
3788 13184 13785 22201 37332 37531 45810
3789 2420 4252 29357 29359 29552 29605 29675 34159 46132 47479 51128 51132 52142 52896 52903
3790 16621 17396 18431 20050 29370 29645 49797 50183 51073 51084
3791 1761 1799 2153 6538 9519 10547 11364 15133 21789 30405 30408 30410 32279 49847 52062
3792 3093 32621 32876 55112 55907
3793 8212 8858 8894 9285 10072 10346 22097 24042 24232 24620 24710 24721 24722 27787 27894 27910 47634
3794 7927 9271 9911 10071 10139 48857
3795 27706 30542 35489 56966 62332
3796 25347 26201 26795 26796 46757
3797 47903 47904 56378 56532
3798 24581 24582 24583 24585 24587 24660
3799 48485 48486 48505 48506 48513
3800 18805 18806 22402 55571 56704 58825 60229 61115
3801 5096 45655 51360 54076 54649 61414 62510
3802 60832 60833 60834 60835 60836
3803 3312 3376 41889 44368 45586
3804 229 37877 37879 47425 61753
3805 9661 21893 34382 48621 48906
3806 8908 17055 18854 27699 36884
3807 669 6829 28975 34187 54033
3808 5884 8474 11306 22611 23884 24316 25710
3809 3066 4385 16938 19751 21751
3810 22175 24212 24410 25211 25339 25511 25535 32464 37672 54951 55812
3811 4774 30949
3812 13904 33956 35414 36873 38162 46406 47098
3813 4579 10733 13371 43924 44488
3814 10287 12057 20788 25892 48485 51428
3815 39980 39982 40197 42167 53234
3816 7060 7300 7387 7824 9879 25672 25998 53040
3817 12890 13800 14627 14630 41863 43103 43878 44109 47342 56907 58263 59013 59718
3818 4189 5983 14612 49664 50933 51076
3819 3362 39168 40496 42282 43754 43852 44066 44192 44585 48709 54209 54372 54374
3820 7264 23228 24920
3821 13210 13272 13698 28953 36856 39143
3822 5516 8860 51334 51866 54680 61268
3823 11246 11247 11338 15406 15524 15725 15756
3824 5184 16832 17848 49389 60630
3825 6218 12971 17023 18522 26139 26177 27264
3826 1649 3431 3942 30996 36311 41431 46179 48500 49530 49562 54030
3827 49304 50257 50506 56259 57125 57126 57127 57128 57141 57226 57392 57394 59105
3828 11810 21922 38377 43573 47267 53787
3829 532 2259 5512 5588 9779 10385 28263 47019 49158 51338
3830 8600 8615 9226 9772 10078
3831 4070 4171 10675 39183 39195 44636 58112
3832 17081 21648 21649 26889 54397
3833 7 11 625 8634 29556 29588 62635
3834 6635 28315
3835 9001 9385 11266 11429 51926
3836 1483 4367 33938 48135
3837 6709 6740 6765 6767 8887 9043 52311
3838 3960 39182 39621 40603 41660 45418 45665 53041 53058 55561 56478 57558 57659 58877 58878 60337
3839 22128 24068 36411 37476 37477 37855 38393 38608 40786
3840 2884 10400 11927 53928 55873
3841 1220 1460 1631 34059 34535 46459 46875 46922 47736 50676 50678 54958
3842 22719 27677 27714 36231 57612
3843 807 902 903 52965
3844 55167 57188 57866 58209 58214
3845 37653 37672 37673 38963 55780 57156
3846 29113 34771 37687 38315 42040 61610
3847 6972 7891 15478 22949 24435 24781 25474
3848 17747 18506 18682 19453 20072
3849 1284 3500 37281 39856 43234 43239 49416 49425 49617
3850 1415 34373 40579 42568 43483 56089
3851 4890 4891 5097 5098 5443 5737 5768 5865 5866 9942 10089 25880
3852 4044 4206 29014 40844 40845 41238 41563 41666 56024 56034
3853 36692 45126 45201 45204 45212 49849 50180 58032
3854 36031 37253 38294 38309 38711 38823
3855 4024 40119 41011 47659 47981 48343 53741 56512 57153 57304
3856 34174 37929 39200 45151 55464
3857 7349 22963 22979 23060
3858 52144 52456 53778 56440 62037
3859 3984 41136 52771 61393
3860 11475 11513 11541 11633 11653 11701 11706 11708
3861 12824 12908 36863 38943 50605
3862 56059 57350 60206
3863 1078 1567 1618 3996 17205 29626 32994 34340 35266 35888 36619 39811 40060 40097 41894 47460 47939 57642 58152 58155 62661
3864 5555 30969 30984 52320
3865 12832 61680 61928 61930 62122 62125
3866 364 455 516 645 799 878 11554
3867 39056 40677 41504 43219 43484 55106
3868 14159 14496 44028 44046 54288
3869 2126 2232 27990 30218
3870 19053 19064 20004 20005 42306
3871 35328 39384 39866 40283 40381
3872 476 1305 18081 20146 20695 61088 61402 61813 62614
3873 19409 21327 21633 34457 34745 49867 55220 59520
3874 7346 7551 8288 14325 24781 54799
3875 5514 5892 12966 12968 36398 38791 50023 50024 50055
3876 17942 18069 19667 20360 20667 24242 25155 25417
3877 12788 13996 14297 14875 40932 41821 57710
3878 1218 1918 11243 11424 15861 25061 33084
3879 4118 13221 34190 35290 42054 42121 43847
3880 22087 22088 26061 26064 27161 50751
3881 14667 54053 56677 56681 56683 56764 58858
3882 12502 35029 37547 37859 37864 41275 45151 45207 51712 53752 54334 54636
3883 3360 4219 31008 36890 48656 58951
3884 1514 4509 4514 4517 31015
3885 29048 31620 32905 44766 51482
3886 1105 1106 46776 62548 62549
3887 16304 16330 16893 18331 34553
3888 418 15527 28606 28607 30713 57114
3889 47184 61423
3890 2613 11885 11896 12208 12392 12393 36450 53113 53977
3891 23365 23366 23368 23369 23502 24400 25770 25771
3892 35341 39141 41668 42230 42779 43286 44773 53306
3893 3908 12356 45106 52421 56392
3894 30380 45236 45319 48590
3895 1410 5191 5305 5725 62552
3896 913 3128 28446 29835 29836 29897 29898 29899
3897 4228 36251 36334 37200 37394 61049 61092 61188
3898 2426 21448 23429 26356 26671
3899 3799 19916 20541 38012 48234 50990 61323 61559 61633 61823 62197
3900 8909 14883 20009 26907 27093
3901 9670 24445 25574 35641 55505
3902 23345 44391 55528 56404 62296
3903 1055 13359 39390 40480 40487 40488
3904 14194 26379 26521 27023 27024 27025 27026 62698
3905 14641 43056 44123 51114 57943
3906 7016 8001 8366 16221 16283 18319 24311 25358 47717
3907 37076 41575 41590 41868 50241 50324
3908 18465 18466 32431 35736 58282
3909 12524 36073 36788 36850 38746 40736 47337 47347 47424 47435 47440 49433 55714
3910 3609 3610 3617
3911 33880 33882 34096 34098 34642
3912 12960 13792 13948 24096 48310 53693 53695 57168 57169 59111
3913 29157 39183
3914 39278 39529 39703 52767 52770
3915 10913 10999 18836 18837 27731
3916 3332 11842 42622 47396 54666
3917 19068 31532 48707 60393
3918 272 569 644 652 679 1662 2407 2605 2747 3023 6280 11380 12067 12143 12184 16568 17395 21827 23065 36196 36796 38473 38717 44885 45237 47092 50313 50716 55560 56492 57371 57489 59989 62273
3919 43308 47565 52923 52924 55796 59093 59099 59103 62377
3920 15769
3921 16496 19624 20042 20129 60040
3922 33741 35794 35955 38474 46343 46344
3923 45602 45667 48140 48142 56072
3924 12488 12489 37395 38558 49387
3925 29583 41468 49485 50999 51024 51915
3926 1771 16958 19381 21445 24074 29240 39074 45317 52762 52769
3927 3734 35284 35394 45510 61021
3928 40213 40214 40218 40219 40223 40224 44328
3929 7361 9246 9645 10351 33604 35715 46483
3930 48390
3931 8506 8509 23084 23783 43151
3932 11525 17923 17959 27440 60906
3933 3568 5158 45150
3934 18182 18184 20381 20403 27099
3935 10867 42807 42912 46299 51232 51379
3936 1432 12082 12083 12085 45137 45192 62492
3937 30495 38054 39791 39909 40298 51176 54158
3938 13237 15026 34211 50253 50951 57213 58609
3939 17381 17931 17933 20120 32999 41504
3940 37596 38981 40708 45374 45515 45737
3941 3153 12893 18019 18945 19773 26024 53300 54785
3942 37812 55143 56939 59060 60564
3943 11284 19011 19080 19182 19183 19194 19333 27619 27717 31693
3944 36213 36245 36629 36739 36886 37095 38023 38038 38045 38049 38061 38426 39034 47429
3945 19975 31524 43724 47694 62102
3946 7302 11891 22348 22543 24083
3947 1563 50420 50431 50432 50753 58130 59195
3948 7332 30877 30878 30879 30881 30884 30962 32843
3949 28632 28633 28635 47407
3950 45102 52934 52935
3951 9267 9328 10402 24398 31116 31127 37864 55454
3952 9083 9375 9672 17182 17505 52975 52980 52981 52982
3953 9368 9715 9716 9736 9737 9909 22180 23886 25024 32163 61521
3954 13889 14646 14712 46036 48467 48583
3955 29062 29238 31270 52129 58392
3956 13262 37111 49258 56121 56377 56502 56765 56767 57480
3957 2104 32835 35721 48922
3958 8361 8795 8797 9156 9994
3959 10808 20650 20678 20821 26370 35180 45680
3960 30863
3961 46033 55976 56108 58876 59127
3962 32452 39668 40103 40733 54525
3963 5562 19894 27072 27646 56291
3964 13394 13725 13864 14489 14490 43645 58006
3965 9333 9612 28461
3966 3158 3648 38032 50586 60697 60764
3967 1358 1561 1647 34960 62508
3968 33636 35110 36695 38910 51118 54553 62303
3969 2729 2730 25373 28016 45326 46596 46597 46951 46953 47001 47002 47044 47080 48811 49039 49859 49956 52647 54477 54709
3970 57380 59658
3971 6118 34108 46042 46758 57375 60221
3972 37758 37762 48509 50859
3973 6595 16007 17653 17818 19458 27380
3974 16070 16095
3975 4598 38141 55548 56948 56950
3976 1469 46432 62413 62423 62513
3977 6138 6160 9129 9912 10902 10947 48724 62350
3978 8948 36885 39008 46249 47247
3979 36760 42523 43245 49599 49600 53318 54103 54601 54603 59778
3980 372 3618 3646 3704 39130 39132
3981 18631 43211 45218 51496
3982 16624 26635 38303 38516 51666
3983 23736
3984 11245 11246 31609 48499
3985 498 520 28897 45068 45126
3986 7953 8926 10254 29586 43686 47987 50658 52352 52534 53755 54156 54676
3987 15833 19234 19238 19239 58073 60415
3988 5503 5692 5937 7031 9095 9188 10177 13064 13812 14201 14850 15206 20984 27694 31709 32167 32581 33107 33212 33213 40252 43951 43956 44298 44467 44671 51830 53688 54523
3989 7695 8556 8557 9431 48902
3990 35470 36715 37748 40438 40869 41542 41805
3991 18544 27520 46514 61651 62496
3992 10977 10982 18872 18873 18874 45364
3993 58096 58989 60293 60294 60357
3994 30377 41840 42856 53305 53614
3995 1505 3537 16754 19545 19692 47463 57324
3996 35551 52533 59220
3997 3636 3684 21832 36622 37109 37116
3998 13303 33704 34379 36879 37161 46100
3999 12700 23668 32206 46600 49401 49402 54846 59293 61590
4000 1179 1235 1241 1286 61460 61465
4001 34060 40215 40216 40220 40259 40614 42128 49418 60865
4002 14151 14152 14154 14649 14900 18567
4003 7178 17534 19721 20559 20583 50562
4004 37494 46365 57051 59388 60840 60848
4005 3960 35783 50255 50441 58931 59523
4006 41221 41222
4007 3108 13848 13852 14765 30185 34664 58186
4008 29729 37805 57473 59420
4009 1209 1243 1580 19137 43510 44139 53684 53685
4010 41215 44791 54867 54945 55516 55600 55601
4011 15858 16203 54919 60209 60210
4012 3107 5902 5904 8230 8637 24813 28554 28685 28686
4013 9885 10089 10090 10158 53621
4014 10283 21433 22016 42258 49739
4015 12836 38695 40135 41423
4016 13036 13214 41633 53436 54582 54597 55113 57213
4017 10850 15208 15304 19788 21229
4018 7739 11286 27658 41324 41628 49563
4019 27923 27925 27926 27928 51236
4020 18072 20384 20545 20546 27537
4021 24740 24887 25403 25997 58616
4022 1805 24838 24840 54328 54758 55506
4023 39999 41126 42322 55414 56646
4024 48554 48604 48605 48622 48625
4025 1090 5927 23457 35015 39299 40124 42186 61455
4026 22649 33520 33531 46885
4027 13123 39686 48270 53329 58758 60252 60253
4028 1527 10844 45516 61326 61831
4029 6031 6034 6134 6179 18221 27799 52979 53027 53619
4030 10660 21758 28307 32243 61723
4031 33643 34130 37115 57210 60053
4032 8803 11055 11056 22392 22462 61063
4033 15942 16030 22003 27645
4034 50240 50398 54748 56609 57808 59146 62591
4035 18016 19986 19987 19989 19990 20038 20424 20764 20765 20767
4036 4019 26275 26332 26776 62267
4037 18499 19757 19836 19893 26294
4038 40122 49646 54222 54310 54311 58060 62454
4039 10207 22202 22508 22509 23460 24487 29532 29820 45286
4040 4312 4313 17777 28147 54462 62206
4041 39697 41138 41164 42140 42194
4042 2193 29904 48003 52291 52668
4043 18142 18472 19133 20407 28930 60602 60603
4044 1075 6193 16442 56212
4045 23846 38389 39296 39377 47443 62310
4046 34411 34417 34579 39810 57970
4047 10577 10578 10579 46970 47035
4048 36240 37243 37868 38561 39214
4049 7026 7618 9073 10183 13282 39406 49470
4050 14312 35424 35442 57586
4051 34188 35797 36094 43022 57602 57603
4052 288 324 30355 58081
4053 11942 15587 32379
4054 1262 14560 14719 36809 47458 50704 57921
4055 1574 27597 27626 27637 27657
4056 14946 38856 56847
4057 2330 4244 4245 9429 29534 29929 37364 38956 46797 49219 55236 61626
4058 3774 38522 45989 57485 59992
4059 3343 4485 48467 48619 52725 52726
4060 37385 43563 47514 50425 50735 53993 54106 54273 54350 54352 54358 54670 57686
4061 41971 41973 42959 53746 53820 53824 54296
4062 21431 21566 21703 60331 60420
4063 13617 13911 14097 14160 14290 14291 14292 33246 39432 41994 41996 43803 43824 43835 53071
4064 7276 7277 9080 27633 31452 31555 31670 32135 32278 32347 32947 33035 33490 47091 48873
4065 9089 9843 17228 19640 26608 61573
4066 6984 9050 15417 27320
4067 49598 55638 59463 62159
4068 13877 14470 37016 52723 57745 58528 61945 62097
4069 7013 7288 7289 7636 7678
4070 4764 6711 7745 25686 31663 32392 33397 35380 60677
4071 923 948 981 28000 28022 28029 28031 28512 49216 49222
4072 30851 38843 39122 40977
4073 4447 5131 11187 12413 24435 45007 45302 48381 48391
4074 18119 18122 18124 19943 20029 20045 40186 42147
4075 27074 55947 57867 58200 58210
4076 49069 49071 49077 49115 49116
4077 2917 30043 30696 35833 50496 50766
4078 2313 2615 2689 2690 37772
4079 21424 21929 22005 22006 26117 26575 26969 38637 38638 48425 60706 60856
4080 649 713 6127 6258 7052 7145 22205
4081 38526 42563 52756 61010
4082 12071 18245 21092 26453 49358 51138
4083 105 107 116 177 6380 6410 6435 6768 6819 15361 15383 15432 15447 15462 15866 16000 16050 16122 16130 28808 31436 31870 32593
4084 8360 9174 9354 10227 45632 46218 46926 46969
4085 60797 61500 61801
4086 2568 34172 39972 61260 61432 61532 62227 62356
4087 7153 9945 16842 18100 19681 19859 20303 20873 21166 25996 26597 26622 28656 28768 49088 57522 61064
4088 11776 31422 35587 39030 48006
4089 35566 35622 61172 61224 61321 61572
4090 28020 38065 49337 49482 51874 51945 57665
4091 3582 7279 8372 9925 13807 13809 49740 57978 57982 58601 59443
4092 2121 3372 3461 3463 19413 19419 21434 21527 21545 21686 26279 26314 26516 26592 26699 26825 26901 27221 27312 27492 27496 27497 27531 27534 27535 27562 28135 28140 28145 47746 60829
4093 43459 44238 49297 57346 57587
4094 4961 20107 23473 23474 34409 36757
4095 6750 15223 20217 21589 28221 28265
4096 22177 23669 25359 25579 34139
4097 31637 31757 31973 32311 34951 45018 46241
4098 1659 7522 8035 8038 62399
4099 15728 15883 27768 27885 29532 29984
4100 3977 13207 13828 14897 26645 43143 44860 44892
4101 38129 47261 55773 55774
4102 7516 10887 22441 22608 22610 22948 22951 23199 23203 23204 23205 24621
4103 68 40047 40452 52784 61693
4104 13679 13897 36072 36956 49931 50846 55536
4105 1196 4159 13706 56618 59094
4106 19870 21947 22024 30635 52086 59421
4107 310 11498 15955 38706 60166
4108 190 6455 11755 15445 29045
4109 10783 37377 40853 48332 62634
4110 40057 42575 55722
4111 14525 37108 52545 56728 57103 58245
4112 8457 15957 22714 23728 35735 46546 49032 60594
4113 46422 57363 57364 57365 58388 58396
4114 13764 13765 13766 25670 35561 39098 52199
4115 1239 10436 11867 28458 51842 61724
4116 11560 11565 36678 45454
4117 1273 26509 30244 30245 30263 30296 30329 30330 31233
4118 59980
4119 21248 24170 24171 24172 24173 24705 24706 27876 35696 50009
4120 60 11121 11175 12346 28504 28721
4121 1450 31013 36810 38387 53326
4122 5928 11740 12664 15842 17807 28999 36417 43371 44400 45977 48715 51961
4123 30855 59280 59807
4124 1817 1930 28123
4125 3827 3849 3850 62480 62519
4126 3390 6615 28004 29747 32091 33766 34136 34324 34435 34439 35484 39220 48309
4127 59555 59594 59596 59599 59600 59604 59817
4128 14752 30027 36812 36968 39133 46283 46788 57238
4129 4413 30693 36034 37761 55624 57261 59681 59823 59824
4130 26696 42659 47164 49629 51423 56194
4131 29628 29743 29798 50344 50618
4132 4483 16649 16705 19082 27871 33450 34621 47008 60819
4133 61076 61131 61640
4134 34184 34188 34317 47807
4135 22572 23334 23575 23576 23579
4136 2225 4280 11741 12933 27843 29873 38407 47208 49868 49880 49935 51477 51537 51692 52045 55628 57403
4137 89 15636 15941 31623 32456
4138 20060 20972 26739 44942 45287
4139 2662 2739 2740 5482 5707
4140 61577 61887 62327
4141 31119 51441 52192 52193
4142 1020 1466 11511 11646 15351 15407 29061 32369
4143 14975 22829 33855 36535 48746 51522 52020
4144 4808 19114 33412 55072 61710
4145 8624 9617 18883 21303 22604 24618 24837
4146 1269 13331 38506 39364 52899 55063 55838 61718
4147 2633 2843 7214 7215 7981 9619
4148 1392 40129 43142 52460 53695
4149 3420 7627 10031 20219 45102 48960 48961
4150 879 880 16010 17222 21156 23557 48844
4151 55918 58786 59779 61887
4152 235 10763 22232 22424 30753 42273 52808
4153 705 3628 3629 11007 11020 39059 47314 53967
4154 21996 39277 39801 39845 57924
4155 37675 37676 38598 48489
4156 4219 35102 35644 35722 58888
4157 27524 41113 44313 44354
4158 7660 16985 17455 17782 24322 48478
4159 10444 10449 10574 39393 39775 40137 40232 40306 40577 40685 40693 43497
4160 3771 26313 26646 41155 43303 58787
4161 29091 29092 38710 46065 46066
4162 18116 23928 26712 26722 30984 56789 57036
4163 1084 1085 43914 54041 61674
4164 31081 34575 48639 55149
4165 23459 24680 31990 40917 41035
4166 5259 5264 5962 42214 43010 43013 44427 44428
4167 39760 39771 39772 43265 52845 53874
4168 7132 7929 8900 10369 25060 57197 60454
4169 7279 8759 12019 14181 23873 32030 47256
4170 10348 22888 23032 23623 25515 28841 44148
4171 6906 7161 7285 7942 9597 10318 22230 22386 23500 30063
4172 530 560 19038 19040 28208
4173 35000 44944 47383 62573 62641
4174 3887 4604 4950 5676 5721 32900 33299 35568
4175 3817 10865 11564 11668 28573 28730
4176 25584 34145 36959 61522 61695
4177 2870 7089 7531 15199 37030
4178 14669 14746 41674 43399 43454
4179 54766 55128 56399 58739 59124 61444
4180 12625 38067 39198 40166 40269 43421 53584 54443
4181 20774 27080 56242 58368
4182 26564 26567 26971 27088 28638
4183 6668 51761 51762 51829 52527
4184 1412 8970 23995 23996 62419
4185 18802 19647 19652 20480 21154
4186 6117 6559 12038 12262 46784 49123 52313 52816
4187 54045 54046 54047 54597
4188 39293 39334 39335 39684 40660 40663
4189 7160 7966 8162 8164 8410 8672 9098 10053 20613 20681 20974 48900
4190 21176 21982 22055 26477 47482
4191 1700 27675 34876 36752 46037
4192 14244 46001 46243 48273 55019 55031
4193 3989 24783 25391 38397 46168
4194 36330 47832 55104 55105 55607
4195 4357 4503 4775 5340 5523 7825
4196 2710 2718 3443 13857 14104 14575 14586 31470 31792 38191 43720 43723 46529
4197 10638 10649 36952 36953 37975 53726
4198 3785 33973 55993 58036 58149
4199 3756 14938 39142 39145 51113
4200 8476 23082 23295 25427 25428
4201 4936 31636 62192
4202 6979 8988 14953 37047 46353 46697
4203 3184 13183 40996 41010 43467 43504 44356 49580 53317
4204 8469 10352 25277 25695 38127 47129 47612 52157 53940 57667
4205 16523 16524 16550 16786 18317 18318 19031 25339 34620 34654 46135
4206 4594 10831 16456 16799 17106 17426 19781 41651 43768 54550
4207 4904 12081 12084 45513 61447 62493
4208 37691 47857 50314 50835 59698
4209 7362 8453 8455 8751 9809 48885
4210 27608 35095 36332 37913 37917 47528 62170 62171
4211 30723 30731 30735 30736 30737 62153
4212 31347 35329 37312 37769 38394 38435 38439 57117 57958 61302
4213 29382 50673 50741 55580 55621 58515 59335 59899
4214 13016 13497 14548 50587 50591 52993 60338
4215 2663 16795 18390 29196 29943
4216 4250 28470 45991 47266 47289 47336 47472 51738 55219 57737 61626
4217 19450 54640 59297 61805 62171
4218 816 6298 12165 15730 20848 47212 49164
4219 15739 28289 28987 41041
4220 1042 10794 36800 60941
4221 8109 8687 10448 10465 10467 10698 10699
4222 37010 42196 47776 58530 59917
4223 5494 9787 18294 48510 49955
4224 10791 10853 10854 11442 30262 31345 35169 35277 37291 38125
4225 37778 38142 38786 38872 55020 55460 55461 56373 56518 56622 56964 56968 58321 58324
4226 47885 50329 50330 57736 57738 59137 60139 60156 60171
4227 34173 34443 38643 39821 40044
4228 5447 19421 19548 30039 30049 58069
4229 3472 3497 14217 33592 33599 60015 62313
4230 6358 6408 6451 28907 60890
4231 6922 15098 15120 23957 25363 25697 26655
4232 17746 18603 18673 20080 20225
4233 43208 43779 43940 44418 44734
4234 3425 11058 16789 26023 31650 33806 35201 35207 40026
4235 6821 15378 29421 31291 31336 46123 54489 61178
4236 16794 16883 17140 17276 20190 26558
4237 1348 22032 34887 34889 34899 34901 38563
4238 2531 2678 2987 23371 62012
4239 9370 12580 29529 34892 34897 38215 41197 56766 60213 60788 60943
4240 23348 24892 40133 43384 44115 57217
4241 1053 40419 42149 43408 43851 58467
4242 6841 7050 10150 43084 44362 45278 52328 59623
4243 18143 18814 20176 20178 20368 20510 20846 22046 26458 26544 26654 26757 26903 26904 26905 27245 27303 29314 36858 37813 41791 50653 51487 51488 51747 56365 59754
4244 924 930 945 967 970 995 28622 34188 35712 48072 48200 48291 53637 53638 57302
4245 10260 24876 24877 24879 42109
4246 6929 20926 20927 27477 47926
4247 3461 3905 34258 48254 61102
4248 10848 35336 36884 57375 60013
4249 5429 16037 30763 33992 34915 62643
4250 12940 41316 41391 41570 41571 48257
4251 8906 13277 34666 34682 37529 39223
4252 4048 4049 4050 4054 4055 4056 4057 4058 4061 4062 4063
4253 4383 35024 35352 35454 35546 35889 61811
4254 7077 7080 7469 9289 9290 48884 48886
4255 12666 40104 56041 56042 56300 57002 58198 59249 59637 60032
4256 4235 31366 31397 51224 51292
4257 3200 37361 42212 44529 61595
4258 23986 23987 42538 61147 61384
4259 4382 12068 27872 27883 28884 62538
4260 6956 25239 45139 45557 45774 46268 46470 53368 55670
4261 7010 7044 9496 10526 32184 32185 32186
4262 1973 2922 3054 3267 3347 5852 5853 6959 6981 7341 7741 8963 13340 21789 26773 30065 30829
4263 1052 12741 31567 46195 59697
4264 41743 42361 42496 42594 42621
4265 34134 36217 38020 38033
4266 850 35282 43070 43146 47038
4267 12259 37174 37379 37806 38043 45097 61447
4268 436 822 6734 7767 8252 8593 9397 10035 10066 16335 25697 32613 32644 33009 33485
4269 17152 17412 20312 20374 20422 20481 25085 27338 52027 52303 52412
4270 7536 7746 7936 9926 10008 48911 49104
4271 9880 11901 25768 27454 49188
4272 2930 3100 3817 4501 6081 6672 11451 11575 16657 22458 22889 23378 23533 24964 34001 34710 47163 53399 55652
4273 4531 39385 39581 56306 56424 60472
4274 4298 43127 44856 48717 51295 51354 51394 51785 51924 52045 52223 52681
4275 5071 5299 5574 6773 6780 6801 9275 16062 49198
4276 5148 33335 52786 53086 53166
4277 2904 49801 49921 55927 57227
4278 7412 8983 9423 36294 49181
4279 560 5177 6465 8225 8541 11519 15437 19604 24143 39070
4280 12985 13775 13782 14072 48514
4281 34499 61477 61492 62151
4282 1622 10276 19948 19982 20925 24005 25293 25810 25811 49553 51008 55373 56697
4283 42 5697 6559 8069 8601 9952 43197 45058 53664
4284 11438
4285 12540 12938 12982 13669 37356 45602 54750
4286 3859 11624 30937 31700 56610
4287 37525 37526 38502 38505
4288 479 1022 2652 6632 25595 46973
4289 30942
4290 257 10736 15677 15880 15882 15892 15993 16095 19328 28216 28218 28220
4291 26019 35352 45555 53749 61044
4292 19032 19069 19083 19219 35479
4293 13039 13186 13700 29202 37881 38610 55272 57319
4294 4285 36049 47401 51186 60643 60657 60658 60676
4295 11449 11450 11750 15064 56100
4296 1353 17214 19715 19859 19861 60723
4297 15580 15654 15814 23509 26900 28344
4298 12670 34979 48636 61905 62571
4299 33613 34197 35711 36435 47440
4300 24399 25926 28941 54597
4301 41120 44260 44261 44265 56033 59656
4302 729 2003 6172 6217 7988 8514 9345 9451 11181 11244 23602 23603 23604 24359 25149 31965 32086 33139 45322 52958
4303 39824 40802 42090 44250 45854
4304 191 28082 28084 28224 31194 31252
4305 5745 5747 34508 34509 35356
4306 1474 1508 33640
4307 4736 4776 4788 4899 5117 5118 6871 7109 7110 7171 7347 7348 9812 11048 12799 13089 13227 13944 17118 17229 17494 21597 21875 22632 23380 24139 24347 25227 25250 25305 25389 26004 26087 26089 27164 27187 27212 27213 27214 27215 27224 27225 27226 27304 27755 27757 27761 27762 27852 29041 29043 29608 33549 33553 38324 50903 52809 53361 53362
4308 4860 28492 34141 34224 35861 35877 47088 47089
4309 6237 7169 10171 17063 22608 24461 36211 52672 56842
4310 16939 17209 17338 19557 20674 52778
4311 78 104 155 2251 30035 30179
4312 63 108 9697 16998 19968 21783
4313 10891 28052 30792
4314 16225 16865 17849 25985 26167 49208
4315 336 420 6792 51556
4316 2701 4760 10979 11200 27990 38248 45706 46961 47563
4317 239 34186 38822 55679 55868 56202
4318 42493 42865 42867 42871 42873 48248 53336
4319 10029 14531 34646 34721 34722 38225 59518
4320 2512 3011 3014 6893 12441 18324 20793 20804 21790 39755 44171
4321 37150 37151 47440
4322 39815 39816 40087 54054 54059
4323 7244 10111 11827 18292 18528 22886 24008 24485 25435 29207 29778 32667 49025 50902
4324 10463 15777 21761 54973
4325 4346 38958 38997 47255 47271 60640
4326 6911 7945 8227 35123 58952
4327 1494 36545 37015 52815 59535 59540 62071
4328 36639 41524 43200 44369
4329 19957 35813 50603 52768 53148
4330 5469 8857 11957 13184 13464 23436 23761 27952 27956 29545 47726 51205 51989 57924
4331 39398 39400 39410 39459 41095 41096 42524 43213 43221 43488 44513
4332 15597 28835 28870 32696
4333 51341 51352 52093 52153 52349 52376 52486 52523
4334 12862 13866 35951 45073 59167
4335 8217 10131 12121 36083 41944 62622
4336 1100 30889 30902 49240 61646
4337 2656 2762 3080 18922 26184 27484
4338 9068 12517 12687 18075 18093 21245 21609 22253 22636 23238 25518 26433 27192 34068 46471 47985
4339 6936 6937 6938 6939 6940
4340 10425 43842 44279
4341 820 3475 3543 5116 12269 13005 29220 29736 46790 49946 53773 56144 57349 58184 58193 58614 59238 60068
4342 40550 46306 50764 50765 55356 62211
4343 24076 47489 57515 62025
4344 30876 30880 48512 52695
4345 13530 14730 44628 52985 53504 57044
4346 7150 8997 9872 14458 14904 14906
4347 255 894 36437 36771 57837 61451
4348 602 9446 16351 28180 28968 29254 41614 42469
4349 3416 33824 37565 38057 38555
4350 13529 13966 37483 37484 39652 55220
4351 36124 37093 44076 44338 58745 59141
4352 36142 50291 54080 56811 57973
4353 632 40740 53184 53474 60633
4354 2193 8208 8993 11902 20039
4355 26714 27366 35321 42315 43058
4356 37908 38231 49844 49971 49979
4357 7580 7590 8714 9158 26003 32584
4358 2357 2442 9975 52366 60157 61128
4359 32372 32624 39942 53137 54600
4360 5957 10800 11525 12946 18007 18030 18866 19462 34798 34886 43331 43349 46381 50717
4361 3516 14722 14723 48377 60452 60793
4362 8459 9239 23526 25143 25144 25405 25628 25629 54512
4363 28171 31341 36372 57626 60124
4364 234 15463 15561 29027 56890
4365 50216 50654 50889 50919 50997 56565 58089 58562
4366 3840 7835 22213 22233 24712 24780
4367 1452 1552 4384 38866 61889
4368 30984 33532 51983 52574
4369 7339 16571 17332 21478 23028 23974 25745 26577 27209 31734
4370 3819 15703 16105 19306 28182 28195 33127 33152 61518
4371 240 28842 45855 62210
4372 45202 45324 49838 49905 52502 55192 57440 57578
4373 19574 19844 21101 21479 47482
4374 2397 11781 30550 46217 48137 48443
4375 9200 9527 9854 47166 49161
4376 9643 11387 23777 25666 60381
4377 7581 8304 14697 15176 22612 24002 29592 32559 34137 34716 35225 39100 44303 46716 46717 54558 54991 56740
4378 8915 19994 23421 24898 25060 29739 29819 56087 57122
4379 5728 16306 18270 18413 21024 21025 32539 35332
4380 14547 57688 58230 58719 62346
4381 16682 17411 29346 30802 34650 57438
4382 3999 4092 5891 8486 9964 11301 23361 26543 29278 29283 29666 29667 42470 51519 51863 60455
4383 35591 36037 36038 47464
4384 34189 34651 36915 38203 38871 39154
4385 19144 19225 19977 37545 38111
4386 339 7170 10714 22106 22265 22266 22728 22729 23745 23797 24440 24475 24596 24616 24687 25641 45738 45740
4387 6039 9357 11986 30304 33530 53480
4388 1875 31924 33024 43629 43644 52283
4389 3298 7728 8602 9614 10354 23151 38024 60731
4390 1238 2702 30130 35894 37168 37664
4391 18283 20883 30819 31619 33928
4392 50287 50288 50290 55869 57923 59691 59701 60346
4393 31038 34594 50756 55037 56423 58598 60424
4394 29591 29655 29702 47623 47705
4395 13721 14583 37511 39128 55639 56234 60518
4396 1279 4361 31059 31072 34087
4397 1804 19323 19349 32474 33293
4398 44909 47111 47579
4399 7980 31095 42997 45094 54931 56625
4400 16836 16845 16897 17768 17773
4401 4747 24743 24854 25713 32880 41656 42920
4402 21907 37443 62252
4403 7411 8634 8844 8980 8984 9990 22687 24941
4404 29222 34044 34427 34692 45601 46387
4405 7498 22203 37087 37089
4406 15704 19150 19151
4407 2407 5280 8756 10145 10376 11336 12032 13356 13483 13486 31703 46472 51617 55870
4408 12498 13380 13381 34937 38661 39140 39631 54599 58583 60233
4409 36077 36799 38783 61828
4410 8565 8968 15174 56457 57136
4411 1159 1173 1282 23005 25125 26468 26871
4412 29030 29102 33864 58791
4413 14979 16981 16985 37752
4414 33676 33779 33780 34595
4415 15495 15516 16014 46508 61352 61356 61483 61661
4416 4042 4520 29215 57405 61158 62253
4417 14299 14647 15017 15018 44344 46380 58021 58556 59057 60334
4418 19691 33660 61293 61315 61623
4419 37231 37880 38935 61426 62189 62190
4420 39665 39666 39667 39669
4421 744 44117 50426
4422 413 15613 15779 28194 28958 29225
4423 2120 3401 7404 7927 39796
4424 212 1448 3694 14168 18916 19246 19247 19248 19249 19304 27087 52703 53003 54682
4425 1082 14778 22753 36242 55974 61464
4426 5484 41220 41717 46410 50101 53049 54289
4427 18154 31576 40680 40718 40818 43701 53930
4428 25986 25987 25989 25990 31758
4429 5790 18426 18484 18958 20589 23812
4430 4023 39821 39823 39834 42089 56722
4431 10480 40084 55717 55718 62124
4432 30792 30900 30949
4433 1558 47396 49883 58328 61313
4434 39870 46246 55517 55753 55915 56939
4435 5200 5658 5802 28166 51433
4436 30331 33847 48326 58583
4437 7008 13788 14367 16578 17219 20159 22504 39995 44154 51396 61059 61877
4438 3337 36416 40916 43716 43717 43718 53530 53675 54447
4439 3929 29021 29022 47592
4440 15934 28309 55073
4441 8482 10182 18598 18895 18911 20040 20964 21230 26545
4442 3287 29332 29333 29395 60885
4443 4408 4433 37899 39837 42963 42964 47399
4444 57600 57853 59260
4445 8018 9070 23816 24028 24297 35987
4446 3222 3947 38468 47852 48076 48400 54614 56622 56625
4447 8022 17559 17596 19230 20184 28894 31431 31578 45476 62420
4448 86 29021 29060 61303 62018 62040
4449 35814 36137 36997 43102
4450 36640 38329 38975 39135 46974
4451 32162 32366 32829 33131 33258
4452 5741 5800 7125 7182 7703 7918 8097 8279 8642 8717 8762 9211 9296 10117 48722 49020
4453 11881 12265 12266 45113 45254
4454 12876 12947 13203 33971 39615 42126 42742 43258 43319 53148 59183 60782 60889
4455 14542 14750 37867 37958 38428
4456 2292 3009 3010
4457 20727 20728 20816 21983 37009 47372
4458 20454 20949 39374 39385 39392
4459 38223 39603 43698 45983 55476 57521
4460 11871 11872 16726 17839
4461 5880 25738 31686 31707 31806 32537 34147 39033 39439 39503 40246 40453 41082 58816 59598
4462 12834 13691 14581 58188 58192
4463 10055 12903 12936 22208 23266 36621 52808 61714
4464 18224 19023 19189 20796 31526 31726 31727 31778 32696 33183
4465 4319 4320 16041 28275 28343 29035
4466 31068 36425 36889 54763 55247 61261
4467 15690 16014 28238 32049 32192 32260 32886 33046 33062 33076 33175 33210 33290
4468 15293 16661 16956 21954
4469 3991 4161 37604 45152 49507 56290
4470 21511 26040 26121 27166 32170 47784
4471 23297 24077 24677 24855 24856 28911
4472 14997 41792 42503 44081 52875
4473 18947 18973 19044 31753
4474 9063 9066 14597 25032 32690 58997
4475 29004 44861 61129 61665 62613
4476 7876 8116 20562 22475 40935 42241 44225 44226
4477 36436 38025 47336 50037 50059 50512 55000 55510 55609 57924
4478 7743 24052 43062 61269 62392
4479 2461 2478 21990 28642 30700 31568 32274 55715 56264 57878 59202
4480 745 18386 18387 19720 25473 60124 61238
4481 8694 8862 9008 10382 19775 20040 22251 32344
4482 13113 29109 38671 39247 43301 62512
4483 5541 38893 57572 60800 60871
4484 3148 3354 10905 28099 29896
4485 15618 15860 15911 22131 29834 45229 49039 49928 49929 51442 51766 51773 53635 56943 56944 58066 58068 60224
4486 11039 17385 18748 58286 59859
4487 18490 22399 28256 28267 28943 32359 33426
4488 7577 25189 25191 49091 61389
4489 10964 12435 12436 12532 12624 45682 51116
4490 672 6559 12296 16451 18493 19659 22675 25783 31238 35214 60673
4491 5643 7284 11579 27393 27462 47046
4492 2348 2358 3099 29841 31520 31947 61450
4493 4626 32573 39306 41672 42409 44711 57359 57648 58798 58803
4494 18181 35954 40597 50408 50468
4495 859 1873 1969 2035 2277 2935 6529 8052 13509 15812 47650 51430 60302
4496 16345 21657 22035 26609 45859 47136
4497 16737 18802 20647 22058 38401 38403
4498 40880 41305 41666 53615 54012
4499 33691 50949 50956 51021 51054 51055 51062
4500 13399 13902 35971 42972 43901 44240 44245 44246 53868 56649 61715 61992
4501 31692 37722 56795 57247 57609 58573
4502 6380 19961 23248 29241 62338
4503 16417 16728 26410 32675 35955 36724 40759 50801 55285 55287 55624 57924 62692
4504 2941 38958 39233 40647 45000
4505 6250 8249 23844 24083 24114 24957 25471
4506 8329 8460 8501 8607 8635 9162 22901 24136 24611 24666 24922 31848 32333 47581
4507 1814 1815 1817 1818 2264 2581 3902 7800 14417 17390 17814 18321 18438 18683 56881 56883 56887
4508 11250 11280 15617 23835 24857 25436
4509 12055 28255 28926 50149
4510 7068 8896 9298 25036 49018
4511 3832 34365 39305 39646 40127 55752 59112
4512 1425 6312 10986 28468 29428 35426 45883 52005
4513 34184 34188 35795 35986
4514 2238 28396 28407 28435 29889
4515 4989 5353 48400 60631
4516 33611 33672 36468 45697 46848
4517 117 166 742 11723 30503
4518 9547 10950 10976 25634 27744 27840 27848 27899 27900 28161 30526 30527 30528 30560 44364 52837 62276
4519 1242 3686 27980 39386 39580 47801 53436
4520 47526
4521 17459 17615 17622 20162 20605
4522 3732 7947 19876 36129 36988 38696 47975 48222 60738
4523 2410 2413 2844 26345 26395
4524 5003 5238 6488 11095 11562 31850 47220 47221 54571 62083 62217
4525 5262 10030 16507 18117 18448 21764 34002 61914
4526 2593 2655 3449 32146
4527 30257 31229 31756 32699 35879 61859
4528 3313 9347 17541 18022 20454 21089 34189 43737 44300 53718 54032
4529 8087 23165 32052 33507 33534
4530 13172 16500 19039 19089 55900
4531 8506 30782 47132 50167 56368
4532 1298 36342 38091 38092 48684
4533 33185 40523 43392
4534 14925 29952 40168 40735 41819
4535 16847 16850 50857 59693 60336
4536 12909 36023 36113 39998 59700
4537 2112 2430 11520 11557 16181 27488 27507 30208 30458
4538 27938 59067 62667
4539 34651 36519 38005 38634 46097 52730
4540 7128 23782 24423 29476 61332
4541 12116 43529 45888 46924 53966 54695
4542 42298 42375 43327 43715 44001
4543 49213 50039 54818 54929 55585
4544 19744 20257 20717 20869 21129 21221 45275
4545 40907 40944 41847 41849 41853 41854 57552
4546 1530 14810 34358 39661 46774 47197 61410
4547 7476 13993 20056 20350 21874 27005 27456 38212 38358 38359 53617
4548 13165 37378 39328 39499 39872 41817 43099 43809 52810 52820
4549 2390 3259 4787 5220 5385 5639 5959 5971 5972 13240 15295 15303 27967 27968 27976 28010 28063 28098 33783 34201 37310 38339 40924 41709 46605 46890 47614 51701 51893 53411 58169 61876 61976
4550 11852 27489 27495 30820 62202
4551 55294 56085 58955
4552 54773 54774 54806 55385 57927 60304
4553 16894 19593 20323 20959 42382
4554 16798 16843 16844 18667 21311 21383
4555 42527 42627 42796 42797 59255
4556 39881 41871 43292 44269 44432
4557 60469 60470
4558 15576 15995 15996 61184 61391 62287
4559 7634 54756 56525 56578 56848 60075 60129
4560 1395 7978 8477 9044 10403 11356 24342 32390
4561 2541 3092 6205 6247 11501
4562 9933 22442 22467 22488 22950 25623
4563 12804 12886 31516 39461 39685
4564 28395 28490 28676 28764 28783 28784 28785 43858 44327
4565 10023 11164 11171 11401 34406
4566 434 1384 3214 3226 7862 8165 9488 10316 10362 12500 21495 23147 24064 47309 48782 49038 49704 49722 50233 50492 50560 50799 52841 55312 57494 58480 58499 58500 58501 59096
4567 5473 39815 41933 54022 54032
4568 36467 39211 39213 47504 47506 47516
4569 1228 13417 13544 14099 23306 44583 44600 44620
4570 12897 12898 14716 14940 36993 46284 61839 62118
4571 17932 17933 17992 18090 21142
4572 32137 35698 37145 37580
4573 279 28854 31243 31337 61319
4574 16485 16511 16804 17141 18675
4575 16858 16859 16860 17654 17655 48679 48680 48681 57799
4576 61502 62386
4577 19511 20181 20893 26704 27407
4578 50086 50205 50207 50364 55438 56624 56763 57305 57306 59562
4579 3624 12649 12658 30570 30673 30674 47324 47326 47340 47368 56065 56702 57984 58195 59108
4580 13182 36367 38125 42843 43166 54796 54799
4581 39446 41671 44508 45852 46978 46995
4582 4968 5207 47081 51243 51795 52021
4583 4094 7613 9679 11156 22973 27964 28047 28628
4584 45825 50856 59179 59187 59792 60313
4585 7081 7796 7797 25879 30581 36047
4586 5360 7983 8728 9323 17432 46505
4587 4078 34478 37321 37797 38311 42093 47912 49424 62321
4588 9734 10062 10728 10730 14565 27031 57711
4589 7395 7592 9034 9403 10304 34420 34421 45247 52358
4590 4923 8144 11065 23341 23953 24282 25639
4591 36894 38087 39186 50432 50521
4592 11115 17503 17684 20103 22734 22772 23338 27123 41393 44062 61729
4593 3403 12111 12324 12349 25550 51707 54629 60791
4594 2042 50142 50228 50284 57133
4595 32031 32032 32589 32591 32903 44980 45225
4596 14936 48510 51182 52072 52356 52404 52592 54930 57640 59293
4597 422 12924 12925 32995 37430
4598 30107 31913 47547 47636
4599 1263 12854 39487 42394
4600 23289 32667 38035 50385 58940
4601 11173 25097 25908 42463 42790 44796 45843 46247 54717 54850
4602 31580 31594 31626 31698 32439 32440
4603 485 6513 25339 29204
4604 5078 5900 6975 16739 16750
4605 716 772 28974 31268
4606 1225 12506 12558 40676 41012 41491 44129 47336 52734 55023 55841
4607 12294 19459 19657 21724 21727
4608 16302 16307 16312 18215 28915
4609 2217 2571 2716 2990 57954
4610 8150 9075 9076 9700 9704 30440 49010
4611 2257 2258 37217 52058 52059
4612 16981 44063 46763 61815
4613 15297 18222 20218 20617 27251 59447
4614 18694 20226 21749 23249 27726 47442 47503 60429
4615 922 952 991 997 998 28417 28436 28534 28585 33185
4616 1591 3631 3747 3868 4363 7775 7812 7830 8377 8675 8771 8772 8775 8776 8916 9106 9896 11009 11880 11910 11994 12166 12215 12322 23115 38325 42609 43538 43539 44762 45173 45174 45175 45197 47773 47775 48854 48985 50614 50615 50682 50683 50684 50706 58018 58122 60553 62506
4617 39465 43517 51702 52277 52538
4618 16718 21400 25366 46902 50212
4619 10863 12830 13485 41267 43020 43120 61757
4620 2960 27918 27919 32255 35528
4621 4335 4532 37891 40619 42611 43981 48697 49413
4622 19112 19113 20689
4623 158 11283 17132 17535 20639 32532 36056 50938
4624 618 8390 11036 15374 16107 18641 20404 34652 40609 50179 50225
4625 9846 11976 26122 32041 45036
4626 30459
4627 3941 37418 56104 56105 56106 56600
4628 4294 49901 49944 55198 55646
4629 21920 33735 38298 45567 46868
4630 80 6614 6679 11671 30052 34347 60732
4631 61660 61791 61795
4632 309 17337 20992 23119 25521 49549 61107
4633 43587 43621 43631 43642 43647 51207 51273 52173 53341 58761
4634 931 9268 14278 20045 28005 28057 28535 37105 48832 49004
4635 7119 7148 8588 9677 22654 22682
4636 5480 11180 11265 16603 44937 45300
4637 7029 7036 7037 8849 25609
4638 16210 16346 30949 32922
4639 41437 42270 42390 43988 46851 54741
4640 41601 41881 44336 55183 61185
4641 7687 12015 18510 18511 39378 52540 53231
4642 4614 5394 12695 15275 20892 21144 26273 27574 32220 33103 44554 47168 47490 47491 47493 49749 52236
4643 33756 41298 41301 53207 60923
4644 14524 34029 34030 34957 51791 51792 51836 52420 53438 61542
4645 7418 15221 15285 17557 18689 20661 21477 21699 42983 49180
4646 1897 11859 22645 23638 36294 62648
4647 13710 13924 13928 14013 14330 40198 42358 43281 44528 48704 62129
4648 10480 15000 19759 43294 61731
4649 34093 34525 35990 38980 58206
4650 4622 11255 14173 17169 17545 25822 57531
4651 1239 3761 34605 35637 36970 41739 43450 49779 50671 53072 53074
4652 24361 24460 24462 31084 54135
4653 10555 26299 49109 49110 49113
4654 3365 3366 3367 3368 36148 36941 37565 47275
4655 35633 36414 36486 38411 47023
4656 15426 28856 36167 37999 38233 43403 43405 43416 61634
4657 2449 3033 3034 3035 3036 3037 3038 3039 3041 23173
4658 3137 4222 13777 14259 15338 35187 40654 51811 55221 56010 58111 58407 60026 61137
4659 334 8141 8549 32402 33577 48816 48969 52562
4660 33737 43926 44426 54497 54556
4661 11004 21735 24235 24825 45393 45394 61628
4662 4549 43460 50826 57879 59937
4663 954 3517 14455 36230
4664 4801 16975 17108 17243 31360 51446
4665 15565 15945
4666 8173 33438 48386 48388
4667 1514 5881 5882 17574 48574
4668 4536 39201 61111 62046 62240
4669 1606 32082 32815 33484 36128 36607 38691
4670 13252 13259 40940 41550 43600 55697 57816
4671 3279 34333 34546 38887 38987 38988 40371 60778
4672 29534 29803 29804 29805 37887 50973 57759 58528
4673 9541 11417 11420 11421 11422
4674 28804 31353 31389 38635 41774 54530 54761
4675 1415 56279 61681
4676 275 315 518 4495 29118
4677 8375 10218 18601 20815 42185 45166
4678 42721 42791 44112 44578 44630 55660 55837 56007 56093 57150 58012 59473 59478 59484 59485 59501 59728
4679 8177 9462 13101 14907 23122
4680 15317 15318 17278 20335 20336
4681 35534 47425 53436 53537 53544 53545 54007 54578 58982
4682 1596 21288 37648 56807 58528 59692 60338
4683 18976 18995 19046 27702
4684 13658 16591 17005 17227 18921 25468 44930 44943 51319 52891
4685 7306 7307 9099 34279 34927 39400 48108 59668
4686 30555 44987 45061 45144 45156
4687 26835 27059 27060 43428
4688 2777 3044 18604 21787 21911
4689 7993 18417 24936 40992 42584 42979 43503 47517 52253 52510
4690 109 31346 59310 59831
4691 3770 16363 26911 30607 44461
4692 18532 18547 18558 20427 26991 40203
4693 17980 18013 18073 19943 21177
4694 30780 36813 51444 51588 54923 55587
4695 1515 4842 27298 47440 51201
4696 4570 4573 42389 42421 42714 44718 55378 58970
4697 11516 23011 23157 23394 24564 25098 28393 32885
4698 3766 34983 35185 36758 37428 62460
4699 34312 34631 57177 57194 60095
4700 16757 16974 19694 40078 40606 40611 43097
4701 33961 35016 35195 35795 38449
4702 6210 6413 6576 8199 8670 8985 9184 9360 10065 10332 15207 15517 15854 18698 20867 21741 47251 47445
4703 3980 41593 41594 42982 44623
4704 51725 51907 51908 52100 52101
4705 12801 40489 41162 43274 43684 44108
4706 3622 13600 13603 13610 19580 27525 35604 35892 39792 56634 59584 60487
4707 7096 7111 7117 9504 22153 23522 23991 25184
4708 5619 7736 8408 8632 8987 9578 15457 23789 24080 24923 34821 45996
4709 433 2924 23709 30170
4710 8362 10352 23395 25751 45805
4711 2107 10064 23222 27621 29769 35533 38117
4712 2263 6800 6813 18967 31029
4713 2975 30067 30164 30165
4714 43371 43733 51800 51801 51871 55350 55352 58757 59287 59293 60348
4715 34518 39287 39394 41175 41963 52772
4716 19563 20228 20297 20556 37329
4717 1095 17560 17836 17847 30949 38051 51870 60645
4718 160 161 168 178 47141
4719 12069 27816 27817 27836 27837
4720 9724 22884 29242 52556
4721 28134 33512 38378 41218 44519 44524 44675 61234
4722 8350 8601 19432 20749 49166
4723 2006 3326 3328 3330 3333 3334 3341 8314 11839 20518 22601 22602 22604 22784 32540 33333 46198 48433 48520
4724 11871 11902 12350 12379 45128
4725 2588 20739 21447 28264 28292 31844 46783
4726 14769 31117 36714 45310 61137
4727 16643 16644 16645 18354
4728 13002 35908 38244 42542 61395
4729 17000 34517 37709 42482 61327
4730 34482 40746 47140 48253 50775 50824 61003 61927 62208
4731 739 819 15487 15518 37056 48467 48591 48592 50668 50672 60711 60777
4732 12863 18037 19000 21404 25859 31833 32142 32227 32953 37002 37901
4733 1493 36296 36769 38465 47440
4734 13037 13038 13142 49478 51667 62241
4735 17299 18706 19624 20337
4736 22189 31094 34592 34597 61257
4737 11988 12048 23488 23491 33019 35886 42540 42703 46104 60897
4738 7003 24161 40257 40258 40507 53481 54143 54145 54146
4739 35695 45654 50045 57165 60211 60212
4740 34440 35603 38443 58131 59452
4741 4532 33721 34486 42264 42266 42854 42855
4742 15033 15034 36583 38245
4743 38177 39069 51898 53023 53024 60925
4744 5198 5909 22971 23008 31413 45585 45938
4745 30710 30756 30881 30882 30984
4746 21830 21921 38154 38559 38954 62560
4747 43026 49431 58511 59115
4748 2168 8602 13598 16397 19425 20045 20929 21906 25271 25371 25372 34985 39991 41276 45336 51999 55997 56054
4749 17975 17996 27460 44900 44906 44954
4750 7099 8029 8080 8526 9522 9726 9803
4751 2660 30712 30949
4752 3943 41219 41600 41960 42701 43118 44769 60869
4753 5759 7805 28879 48399 51778
4754 3236 3242 56969 56970
4755 7665 43329 44605 54288 54456 55017 55322 56624 58478 59577
4756 39851 41584 41783 43502 44591 58384
4757 1514 1518 36824 36825
4758 13467 34369 36881 40698 41018 41694 43154 53341 54600
4759 7370 8272 8614 9021 9430 44919 44920 48792 52939
4760 55962 55963 55964 55965 55966
4761 13102 13104 13108 13111 13187
4762 6380 10567 31320 40072 54008
4763 13654 13980 13983 14519 33804 42376 43641
4764 12820 35391 35544 36494 40500 45087 56952
4765 7559 7607 25006 30933 45378 45381 48553 52371
4766 1539 7849 16215 31073 33108 51510
4767 30983 38713 46711
4768 12677 14089 15036 16615 16705 17778 17779 36656
4769 10473 20936 20937 28384 28390 28518 28637 28698 32268 32709 45822 48622 52183
4770 37184 37187 48540 51580 52127
4771 12497 12511 36300 37445 37446 37801 62257
4772 634 6567 16030
4773 4686 23490 41426 42834 54162 57524
4774 35161 36362 38173 39072 59011
4775 4996 4999 6433 6807 11666 26585 26994 29717 57800 57803 62708
4776 9477 18750 23128 25429 45868 52890
4777 41155 41425 41669 42055 60004
4778 246 2802 6530 6826 30077 33502 40857 43138 43419 44558
4779 2303 2537 2538 2574 61310 62173
4780 31025 31085 41945 42863 49656
4781 16697 16864 16943 16982 17092 17466 17513 17668 17801 20192 20402
4782 12742 40345 40431 42331 43862 54019 54037
4783 36 28966 33518 61020
4784 606 15839 16101 19770 23207
4785 19777 31646 31647 31648 33123 33204 39340 53610 53912
4786 25587 31644 31818 32982 35599 46038 50573
4787 5507 48488 49570 54031 54037
4788 23197 23820 26108 26392 26626 26656
4789 19298 21520 26132 26929 31361
4790 1543 2712 31007 34077 38445 62388
4791 715 3894 5700 10024 11348 11355 12721 18219 28191 61829
4792 19693 20247 21015 21210 23019 28663 46303 47795
4793 41230 41231
4794 6557 36339 46681 46682 61986
4795 39850 40703 42521 43246 44458
4796 2302 3294 16159 16167 16286 27494 27568 30238 47480 60741
4797 15689 18948 19331 20410 35188 44416
4798 2694 2884 11950 28088 30702 57341 60636
4799 12594 14428 14430 15011 42247
4800 39895 39904 40046 42234 53043
4801 6582 15974 22274 22930 23600 28186
4802 2196 49938 51613 52040
4803 2440 3450 15864 15869 16097 16124 28255
4804 8931 9002 10371 13761 14956 23420 28253
4805 2087 15589 21522 27569 57369
4806 46117 46487
4807 666 6820 15666 16000 16068 44913 45692 46688 52346 52883 62131
4808 13441 13614 37736 40560 40561 40700 42520 53376 53739 58185 58213 59358
4809 13228 18757 28040 48532 62054
4810 7216 7217 7325 14558 22766 22767 33889 47166 53052 55228 56560
4811 422 52180 52363 59079
4812 12639 14634 14650 41925 50027
4813 2305 47712 49792 49835 49841 54367 56055 58048 59344
4814 298 369 370 441 501 536 541 542 6518 6610 6630 6641 6642 6674 6735 6736 6739 6741 6796 15421 15817 15820 15821
4815 1333 2432 3244 3642 4211 29987 31042 31167 37588 37804 38839 41161 43993 49750 51198 51299 51370 51689 51690 51846 52964 52968 56872 59299
4816 29862 29863 29864 29865
4817 2736 13087 23530 24734 44925
4818 3997 30358 30374 35301 40169
4819 62077 62080
4820 14664 14665 14702 42940 46569
4821 34085 34501 34502 34698 34699
4822 12902 12998 13025 13166 13407 37624
4823 3224 3426 6897 11753 25475 25884 37207 47808 49526 59559 60076
4824 18038 19951 20969 21167 50160
4825 4703 4716 4717 8488 9525 31118 45433
4826 7821 8299 10092 11231 18229 18415
4827 39864 53044 53371 54062 56147 56367 56595
4828 8448 8608 8973 13226 56638
4829 1219 1384 12727 12950 13709 37531 47336 48613 50724 55104 55237
4830 3449 4649 11026 17453 19386 20763 22335 27632 27966 31393 39084 51790
4831 31201 31263 31304 42522
4832 4720 4751 5314 16597 16854 17172 31111 45812
4833 39460 39593 39693 39852 40401
4834 1851 8263 8345 17862 17867 18428 19518 19551 25196 26381 26382 32320 32898 34800 34813
4835 14175 14263 15060 36990 37610 42002 44555
4836 3451 6528 28811 28874 29153
4837 6309 6506 9278 9282 9283 9284 9535 9867 48725 48726 48727
4838 7565 21163 38088 45065 51772
4839 329 18952 18998 18999 32271
4840 2310 2395 2847 12972 13250 22065 26314 27092 30725 45124
4841 3730 32351 32352 32353 50914
4842 32196 48868 48870 48988 48989
4843 4066 30122 45592 46640 60540 60793
4844 6468 8243 9315 11291 22375 25970 33441
4845 4193 5082 5169 5987 6009 6291 13482 22152 23721 25253 32122 32674 35837 48400 50694 50698 51909 51918
4846 796 2178 11499 15540 31271 32618 32828
4847 31701 32325 32433 32796 37759 50465
4848 12671 39811 42530 44178
4849 42278 44603 46098 47494 53743
4850 13522 14585 34294 37029 45909 46728 54335
4851 7388 7601 11304 12221 12222 12323 25585 31850
4852 30102 30103 60757 60758 60765 60828 60868
4853 43016 43021 43093 43114 43121
4854 3678 3860 3861 50460
4855 12761 38194 38517 50473 58370 58984
4856 3387 30301 30338 30366 31236 33586 39230 60954
4857 416 732 15079 16093 17635 17678 23854 39663 39700 42800 46372 53059 53443 53574
4858 31036 48146 48352 59076 59407
4859 4977 12209 15648 22671 25708
4860 6063 6102 6283 6284 6285 6286 6287 6288 11606 25893 27838 28126 33594 46433 51520 54487
4861 5610 8057 17041 18025 29874
4862 4093 18367 20794 28484 47735 61977
4863 4273 13785 34041 38256 38647 40641 60694
4864 31440 31716 32124 32887 33171
4865 22526 22661 25190 25706 25749
4866 72 119 2425 19675 30053 30113 31581 32502 32561 33909 36001 45467
4867 13632 39698 44274 54599 57378 59983 61923
4868 12754 26311 26406 26517 26561 39920
4869 17046 17125 17183 17413 17889 17890 17929 17930 17954 18041 20201 20362 26892 27090 47349
4870 22897 25930 30732 45552 53070
4871 34332 34334 38039 54932 62378 62509 62543
4872 167 13507 13563 19766 19767 19888 19889 27141 27181 31244 60963 60989
4873 7564 9968 16594 17297 17336 20087 22643 22698 49889 49963 49964
4874 1472 30172 35878 36578 38597 39748 45736 61382
4875 22708 25232 25233 36249 37568 37569
4876 2988 6603 18681 46585 47637
4877 5612 8147 8248 8385 22799 23133 24899 29643 45034
4878 2723 8971 9980 11912 22704 22771 23168 23170 24261 24566 24703 25576 26103 26134 45147 45710 48987 49165 58912
4879 7326 7868 9056 25615 29538 33795 33801 48816 48977 49023 49049 52031
4880 4033 4133 32165 32780 35795 35954 57332 57658
4881 3765 19897 47786 60197 60337 60342 60347
4882 36995 37352 37602 42237 43153 43306 43418 43678 43702 46979 50737
4883 3270 35635 53589 54638 60823
4884 911 946 947 28045 28101 28561
4885 38626 41339 41626 42047 42425 43653 61117 61367
4886 5604 5781 15539 18464 30954 30979 45357 49940 52793
4887 38163 44525 54812 55604 55949 58612 59109
4888 18600 20328 20787 20824 20827 31458 40217 42059
4889 61634 61636 61820 61879
4890 3119 5437 6069 22892 28417
4891 40470 40473 40474 41268 42468 43729 54010
4892 16801 18266 18269 19628 26264
4893 30350 30373 30388 30394 42561
4894 19717 19739 20174 20452 22466 45808 50081 59537
4895 14991 17346 19213 51466 51838 52942 54307
4896 3512 3514 4370 48563 48564
4897 1452 22600 46265 48389 54007
4898 17250 17251 18649 25650 27704
4899 2084 2087 2735 15569 28217 28249 28272 31573
4900 978 982 11006 14390 48678 61470
4901 23475 24872 25529 25681 30596 48912
4902 30548 30549 31425 31427 31428
4903 4531 10429 43596 44039 44061 53813 53814 53815 54132 54432
4904 12830 13046 15446 16158 27532 28227 32368 33823 34177 39716 39720 43385 44533
4905 20626 20947 26301 26562 27160 56336
4906 30780 53225
4907 13184 34231 38472 47486 50409 50428 53270 56647 61467
4908 3127 27500 28278 30936 36201 57500 58052 61922
4909 10639 13886 14574 15442 27357 27990 41059 41246
4910 6296 45102 53143 53736
4911 21720 21728 21734 36048
4912 54862 55178 55179 55595 57104
4913 7069 7462 9266 22257
4914 11474 39651 42599 53706 53971
4915 3386 36222 36589 50124 56428
4916 18784 20002 20230 21788 30688 32951 47512 55751 56513
4917 3394 27946
4918 29828 33725 48420 59168 59381 59529
4919 17353 18908 20251 26637 45248
4920 8062 8101 8705 23388 34858 47644
4921 4551 30300 30316 33951 37186
4922 1473 10168 13571 14187 14743 14915 29744 29760 33986 37916
4923 28418 30722 48738 48896 48941 48942
4924 6968 41029 41050 43293 43315 43881 44574 53790 53863
4925 17047 17185 17245 27600 47292 47428 53733 53985
4926 5563 8907 8909 10278 10279 61447
4927 11903 11947 12191 12278 34929 34988 35214 45002 45023 45025
4928 36197 43317 46382 52759
4929 3784 12634 13869 14882 15159 24849 29715 61031 61447 61502
4930 7908 9017 10261 44983 45182 49130 61501
4931 33922 34806 36553 62366
4932 38913 41512 49717 58681 59174
4933 5461 5462 5945 27727
4934 2773 2774 12817 30184 33842 36352
4935 18350 33702 37716 49874 56379 59312
4936 352 558 845 846 870 871 872 873 877
4937 2118 3614 3775 26093 29990 61035
4938 2161 17114 17607 17855 33075
4939 25102 45602 55075 56138 56634
4940 1981 5540 7813 8162 12473 22606 31935 33316
4941 6566 6732 6846 15621 16124 28796 29114 33541 33564 33565 33569 34183
4942 1076 2462 2575 2800 2951 10868 11652 11696 14331 14368 24277 24436 25352 25353 45089 51529 51619 52200 52604 52627
4943 44304 45273 61198 61481 61615
4944 2406 4483 5302 10655 20803
4945 41784 41785 42539 42870 43154 50158 52843
4946 31131 48543 48620 50412 55549 62675
4947 2938 6843 11546 11568 11664 11747 11887 16166 30465
4948 28455 28493 43040 45456 46460 46718 47120
4949 4596 20117 44530 53577 54533 54551 54601 54691
4950 14616 14852 39585 40266 40892 41615
4951 12130 12132 39774 40183 44103 59431
4952 7767 8582 9485 9799 12164 12238 15758 32947 45106 49764 61508
4953 55365 58446 58752 59566 59861
4954 27102 31173 31182 31245 31312 34441
4955 7690 16390 20579 21912 24542 49706
4956 10843 20750 20751 22389 22800 23747 24595 24690 25290 25291 27573 47554
4957 5787 11383 14062 20734 21989 27018 27091 32016
4958 32343 42894 43699 44419
4959 35590 35868 35869
4960 3717 37091 45051 51083 58150 62448
4961 24 458 6613 6848 15460 15499 15679 15867 15868 31237 33526 45544 50471 55572
4962 6013 9096 9125 9207 11217 15877 16076 46698
4963 8216 10409 11161 11201 36187
4964 34961 35213 37284 39195 41155 62328
4965 6892 10141 18710 45623 54038 61426
4966 14761 40968 40969 58179 58327 60552 60569
4967 5272 7140 7407 7969 8190 8454 8455 8802 9580 10189 10347 10415 11143 22140 23041 24720 25627 27770 29640 30192 30193 49203 57897
4968 21415 56859 61130 61946 62278
4969 28569 28728 29571 29578 38219 39005 43439 44435 58918
4970 4823 5829 10804 22365 39121 48560
4971 35843 39413 41179 52824 53883
4972 24034 35268 50815 51996 54336 59078
4973 41146 41148 42485 44110 53988 55584 57858 59221
4974 11600 30942
4975 53041 53252 53848 54597 54600
4976 7074 22185 31589 35611 43510 46620 48976
4977 2311 3027 3081 4744 4814 49833 49904 49969 52029 52214 53696 54538
4978 45619 45775 46076 49036 49139
4979 6527 6776 32538 33311 47036 47160
4980 15917 32691 32813
4981 3273 12037 35939 39011
4982 23247 30780 32125 51045 56880 61860
4983 7777 8723 8831 12778 13032 14131 14232 22770 22815 22998 24348 24407 24715 24716 25528 25591 33061 33207
4984 12757 13893 14078 14394 14512 27146 49411
4985 3167 34243 34352 48357
4986 4287 5337 5778 6374 13173 13863 27450 27479 28862 33119 41410 41411 51235
4987 38917 38920 39170 39273 43598
4988 22686 24320 25074 61608 62149
4989 5052 8911 12074 12103 18762 23007 34890 51089 51104
4990 3706 3769 36147 36150 37875
4991 1404 7401 11975 18248 45033 51721
4992 628 680 1753 1872 2056 15525 15582 29137 52099
4993 21262 24037 25198 25201 25718 25873 30531 30539
4994 47341 47866 47868 56021 56207 56209 56217 56220 56221 56235 56237
4995 114 10571 11023 11025 11660 17266 28286 61100 61143
4996 5040 14386 17544 19109 19110 19111 26681
4997 2821 13784 21559 36748
4998 29348 29364 29365 29405 47886 47947 48255
4999 2416 18725 30043 51574 51659
5000 10743 13244 13267 26569 26570 26713 26715 33372
5001 20887 40366 50353 53643 53644
5002 23085 23166 24009 24266 25062 30772 59259
5003 26779 27325 27348 27355 46752 46839 49639 56134 56135 62531
5004 1341 14443 45519 48460 60903
5005 34444 48047 53205 53206 54479 62485
5006 7035 15103 24925 40751 54597 54967 55119 55847 56127 56145 56238 56370 56477 57924 58537 59345
5007 3391 3393
5008 57966 58308 59610 60796 60800
5009 1634 10801 30558 48520 48521 48660 48661
5010 12665 39658 39660 42619 43350
5011 3389 19076 21087 26051 33722 38095
5012 12498 15966 31584 31938 32293 32498 32926 37365 37367 37921 47523 61075
5013 15711 31851 32407 40569 59001 61292
5014 10908 10910 43688 45957 46599 53888 53929
5015 1028 31027 31072 31090 34037
5016 30321 44560 44562 50987
5017 6326 8170 10277 23299 36573 45550 56075 56128
5018 20213 21105 26138 26685 27305
5019 28844 30761 30984 62020
5020 1398 8632 29035 30566 47952
5021 3806 15359 21790 34186 35672 39726 40359 40697 41652 44132
5022 7318 8145 9751 35246 51325
5023 2582 2583 4249 5776 6604 6670 6686 34792 38185
5024 8906 9436 13144 14140 14839 14865
5025 30865 44326 48508 62663
5026 1403 54764 57056 57458 57547
5027 41401 41402 44254 44410 44699
5028 660 30383 37293 58973 60813
5029 5501 7995 28564 34125 48992
5030 13254 13885 35749 36059 42113
5031 15701 16584 17236 17504 17887 18040 18140 18144 18340 18529 18574 20299 20866 22987 29230 29287 33059 33066 60689 61613 61868
5032 14178 14459 14846 16048 30888 56474
5033 5951 11103 27784 46016 46895
5034 1083 38071 43100 43202 52058
5035 1437 7371 46226 47194 51547 51975 52054 62409
5036 4367 32096 32290 33363
5037 41043 53317 55450 55691 60587
5038 6507 26687 62079
5039 29925 29926
5040 4096 4151 39404 39422 42303 42612 43793 44011 55040 61240
5041 21561 58143 58144 59082 60966
5042 4500 5685 6209 31875 31895 31966 32694
5043 2351 2738 41630 41631 47630
5044 23230 23234 25520 38947 38948
5045 39400 39419 39925 40488 42948 43699 54082 54084
5046 45598 45894 46214 46354 46373 46420 61303
5047 7785 8291 9642 24501 24503 53771
5048 11642 15456 15643 15794
5049 30867 31889 45596 62359 62360
5050 15533 15701 15827 26016 33282 35380 38603 49058
5051 42747 42748 58974
5052 33712 48419 48433 48490 48661
5053 15165 17440 17441 17442 17443
5054 11894 12100 13642 51248 52350 52360 52637
5055 2187 3559 3561 12437 14644 18010 44150 62696
5056 11991 16309 45148 61014 61094
5057 16014 25060 25187 28406 48970
5058 4378 5441 5600 8820 15264 47253 47254 52102 52307 52359 52626 58099
5059 40748 40815 42949 43472 58676
5060 11455 12018 12104 12225 12259 45042
5061 10183 16692 16916 37589 44523
5062 17176 17710 21180 21736 26650 34777 48271 58385 58807 58810 59441
5063 2791 5532 10005 19075 19091 24751 53827
5064 351 26405 26639 60159
5065 4881 9378 24673 25906 49033
5066 31016 36320 36409 39614 40643 42165 42956 43882 44536 47431 50464 52719
5067 2182 16408 16410 17783 18094 20214 20249
5068 2216 6997 8440 16250 16334 26627
5069 5162 6682 15976 15989 16126 30286
5070 4421 33690 34481 50599 50849 56068
5071 26731 32101 32529 32656 51372 58299
5072 17139 17417 17689 17702 17715 19699
5073 6111 6988 7054 9107 16469 16743 17547 24726 37884 37885 61148
5074 6592 24265 25186 25680 25881 30832 52383 53694
5075 3944 24664 24665 25878 35314
5076 19673 20142 26075 26363 27114 27194 49643
5077 19588 19645 19646 20611 20683
5078 5254 8901 11445 15213 59533
5079 26823 35773 37368 37709 38412
5080 4641 8152 9930 39386 52845 53057
5081 39731 39733 39736
5082 3937 4095 36226 37381 50774 53709 55575
5083 1239 13470 33906 35018 36518 38464 39285 58240
5084 6656 23049 23764 24069 53200 62403
5085 16388 19862 22049 26606 26992 27197
5086 4260 5769 7041 9354 22407 25765 45249 58438 61046 61246 61871
5087 31586 31635 31637 31919
5088 16568 16719 16756 17468 17469 17918 17919 17948 20839 50936 50976
5089 39859 44144 51298 54330 54615
5090 18047 19858 30125 33881 35649
5091 41596 59196 59455 60607 60608 60610 60614
5092 206 207 4271 15276 16655 17884 19575
5093 10545 16738 18696 19905 20470 20471 20657 27089 59301
5094 16459 16462 20809 20941 27382 40039
5095 39937 40101 53331 53407 54595 61137
5096 7181 7446 8978 9359 15186 16628 51161
5097 34636 34894 34895 41146 41155
5098 3950 3953 3954 32326 44177 56396 57121
5099 6356 6357 6657 6658 7027 7245 29079
5100 15571 15871 37557 38710 40204 47053 59248 59254 61614 61825
5101 710 6558 29084 31305 45135
5102 8894 8895 34913 47408 47410
5103 4266 5587 8317 25340 28058 29882 38946 44828 44901 52126 55597 59578
5104 2585 2872 3152 4542 5282 6133 11162 11321 12365 13220 18711 29388 29415 29754 29900 30187 39636 41233 43244 43506 44721 48796 49046 49072 49900 50190 50590 50864 53324 54519 55939 56017 57456 58092 59753
5105 3534 3535 12474 12475 12501 12548 12565 12616 12619 12651 29672 29773 38077 38899 44917 44926 44967 49255 49268 49278 49307 49352 49360 49363 49364 49381 49399 49412 49417 49419 49515 51895 54823 54824 54902 54903 54904 54905 54924 55411 55709 55710 56062 57518 57519 57987 58079 60180 60181 60182 60183 60184
5106 7047 30745
5107 3797 3798 61209 62383
5108 39809 39820 39896 40055 40057 40094 40424
5109 50960 50961 50962 58175
5110 40331 42616 42917 49457 49459 56772 56955 59375 59930 59932
5111 218 1230 1324 1402 1414 1467 1486 1534 1608 4346 10827 11932 12405 23677 24540 24846 24847 34041 34921 35053 35116 35927 36263 36506 37809 37962 40742 42059 46002 48392 48414 48569 51263 56689 57046 61411 61654
5112 19742 19906 19982 20028 20168 26890 27009 44882
5113 36823 37427 41251 41253 44307 57284
5114 6595 6843 24995 25422 29003 29448 29478 29501 29537 29553 29684 29746 29771 29800 54675
5115 4221 23985 40027 44318 53046 53053
5116 11540 40701 42509 47298
5117 26826 28308 42809 52085 52087 61599
5118 13055 26205 26206 26554 35047 50539 59020 60918
5119 14728 34376 37459 37460 38303 43554 43588 43632 55808 56314 59925
5120 18412 26983 58659 61893 62247
5121 13517 13997 14210 14315 38056 45020 45242 57425 57426
5122 6927 9639 10251 23559 30728 30876
5123 55930 57655 57908 57909 59973
5124 12200 23034 61032 61110
5125 34806 34807 37986 37990 40593 46611
5126 35237 36834 51029 61643 61889
5127 383 399 35440 58788 60225
5128 5557 6465 7771 8863 10572 16099 29009 29016 49061 52856 59005
5129 4473 4517 6078 6162 9889 11496 11566 11644 21363 23578 25304 27278 35202 45334 45771
5130 2370 10877 10934 10935 45362 48385
5131 10569 42329 43701 44178 44179
5132 22939 22991 23252 24169 24360
5133 623 6432 12527 12620 45211 47381 52757 57235 62662
5134 4962 5369 22559 23679 23734 23753 24548 24549
5135 53450 53518 53596
5136 17292 20101 48214 48215 52515
5137 48406 48495 48502 49662 51437 53629 57842 59626
5138 26145 27191 34929 39518 52750
5139 18238 18516 18630 28630 28744
5140 38654 42794 43498 54005 54013 54024
5141 20317 20628 55722 58219
5142 261 1135 48675 51834
5143 3791 4077 22601 23876 32398 34753 61524 61859
5144 1731 2756 4539 30056 31551 31560 45726
5145 17025 17103 17723 37392 38768 38770 39049 42746 44545
5146 35740 36026 39081 51057 51058 61241
5147 10049 10051 23910 24389 24676
5148 4718 4926 19748 20853 25925 34693
5149 18809 18844 31704 31881 32292 32410 32416 32521 32648 48561
5150 61970 62201 62202 62218
5151 16128 41237 45294 51414 51511 51623 51964 51965 52130 53750 53778 53937
5152 28726 54883 56745 56782 57062
5153 4967 11889 22101 22295 22608 24083 48252 62645
5154 939 14731 42773 43513 46362 55409
5155 24464 24465 24807 24808 24813
5156 9630 9631 56420 57540
5157 31662 31776 43462 44632 54121 54122 54511
5158 1130 12958 13035 13185 28803 39938 40993 42081 43090 53373 61948 62469
5159 2266 2332 4504 4886 5068 5507 8355 12314 30912 46255
5160 4446 14699 21619 21632 52462 58526 59688 60364
5161 25393 25509 25926 36280 37656
5162 1242 11188 11191 11214 22286 22308 32549 33008 53117
5163 10691 10731 13320 14352 14353 14383 34950 39018 40769 40913 42506 42844 42845 42925 49532 50071 50625 50692 53804 53917 55518 56853 58371 59503 59896 59916
5164 6214 8922 8937 17416 30624 30672 31863 37823 49266 49289 49338 49343
5165 8812 8908 9802 9863 14499 14503 22194 40304 48448 50042 50598 50624 50839 55026 57476 57887 58731
5166 12537 12652 12653 35569 38477 49260 49261 49625 50164 56577 58212
5167 7919 8158 8744 48752 48926
5168 33690 58992 59069 59540 59646
5169 16257 19731 19745 19769
5170 9020 11149 21263 22247 23131 23137
5171 1129 4000 12546 14057 15476 35076 36164 55309 58254 62295
5172 8478 9312 11199 20931 28851 49112
5173 33828 43942 47481 60119
5174 5777 5875 10012 23174 44472 47686 47693 49957 51758 55735 56052 60021
5175 36238 44262 54539 54540 54541
5176 16220 16276 28547
5177 1871 3804 11178 11379 13139 23443 30460 33480 46164 47250 47675 51788 51925
5178 3415 13220 34192 47950 58746
5179 19540 20385 21138 21139 23246 60894
5180 8309 8371 10048 10114 10281
5181 28286 28289 38711 50519 57694
5182 15399 15944 28944 33387 45201 50734 51405
5183 9256 11150 22405 24285 24454 28615 28745
5184 31028 45912 50374
5185 17079 18644 26773 27279 30535
5186 4793 12601 62297
5187 2386 2523 10930 52057 52370 53910
5188 40044 43306 47285 47523 52843
5189 3116 19428 19942 58217
5190 6346 9508 9838 10307 43922 44253 55449 56575 62715
5191 43016 43093 43210 53434 54102 55303 59258 59799
5192 2261 2276 8248 11888 32320
5193 84 10462 34204 46249 46252
5194 9482 9490 9491 9733 10203 16070 16385 60049
5195 43960 43962 44407 59694 59722 60337
5196 2650 4893 12780 17370 18320 18372 19396 20008 20135 21792 23779 24997 26162 27184 28779
5197 12635 12995 13881 34967 39400 39405 42053
5198 994 8886 8947 9999 28621 53173 53175 54494 56996
5199 11836 33993 34684 42314 47331 50323 50444 50445 50827 55401 55525 56696 60574
5200 13419 14505 14511 14799 14816 39562 47961
5201 24589 24590 24893 24894 25596 59620 60056 60326
5202 8445 19785 21059 22000 25844 27812 39090
5203 113 4869 5907 51364 61855 62299
5204 27035 28150 28354 28355 28356 28377 28378 28379 28380 28381 28382 28447
5205 4442 4528 15354 32696 37555 47515
5206 12816 13363 14197 14260 55194 57285 58367
5207 39115 39777 42192 42193 42304
5208 27945 28087 28103 28499 28536
5209 9000 10395 11343 11916 23217 30826 31925 32844 45043
5210 6211 8137 23514 25189 49002
5211 14695 34841 38322 42744 50875 59895
5212 41330 50980 61269 61414 62627
5213 12763 13040 18898 28997 39566 42201 42444 42672 43303 56210
5214 20371 47732 47837 47838 50072 50217
5215 6976 7600 8444 10101 22256 22257 22669 22739 23392
5216 7328 20200 20398 20462 20491 20663 26546 26584
5217 16648 16649 16663 19747 21694 28298
5218 472 6297 7711 8827 9548 11512 18818 19392 25602 26087 29445 48956 48958 48966 50011 50907 57243 60637
5219 15700 15840 15853 62238
5220 1394 1595 30564 47909
5221 7900 7949 7955 8166 8293 9321 22201 36030 36114
5222 10587 10768 10769 38265 44403 48278 50226 53402 58561 58828
5223 23301 23363 23495 23511 23773 24335 25311 52132 52249
5224 8253 9400 48803 48887 48947
5225 8360 11993 15226 22045 26349 45076 45756 52495 54230 54701
5226 13770 16281 52791 53167 53230
5227 7416 8182 8474 8618 9775 31384 56580 56794
5228 17584 18789 18794 20616 20827 40015 44363 51512 51515 56499
5229 22383 22384 24648 24649 47940
5230 20425 20484 20505 26657 49490
5231 18788 19976 20261 47102 61703
5232 56155 58386 59390 59843 59844 60461
5233 9009 13209 19535 22601 24119 40159
5234 5474 10011 14021 16032 23433 23696 25432 25724 40631 43083 55478 55682 55683 59977 60216
5235 1484 16317 18570 21271 21980 33777 33983 45788
5236 251 734 735 1607 12145 12146 12201 36393 48623
5237 7341 9614 11111 13044 13307 23535 24152 25146 36386 52654
5238 3759 47874 48299 48302 54796 55496 57041 58373
5239 28460 28586 28610 28648 28652 28742 29849
5240 1012 1023 3985 7127 13814 16367 18461 18864 20288 20802 21960 26431 26582 26766 42848
5241 13247 13273 17053 44114 44291
5242 2239 22301 23800 48455 61447
5243 43622 43823 43826 44198 50007
5244 8697 47532 51832 52638 56397 57119 58674
5245 15402 39553 61614 62705
5246 15352 36301 45507 54265 56880 58760
5247 35609 40588 40603 40610 46479 47300 50432
5248 2856 17542 53677 61771 61973
5249 16245 16369 18183 21233 31624 56219 60177
5250 13384 13508 14885 14923 14966 36171 40376 41365
5251 34184 34256 44005 44209 50122 50296
5252 35501 36482 36485 37075 37145
5253 5752 29403 29489 30420 36462 60664 60682 61112 62652
5254 1512 2617 5339 5622 7294 7876 8159 8589 9610 15287 52886
5255 47452 61461 61462 61708 62697
5256 8231 8313 8909 8975 24447
5257 3856 14663 14708 49772 49780 52691 61188
5258 6022 6071 6202 6227 6229 6300 29987
5259 7772 9102 9918 10058 11381 11391 15509 16249 20194 21184 27061 29266 29662 29663 29704
5260 3256 13311 13451 13754 14534 41505 47932 57534
5261 21269 22094 24401 25789 45839
5262 25117 25118 25119 25124 25534
5263 146 8905 9097 53349 53785 54706 61304
5264 3211 12749 33603 34719 55843 59545 59549 59878
5265 17200 18064 18395 19457 20443 20638 32634
5266 147 2803 2845 5451 6618 8174 10095 31246 49865 50215 51644 51742 51938 59829
5267 3393 15692 35463 45856
5268 24036 31552 31649 62327
5269 1628 48432 48450 48507
5270 39210 41016 46759 54073 59621 59697
5271 15849 39514 40149 40373 53276 54612
5272 3956 4029 4205 36112 55826 58378 59169
5273 29970 29978 29980 57100 57101 57102
5274 7614 7617 9299 15187 24486 29229 29731
5275 6881 21313 21314 21410 36793 36794
5276 10832 16238 30819 35051 35086 35088 35091 35180 46566 49298 49299 49300 50557
5277 9799 13219 15195 16876 19896 20792 21086
5278 17137 18049 18591 20409 20593 21283 21719 26128
5279 4545 18410 27117 55627 56589 56843 57922 60368
5280 40551 40558 41808 41809 42318 42601 42792 42802 43789 44577
5281 32859
5282 6412 15394 15440 17238 28222 28291
5283 12204 12205 12224 12307 12380 31859 32560 32728
5284 23531 23532 32488 32701
5285 236 11913 12223 12229 12287 45045
5286 8701 22325 22528 22609 25885 39947 52933
5287 4166 13243 13251 13607 14003 14243 26384 26647 26649 27063 27065
5288 11904 12115 48441 51341 59171
5289 1497 6411 6548 24422 32735 45668
5290 17481 17482 17486 17487
5291 8378 9136 12808 24167 24954
5292 14079 14682 27797 27802 35074 35137 54250 61952
5293 647 11934 11935 12337 48365 56128 57430 59414
5294 17209 19928 20148 20157 20736 32085
5295 30984
5296 13728 14801 38798 39280 39283 39362 39504
5297 46013 46048 46430 46431 46747
5298 8106 8925 9991 10039 10231 49983 51618
5299 2862 2863 2864 2865 2866 33997 34696 38177 46084 46085 46327
5300 14933 30488 40957 45338 48442
5301 6883 6904 6905 6996 7013 7781 8072 9219 22096 22152 24643 28107 28108 36773
5302 3683 8537 8910 25397 38059 45096
5303 299 4662 5361 5964 6060 15559 16108 28950 28961 29182 31381 44841 45652 46551 57573
5304 1609 3216 48259 48373 48449
5305 18770 34358 36219 36549 37402 38108 38855
5306 407 25497 46465 48994 61394
5307 3652 3660 28259 29130
5308 8072 8074 19041 21268 35107 51767 53493
5309 26437 26439 27473 30595 55030 58800
5310 4476 10898 24801 33470 33700 46659
5311 3741 3749 5833 28222 28907 44953 45288 51737 52577
5312 1355 48412 48457 49756
5313 296 3201 33968 38420 41688 41689 54036 60767 61414 61702
5314 33812 34442 46704 46732 46967 47078
5315 36139 37568 52154 52614 60740
5316 5823 8841 15274 23867 49102 52834
5317 8419 9081 9327 17500 17501 17567 17570 20771 24513
5318 389 4918 5993 9489 21740 21778 21784 22019 32088 37556
5319 42414 42415 43252 50119 50404 50811
5320 19280 23697 24334 25445 27070 30513 48957 53132
5321 5432 15292 20316 23148 23630 26695 59323 59404
5322 9536 39347 40245 40546 41633 47876 53958 54721 55246 59890 59914
5323 132 5114 8467 15070 18975 21645 26686 32618 45363
5324 8283 25215 28199 61540
5325 3616 3619 35164 37739 60907
5326 1804 1883 2580
5327 26372 34529 45558 46074 52721
5328 10935 10948 20858
5329 1514 48655
5330 7669 16235 16236 16365 18307 20324 35966 36912
5331 4004 38772 49329 49460 52284 56407 56802 56810
5332 4561 4568 6020 8053 15630 23149 25131 25229 36777
5333 3822 3853 8421 10056 11906 12040 28688 28710
5334 10617 31540 31543 31545 31546 31579
5335 3675 3967 15622 39462 61559
5336 13182 13685 35142 35312 35743 36093 41015 41231 41905 42267 44452 58484 58545 58880
5337 1360 39623 39626 42148 43834 47320 48590 53258 53303
5338 36422 49857 49945 55190 55940
5339 573 815 885 10976 28415 29397 36442
5340 18231 18277 18279 20445 21432 26252 27356 27406 35428 35496 36561 38504 48153 50373
5341 1946 11384 18541 19037 31180 31193
5342 4334 37242 42680 57200 61069 61226
5343 41336 41503 42343 49214 49227 60744
5344 16328 18063 20688 50854 55241
5345 7425 7657 8122 8534 10036
5346 220 22246 22271 23025 25174
5347 4069 13130 13131 13149 13703 13704 36078 40526 40635 40636 54134 54600
5348 13328 16103 37853 54677
5349 3567 5580 13152 35458 37090 40240 46466 47507 52499 54151 58684
5350 5613 22723 24111 24960 24961 25482 25769 27795 47587
5351 1694 1844 4705 5684 5694 5905 6301 6715 11110 11139 15512 15601 16053 16073 23685 27822 28558 28559 28915 29189 30243 30327 30342 30776 30794 30795 30819 31829 32053 38204 38452
5352 3053 6387 13365 14138 27994 34239 59329
5353 37059 40106 42200 43198 43199 53417 54577 61269
5354 586 588 2077 31451 31995
5355 31762 31785 33185 40059 61684
5356 9500 15107 15109 17572 17693 29686 44760
5357 13126 13936 14019 40922 46376 56926
5358 34616 36419 45685 46340 61196
5359 2606 2607 2836
5360 26631 26637 34676 42878 53448 54198 54417 56005 60226
5361 10438 10458 33666 57078 58070
5362 14549 30366 30370 34383 42588 55584 58410
5363 28128 28129 28130 28131 28138 28139 28142 28144
5364 39724 44440 53134 55233 61654
5365 41209 41964 43339 44590 48606 54261 56624
5366 1228 13613 13630 13635 15135 15136 27985 28064 34907 36335 42127 43735 44315 44737 51429 51523 51818 52022 52664
5367 21331 21332 25514 27649 27681 27689 32600 44735
5368 52044 52375 53297 53779 54464 61999
5369 36797 37300 37510 38262 38296 38297
5370 56466 56475 57922 59702 59714
5371 28160 34793 35065
5372 13782 29112 37292 37298 37694 48113 60219
5373 7950 18354 18418 20542 21144
5374 1047 36118 45539 45842 46095
5375 35399 36834 37815 41859 43195 44542 55539 59607
5376 35844 41265 42174 53730 53731 62469
5377 36314 36315 36317 36318 48622
5378 12140 45101 62376 62473 62483 62595
5379 1641 6924 10823 22819 34219
5380 21643 21660 26805 26808 27494 30217 46921 59942 60850
5381 1054 3276 4426 31002 37533
5382 21436 26410 27053 57989 57993 58000 58003
5383 7807 8360 9997 23337 44940 48753
5384 280 786 42699
5385 55231 56405 57169 59128 59250 59251 59252 59854 59982 60217
5386 61763 61972
5387 3264 4474 16604 30094 31071 60716
5388 35472 35473 35703 35704 36961 36962 36963 37409 37724 38290 38291 38341 38702 38931 38932 38933 38934 39203
5389 9073 14607 25026 42511 42519 43794 45254 51786 56710
5390 41903 41970 42122 42152 44312
5391 22601 23932 24907 35316 35317 60622 60623
5392 31437 31438 31570 33072
5393 1510 12198
5394 7168 8896 10175 10176 25772 33112
5395 28838 28859 31181 31209 31592
5396 1387 30034 30126 30195 34919 50650 57509
5397 278 12206 31183 35449 45321
5398 2301 2757 28025 28026 28030 28038 29962 30003 30009 30022
5399 14744 14748 40274 53263 56679 57557 61691
5400 11258 16247 19201 29445 33338
5401 61585
5402 1704 1729 1826 6147 6293 16023 45961 46293
5403 10734 22794 23024 52925 52927 53496 61997
5404 36229 38451 40355 40795 45392 47507 48454
5405 12835 12880 13426 13753 39316 39327 43291 61535 62491
5406 950 966 5964 28068 28093 43524 46524 46824 47173 52306 52309 52656
5407 8592 15240 17184 17304 17439
5408 2173 2184 20963 32401 32754 35866
5409 22545 23722 24782 25759 25824 30970
5410 30354 33984 42965 47372
5411 50367 50401 50715 50900 57724
5412 2981 14034 18701 29312 29321 29328 29555 29556 29644 29659 33724 41701 50840 50845 54091 54488 57303 58648 58695
5413 1209 1323 4491 38006 62630
5414 38346 44843 44847 49256 49285
5415 12917 13454 13558 41077 41835 42333
5416 32022 37480 50486 57154 57792 59846 59847
5417 9297 45575 49039 61295 61335
5418 1443 2770 7836 10605 48647
5419 13730 13733 13735 13736 13737 13740 13742 13744 13745
5420 628 5926 6493 8930 15150 25127 49024
5421 3400 12325 30247
5422 7356 12217 14823 25867 49311 49386
5423 934 19795 19797 26249 26250 61711
5424 25781 42875 42881 46582 54681
5425 1681 17825 18274 18614 19235 20391 33612
5426 5135 12039 12238 34661 36597 37523 45142 51473
5427 13339 14166 39346 41810 42549
5428 22558 22762 24184 38118 38328 49404 49550 49551 53672
5429 2937 2944 6120 6233 27847 27924 27925 27927 29160 29859 35857 39294 39373 39385 48626 52854 52915 54616
5430 5258 8957 9010 9657 49034 52152 61722 62064
5431 9572 10169 16230 17430 17434 17465 20555 22531 22619 25202 25652
5432 7434 7435 8072 9602 9605 41861 41977
5433 1162 13795 14479 41191 47996 48492
5434 1462 4461
5435 5215 5382 13082 37420 48839
5436 47810 47844 48060
5437 32457 39811 40054 40060
5438 9033 9474 9649 34524 46071 49162
5439 2327 2628 50248 50402 50438 50489 50701 56422 57398 57399 57687 58557 58849 59140 59766
5440 22622 25846 35846 47957 48182 48289 51261 51697
5441 1990 2626 2725 22670 23292 23404 25673 34854 38378 40237 50166 51018 51019
5442 36476 36480 38853 48166 56623
5443 4990 5449 9270 13568 43614 50078 51208 52603 57914
5444 16252 26838 27992 43350 44223 45683 48467 56624
5445 45863 45864 49566 49568 49569
5446 7691 7950 9729 25051 30709 49050
5447 24104 26277 30611 56241 61896 62062
5448 14135 36605 36913 37296 58379
5449 28421 28500 28597 48031 48347 48364 60876
5450 36269 39457 41007 53781 54536
5451 17706 23529 32135 45834 58336
5452 4932 40961 43181 43461 44025 44055 54029
5453 2540 2947 29432 29546 30098
5454 7456 8502 8685 9197 9227 10019
5455 2443 4254 4548 13143 13542 13855 14560 22557 30196 34488 39858 42112 44268 46932 51412 52724 56738 60704 62376
5456 49583 55777 57267 57268 61288
5457 12686 26146 26147 34412 34795
5458 37835 39165 61263 61582 61737 61883 61920 61944 61947 62039 62044 62176 62274 62282 62283 62312
5459 12383 12384 35751 38307 39156 45125
5460 8219 12738 13003 23656 24656 33044 39501 39950 40554 41528 55495
5461 8037 31496 32866 33043 39608 40316 45245 45246 49094 53437
5462 11523 12020 23790 24921 29058
5463 5820 38157 45236 45286 45292
5464 7174 9821 32672 32673 38134 48879
5465 6248 6249 6271 25849 40421 41737 43887 45772 46320 46321 47230 50089 62425
5466 8739 18548 18617 20262 25294 29620 42597
5467 1757 11872 12159 18997 38642 46687
5468 10483 16440 18213 21790 21793 30578 53049 62397
5469 3625 12213 12797 44224 56241
5470 35540 37731 37842 45953 46642 46762
5471 13241 14530 55960 56411 56554 57525 57526
5472 36060 36626 37084 38330 38340 38789
5473 5138 9317 17393 20053 20421 32083 41775
5474 156 16490 20108 28219
5475 2339 10261 25575 25687 33748 48795
5476 8237 12370 54077 54632 57664 59292 60404
5477 4554 17107 18031 18700 26930 26931 31565 31950 32404
5478 912 28368 28846 32826 47635
5479 9727 20547 26190 36270 37766 57639 57674 57705 57736 57737 57860 59803 59804 60000
5480 2408 15374 28879 57293
5481 15973 15981 22962 28938 45522
5482 2433 2790 2976 3050 29018
5483 18901 26091 30589 30668 50013 50159 50487
5484 15131 15132 17775 18223 18230 19701 20116 20548 41285 51880
5485 6478 16901 28231 31497 33252
5486 1457 1501 1602 4524 46271 47336
5487 3763 34064 61776 61843 62713
5488 16458 16549 16889 17429 31592 31821 32238 50751
5489 14545 15020 35285 39381 43819 43820 43821 43822
5490 6987 7422 7820 8458 22602 22865 34514 38470
5491 7448 10082 18771 19830 26674 28351 46215
5492 1371 20246 20744 20776 36857 38778 40641 44331 52844 54607
5493 36945 36995
5494 16693 16694 18473 61055
5495 4584 36028 36161 37089 38418 42527 51051 62646
5496 7124 8705 9671 10351 54673
5497 4872 7090 10382 10389 13088 13779 14435 23219 23642 23945 32884 39896 43719 51218 51646 52661 53963 57722 60080
5498 5687 53760 54448 54457 55833
5499 36284 36510 36572 54982 55142
5500 13931 14483 14517 40272 57475
5501 39671 40303 43714 56627 59663
5502 2274 4461 6971 8555 10536 16477 18852 18858 19305 19426 19439 27740 28850 31447 31536 31971 32244
5503 22792 22793 22923 23829 24754 25935 28623 31982 48042
5504 55630 56384 57089 57091
5505 12838 14617 15013 15047 37933 37950 42345 42918 42921 43648 43979 54413 56634 56659 59555 59602 60522 60524 60530 60533
5506 23911 32124 33498 39901 40594
5507 720 915 925 1775 2333 2349 2504 2669 2691 2814 3833 5119 5518 6124 7011 7646 7762 8191 8360 8878 9082 9895 10091 10373 11481 11494 11545 11559 11587 11589 11661 11673 11860 11868 12002 12029 24741 24915 27983 28024 28347 29385 29407 29575 29759 29940 29976 29981 30167 30497 31441 31445 32335 32855 32950 32961 45694 46127 48238 49175 49198 49282 51278 51383 56452 57529
5508 12750 14358 39841 41523 41776 41881 42168 46409 46499 50462
5509 30861 30919 33227 35826 35856 36577 38758
5510 4643 4706 4739 5137 51088
5511 24182 38277 40172 41118 53314
5512 29679 35718 37011 47361
5513 18197 18633 18652 18690 53786
5514 4648 11202 11309 17016 17610 18034
5515 16968 17078 20160 30134 45443 45776 47394
5516 13185 31343 36106 61255 62051
5517 15118 40236 47461 50351 50693
5518 8932 20514 20515 20780 25218
5519 12080 15494 22344 23567 32198 33485
5520 21428 21430 26284 26285 61870
5521 2148 2185 15724 16338 28831 33838 37044 46435
5522 10481 10504 10614 10654 43304
5523 23279 25862 39431 57750 61114
5524 47351 52417 56242 56958 57491 59086
5525 41563 42369 42730 43285 44638
5526 9130 36778 38469 44456 60147 60168 60990
5527 16483 20020 21062 36101 62386 62478
5528 3689 22494 23920 24079 25426 47425
5529 14660 42879 49309 49512 49513 59373
5530 88 96 19624 29055 42367 42730 43974 44124 44125
5531 32862 33545 59037 59522 59945
5532 12189 34753 45224 50986 51007
5533 21515 26624 26673 26725 49444
5534 572 642 651 15734 15775 29133 33004 33289
5535 1198 1587 28932 62498
5536 10782 10798 38250 40788 41998 42176 42684 44394 53517 53623 53669
5537 408 4064 31926 35328 40310 50095
5538 18793 20042 20924 26263 36245
5539 4402 4545 8405 37967 39768
5540 59218
5541 3621 3670 35466 39538 47446 47718 48114 51594 52572 52674 57975 59292
5542 34651 38712 42107 42896 43049 44633
5543 12845 14228 40324 41912 43747 49447 50922 53273 54017 54267
5544 34189 36662 42056 53316 54601
5545 16891 17120 17636 26408
5546 30392
5547 47894 47906 48165 48372 55366 56463
5548 25498 39393 39397 40891 53328
5549 5888 10007 20781 23507 25240 39338 41606 61506
5550 1533 3435 36023 57921 58964 60195
5551 12544 35728 37374 43712 49301 49302 61770 62344
5552 1401 33629 33978 40717 44629
5553 4942 17262 17287 61207 61489
5554 22117 22121 22137 23482 24844 25203 25204 25205 25206 25207
5555 37170 38534 38909 38982 39194 60136 60167
5556 27765 27831 38349 38540 47009
5557 10884
5558 54918 55335 55336 55338 55503 55504
5559 20210 20211 33706 35211 61514
5560 6443 28861 43605 60538
5561 33656 38201 46043 62446 62472
5562 14821 20142 26541 30771 30977 36022 39620 55279 61173 61563 62145
5563 4534 31593 32592 33378 62107 62108 62628
5564 11297 13492 13493 51998 61918
5565 28954 34179 36340 61422 61559
5566 12929 26607 35887 53156 53511
5567 4306 12992 15028 28325 30197 56162 58123
5568 130 6461 32983 34803 35631 38622 50056 50882 56393 60135
5569 7648 18496 18607 20017 27773 55324 57260 58227 58624 60347
5570 16070 28295 45872 47602 47604
5571 21587 30914 37073 45220 45314 47814 62533
5572 26432 32484 32485 49003 61059 61661
5573 25401 30639 30641 58698 62144
5574 3155 31042 36261 37438 45230
5575 16755 26321 27398 30658 30660 50165 60402 60403
5576 9374 16438 17382 17383 18164 20332 20473 20474 20475
5577 26303 26491 26493 27242 27255 29434
5578 34749 51439 52783 52821 52938
5579 22582 22696 23754 24355 25042 25092 25410
5580 4239 6049 6079 9825 18380 22705 24567 26785 30984 59439
5581 16687 23958 23959 24391 24392
5582 187 17940 18029 18053 18112 19440
5583 6268 58533
5584 11742 28420 28532 28556 28557 28673 28718 29490 40010 48218 58025
5585 3454 5529 11503 12471 13383 37334 48669 60012
5586 14859 39469 43641 43772 53955
5587 6492 10038 23144 25530 25531 30894
5588 1421 27668 32238 32239 32879 48405 53061 53470
5589 9384 14710 14993 30085 37175 39587 40250 40276 40881 41913 42338 42708
5590 3015 40207 41331 42371 42729 42813 61127 61374
5591 10581 13151 17839 19438 21334 21335 34547 42955 46324
5592 5841 19428 19513 23599 28580
5593 7456 7584 8131 9277 29277
5594 12179 14969 21698 21953 42257 43494
5595 49863 52470 52471 59726
5596 7911 8002 9145 9174 15193
5597 35257 38353 55313 60727 60893 62026
5598 9456 15977 24977 25715 29247 31975
5599 1488 21864 21896 30723 30955 34114 54879 61720
5600 1470 44391 57048 57442 59619
5601 6899 23783 23785 23788 36285 37259 45291 46030 46804
5602 1031 2226 2255 2296 2323 2448 2532 2539 2715 2804 2881 2907 2954 2958 2969 2998 3069 5312 6141 6210 7177 8084 8086 8091 8529 8551 10413 10414 12783 13433 14454 14842 14962 15305 15306 15310 15316 15323 18157 18783 20138 20557 20610 20664 20759 20801 21029 21475 21634 21779 21798 22010 26069 26513 26540 26638 26678 27000 27007 27266 27386 27404 27414 27417 27423 27483 31353 31468 31519 31530 31632 31734 31970 32109 32113 32124 32135 32217 32529 32853 32944 33406 33807 34678 34779 39724 40232 41327 43026 47721 49270 51255 51283 51461 51494 51545 51693 51756 51845 51873 51899 51948 52452 52455 54977 55995 56000 56644 57374 57749 57921 58339 58620 59290 59346 59419 59432 60045 60101 60231
5603 12547 21755 48358 55856 61383
5604 5260 5868 5869 11533 11688 11697 11738 41235 44301 44471 44477 45895 50121 51740 52175 52220 52549 52962
5605 31434 31436 36358 40903 61598
5606 3062 29310 29846 29885
5607 39413 39565 53387 53389 54125 54127 54253 54469 54473
5608 36779 36840 38414 61348 61636
5609 3852 6377 7315 45307 62433
5610 10440 10441 22679 24120 30431 32876 42046 44551
5611 20038 21630 27408 46045 47977 48073 48075 55486 61193
5612 10474 10498 10548 36370 43356 61437 61632
5613 3800 3855 15838 16035 51593 51695 52078
5614 5006 23218 23527 23706 24731 24736
5615 10659 10740 10742 10745 10746 10748 10749 10751 10753 10754 10755 10767 10779 12359 12360
5616 8719 9012 9138 9822 30600 30623
5617 48414
5618 35122 44673 58282 61408 61728
5619 14053 50737 50822 50904 56326 58936 58939
5620 10358 16262 51432 57093 59290
5621 1806 10468 18044 18494 19560 20693 25242 25243 31451 32310 32311
5622 349 765 15393 15475 21277 45751 46740
5623 4102 12567 35797 35953 50726 50929 61190
5624 45958 46000 46008 46073 46975 47134
5625 17281 17282 20985 20989 26689
5626 31041 35677 55234 62157 62619
5627 2708 7610 8509 22111 22614 23058 24091 25015 47231 55383 55961 56845
5628 1288 4678 4713 32237 35796 41779
5629 37857 43465 43466 45665 50546 50667 50867 58330 58418 60108
5630 9748 12312 28362 29713 33572 45120 53026
5631 13890 14606 14886 26478 29412 29431 29585 29799 48053 48375 49808 49990 50208 50209 52321 52384 57680 57916 58355 58902 59569 60411
5632 6407 7386 9420 16262 18240 18500 18637 18655 18656 27472 32912 32945 45389 48510 48512
5633 16895 16952 17806 19380 20046 21236
5634 7102 10025 10063 34017 34342 34521
5635 9231 11137 12231 15404 15712
5636 18897 26682 26982 26984 27244 27344 29525 32304 44786 52228
5637 30789 30807 30819
5638 18162 18202 18253 18254 18255
5639 28098 35498 36786 36950 38297
5640 24480 24904 25035 25169 32823 46652 46669
5641 7291 22918 46069 49057 61027
5642 1375 48424
5643 49872 56918 58030 60063 60473
5644 16793 17454 19642 20643 34127
5645 5166 5167 5168 7000 7475 15160 22768 25717 51562 53616
5646 44669 48477 51920
5647 1138 1140 1253 2656 5292 5543 8139 28922 44932 44978 45651 46452 46619 46958 52084 52491
5648 1798 2487 30439 46348 47689
5649 39365 39379 39500 41028 42163 53317 60910
5650 2347 3086 3087 16449 18374 18928 19301 23136 27094
5651 12897 13690 13823 14052 14114 34949 44272 50823
5652 14255 32720 43788 52785 56713 61743
5653 15547 16355 16368 32130 34893 45638 62121
5654 4346 7087 9864 38963 48400 49910 49911
5655 13634 13664 41621 44236 44340
5656 35206 61268 61270 61695 61704 61784 61815
5657 43511 44769 54268 57979 58931
5658 6955 7059 7084 7875 8671 9007 9615 10185 61991
5659 35258 50256 50435 55141 55283 58628 61005
5660 11241 36513 39426 39707 45583 54856
5661 11487 17499 21381 22029 27571
5662 7579 9801 11580 17312 17323 25540 45862 49096 62467
5663 4079 37266 44417 46421 47756 50346 53133 53157 58633 58859 60131
5664 15232 20706
5665 35092 35815 37974 61146 62569 62701
5666 3577 7241 31690 33160 52639
5667 10566 18012 18087 18125 26956
5668 4278 5196 31043 31396 56879
5669 32339 37798 39177 42084 47273 54661 60330 62305
5670 2206 48443 61166 61369
5671 3973 4160 4194 33947 35333 39256 43505 59295
5672 467 797 5886 5889 9447 18407 18481 19035 46453
5673 12327 30202 34820 62620
5674 30723 41261 42750 42751 44126
5675 1715 1959 19108 33431
5676 2291 6088 21452 47389 48170
5677 1192 1340 1645 3608 3649 12415 29204 47431 48718 50292 50386 61554 62659
5678 19318 19712 19715 19835 19837 28207 39433
5679 30644 36928 50758 51302 51341 58670
5680 8716 9057 11961 22560
5681 5242 5736 8459 8585 36512 55537
5682 14488 22206 37658 37780 38587
5683 1287 3968 34113 34115 34614 35732 36304 62590
5684 1290 12942 34987 47913 50474 50781 50844 50928 62080
5685 1212 1214 7204 7735 8909 23625 34673 34844 45761 53911 54126
5686 38366 48371 52849 52867 53016
5687 2554 7333 7838 8339 8987 9039 10261 10352
5688 7611 7613 9954 59100 61478
5689 4414 29147 34744 41640 45604 46625
5690 13958 25255 35440 40930 42449 51641
5691 1096 6324 26918 29132 49333 49422 49620 49651 52287 52379 52660
5692 2934 21958 21959 30232 45713
5693 10846 10858 26326 34629 35050 35174 35232
5694 4542 7851 12191 41934 47240 47688
5695 655 711 721 722 743 899 900 11985 45186 45353 46111 47041 47097
5696 20212 40040 49431 55086 60874 62681
5697 38150 38187 47935 56103 57695 57697
5698 1095 2618 6273 6424 15429 15980 23082 25550 25681 30014 44864 56073
5699 533 11049 17077 20363 27157 28951
5700 1526 1553 3177 3281 3282 3339 3429 3432 8519 13060 13061 13432 14032 14371 14388 14537 14569 14692 14705 14871 15048 35709 35956 36165 36635 36636 37723 37820 38000 38001 38002 38003 38877 48720 53776 58470 59440 59909
5701 14500 14707 14832 50563 50564 55806 59715
5702 12358 15611 39906 39957 41457 42162 43678 57301 57920
5703 33904 34507 34635 34651 34706 34986 54094
5704 39811 39894 40091 48452 54601
5705 16212 55177 55729 56557 57325 58852 59509
5706 12657 36469 36496 37874 38748 45885
5707 17850 17851 27013 33303 44722
5708 10696 12984 13068 13072 32273 32412 33059 33224 39228 39360 42815 45268 49923
5709 4875 5325 10685 22443 23926 24106 24839 25797 32230 32362 39430 52978
5710 2483 3363 34297 34390 40740 48297 48300 48301 56150 56151
5711 12064 12376 12699 13211 13839 14284 14777 24238 25683 25701 34939 39983 41026 41213 42909 43985 43990 45138 45213 51558 51559 51849 52484 56618
5712 1551 5084 18739 30212 47856 55046
5713 10482 20045 21454 24394 40226 40294 40300 43396
5714 3161 6024 15126 48517 60916
5715 7474 9094 9858 22806 30838
5716 16731 16890 17648 17821 18923 20448 20835 20836 20943 23541 23787 24030 41141 51285 51484 51745
5717 8071 9267 12027 52245 61996
5718 12363 21164 21165 30969 46733
5719 16211 16228 16354 16358 18061 33244 56705 57275 60930
5720 4073 13836 14485 14595 16171 16172 38804 39209 42297 43047
5721 2469 10546 11234 20870 20872 20968 27846
5722 366 6776 29910 45217 48785
5723 1261 5377 8616 8634 9264
5724 1239 37403 37404 41493 42205 53547
5725 28477 28505
5726 9974 10584 10665 10713 17086 18953 18980
5727 32868 32967
5728 13009 14602 40462 41641 57430
5729 1499 30492 45368 45372 48472 51172
5730 10515 10521 11131 19088 42093 54005
5731 502 6003 11190 15382 27779 31248
5732 7331 12381 34790 36493 47782 48274 51366 51715 51860 51962 56107 57538
5733 1295 7829 12891 13176 13184 13785 36521 39818 42691 44562 49154 55739
5734 7980 9587 21913 22305 22312 62423
5735 12494 17659 18358 18996 47214
5736 13593 13882 14754 42603 44763 59046 59851 60554 60567
5737 11326 11371 22985 23146 25791
5738 10914 15590 30477 31492 31521 31562 31569 32099 32170 32289 32762 51166
5739 11898 12163 17937 20327 20411 20646
5740 8248 8661 20241 23878 25814 27788 48766
5741 31106 46140 50008 50647 56540 56541 59526
5742 7818 9098 22961 48925 52171
5743 4155 4325 14873 14874 59408 60580
5744 13023 38299 50135 54753 60111 60113
5745 75 79 156 3802 4460 11035 11457 11591 11703 11711 12477 12551 15556 15776 16277 18001 18326 18402 19443 20319 31279 39564 43786 49047 49231 49232 49233
5746 3645 3705 3716 18385 18668
5747 14209 14916 41908 42991 43267
5748 12347 22540 61527 61653
5749 30941 32734 32959 38692 55850 59790
5750 34269 34270 34272 34273 46695 47151
5751 3417 4905 8312 9564 9565 9593
5752 8761 17015 17474 17598 33473
5753 14444 19414 21601 32596 32699
5754 12490 22157 23744 45811 48921 48936 54049 54056
5755 49762 49787 58497 58667 60282 60283
5756 7073 8362 8685 30120 30670 50456
5757 15935 17910 22214 42084 46153 48484 53023
5758 4991 30857 46112 49950 49967
5759 16996 17203 20766 21155 21181 22640 26932 26986 27010 49039
5760 6902 23897 30626 33966 34082 34822 35575 48509
5761 260 5175 5275 6850 15795 47578
5762 17551 17690 18481 21014 45507 53851
5763 23931 24463 45735 46517 60281
5764 6348 10994 28848
5765 15833 28289 28903 30344
5766 8459 12990 15655 32400 40686 41691 45675 46530 46531 46965 51390 51616 57922 58337 59334
5767 5038 6954 8787 9533 9592 54770
5768 2066 4749 23302 24224 31395 35308 47237
5769 31654 38155 47372 61917
5770 2430 3114 16168 21717 27357 29956 29967
5771 21179 21593 30186 56473 61876
5772 8601 8788 9193 10270 48866
5773 4116 4215 7379 8466 9340 61485
5774 13379 13934 14740 35902 38811 38963
5775 10549 31873 32152 32375 38455 61987
5776 264 13373 22184 22190 22330 23347 40674 46777 57330 57331 59284
5777 8071 8747 10392 23555 33254 45505
5778 19285 54935 55009 55267 55357 61181
5779 7673 23319 23554 23667 52892
5780 222 13846 14570 54415 54445
5781 16761 18325 21143 41920 42654
5782 13725 14469 40812 40813 50220 50645 56456 56727 57436 61117
5783 5641 15082 21460 26786 27390
5784 3780 10962 11775 11782 11783 18639 24547 30631 48891
5785 24005 33665 50966 50967 53022 53953
5786 17841 26114 31571 31685 31720
5787 23471 33800 34215 57923 59248
5788 28948 32566 60504 60877
5789 1301 28985 34552 56493 57246 59724
5790 12465 34936 40850 41196 53506
5791 46537 46755 49274 54767
5792 30915 37335 37433 49456 54751 54927 55051 56714 56987 58204 59125 59228 60423
5793 19126 23588 24217 24429 25569 43932 50529 56618 56620 56624 59431 59562 59863
5794 7051 7375 7806 9800 14180 48751
5795 1132 1430 1592 1676 12740 13490 31147 32158 42638 53495 55669 60935 60951 62219 62594
5796 7280 11754 17908 17950 18373 19490 19555 19600 19609 19610 19612 19648 19665 19678 19705 20256 20269 21860 21864 22827 24733 25023 25182 49283
5797 11031 11240 15774 28457 49103
5798 29408 30031 43837 49871
5799 5660 9032 24883 25194 25900
5800 40862 44115 52857 53235 54375
5801 8285 8496 8499 9524 31528
5802 33591 33610 33822 34244 45708
5803 41069 57345 57829 58072 58613 58934
5804 20704 23980 31105 35054 35124
5805 1094 12712 15342 23647 23648 36942
5806 7546 7696 7987 23273 23296 52530
5807 8160 8163 8722 9744 22608 60169
5808 15200 15268 15312 18003 30320
5809 9272 9615 11320 11384 11415 11431 15307 15308 15309 25016
5810 24979 25072 39827 40148 41359
5811 3597 40073 44685 53042 53220
5812 14601 14618 39880 40285 40291 40296 42777 45036 47179 55839 56630 56635 62444 62522
5813 14614 16193 20395 20466 20658 20712 24814 25415 25651 27286 27349
5814 21247 22319 24051 24442 31351 31352 41700 44918
5815 14747 35147 35271 38850 38852
5816 35653 40879 40883 42706 54544 54545 54599 55622
5817 11817 11830 28121 28143
5818 34268 34274 40013 40014 40518 42377 42379 43557 43572 43623 43626
5819 8875 9016 10293 22439 22806
5820 3260 20121 21535 21595 44098
5821 1005 1008 1010 8744 9848 9893 10298 24873 24922 24980
5822 14664 14805 35702 43978 56241
5823 35482 35801 36333 37131 54845
5824 12822 12823 38811 39408 51015 51065 60536
5825 16604 28290 31564 31592 32594
5826 10010 10014 10978 33368 45364 47227
5827 696 36614 36788 37133 38053
5828 5861 23250 24969 25183 25228
5829 14043 31208 31314 57974 58331
5830 5589 31056 52765 52850 54689 56476 58763 59151 59153
5831 37351 47791 48061 48183 48184 58306
5832 37429 51636 56688 59624 60343
5833 40961 43972 43973 44491 47916 47917 47960 50896 55551 55803 55979 55980 56141 56142
5834 1345 1357 34035 57537 59590 61182 61406
5835 3135 33960 36832 38437 38438 40414 40482 40726 44674 50243 54585 57000 57922 58356 60577 60803
5836 36914 39548 44043
5837 5806 5813 11205 11402 16086 22805 23086 24001 31989 32117 32161 32275 32760 33097 33424 39632 39633 39706 39712 39908 40829 45609
5838 7505 7506 7568 7816 9238 10052 24822 49321
5839 2230 2281 2391 29381 29567 29651 29652 29723
5840 2273 12382 15544 36817 45502
5841 16910 18904 26194 32749 35369
5842 2834 11100 11358 15500 32135 32269 33181 33465 39567 39996 53138 53630 54221 55922 56115
5843 39 45 28648 29621 34789
5844 12036 17013 17014 19269 19275 19297 21616 21667 27003 27283 27560 27561
5845 10119 28432 28437 28578 45053 45282 46208
5846 2082 11044 16848 18831 31454 31537 31602 31688 31794 31813 32054 32057 32231
5847 4707 4709 5304 5306 5309 34343
5848 40596 53331 54585 54597 58981
5849 17147 17217 17805 19856
5850 17310 17802 17857 20711 26683 42405
5851 396 1803 8764 16090 16270 30311 31849 45285
5852 2234 2458 11470 11803 25489 30181 32397
5853 35054 36198 38427 40260 50374 50766 55277 56593 57922 58418 62682
5854 10950 15966 28400 35367 51603
5855 13268 13291 13553 15016 36580
5856 20730 26675 26830 58119 60886
5857 19946 20193 20244 20403 20469
5858 3336 33619 34649 36052 36664 54038
5859 10647 31874 33070 36755 46346 56366
5860 521 14322 15510 18787 19576 19584 19603 20581 20666 21007 21053 21054 21090 21159 22044 22662
5861 7015 8905 21237 25059 25922
5862 36244 47885 50742 58469 58508
5863 17946 18106 18863 18870 18890
5864 16489 16840 17756 19417 20604 36834 49606 54005
5865 289 297 306 379 384 473 495 519 15598 15663 15797 15875 15876 16141 21760 21765 21766 21767 21794 28248 28262 28342 32662 32777
5866 13803 13838 43057 43149 62049
5867 59616 59620 59891 59892 59893 59894 60059
5868 2989 8979 12789 22480 55864 56209
5869 19517 20122 20364 20983 20993
5870 8935 18520 19921 38718 41370 48958 53424
5871 2508 3003 29033 38135 45750 46982 47086 47553
5872 22883 23806 50638 50909
5873 19296 26648 26737 48391 56880
5874 5210 15074 16792 18286 37927
5875 30747 30959 52212 52490 61483 61818 62180
5876 21515 27502 33670 34044 35010
5877 36299 39695 41269 41841 44509 53951
5878 7139 7804 9137 10210 40191
5879 43024 52847
5880 1487 3250 28942 30222 55494 60547 61145
5881 3205 5044 5442 5655 5738 5815 5870 6027 7488 8742 9029 9833 12017 20092 26507 30508 40109 41444 43549 44424 44459 46723 47683 51905 54644
5882 9688 11036 22612 22613 23060 24082
5883 21812 36125 36134 36243 37211 37645 37926
5884 13782 35724 47287 53177 55359 57604 61515
5885 37328 46035 61775 62143
5886 41839 43853 47322 49746 57647
5887 4741 5539 11876 16441 16443 17175 19096
5888 3341 47296 55690 56672 58266 58300 59714 60703
5889 6644 6843 11590 28303 31887 31920 37666
5890 1391 1393 22850 31003 35021 52917 53080 54353 58637 58640
5891 7931 7932 21932 25356 25517 26365 28640 39549 51041 54591 56132
5892 22502 22601 22777 23006 23113 24861 25252 34388 48133
5893 1235 39383 39401 39899 46196
5894 6015 22936 23209 23228 24047
5895 12023 39103 61449 62178
5896 6166 6289 6290 42051
5897 16710 17314 30294 30335
5898 35756 41530 54601
5899 8963 37964 39820 45079 51604
5900 11196 13995 17145 17831 36383 38673 41302
5901 31696 31697 31713 31737 31762 31995 33171 53085 53092 53554
5902 4139 4140 4141 4142 59173 59176
5903 33362 39435 39437 40633 54606
5904 2101 12878 14654 39629 39673 47750 55277 57002
5905 1153 1174 1303 1314 40031 40036 43918 44089
5906 7179 14251 23264 29440 46413 51951 53390
5907 6777 14713 14854 14855 35480 39991 45622 49409 51210 51337 51417 51441 51670 51856 55118 61061
5908 828 7486 9582 18772 23880 46126
5909 3334 14030 23309 38954 40753 41140 43846 58987 61846
5910 33042 34468 45574 46273 46356
5911 7509 13814 15074 26210 26212 27155 27257 31192 40227
5912 3764 37898 46737 60533 62262
5913 7948 8244 8474 8580 8965 9014 22601
5914 16163 16189 19397 29924 30218 33826 33925 34144 34186
5915 1492 16463 22811 34000 41708
5916 4110 24767 40035 40456 48468 55289
5917 3547 12037 13499 20891 49366 51048 51879 52573 55896 58993 60919
5918 1472 3552 48198 48199
5919 37325 38742 41747 42235 43807 57092 62437
5920 45939 47118 47225 47228 51521
5921 16162 19405 46968 60844 61379
5922 5595 6681 29125 29198
5923 12860 39307 42674 53002 53221 59014 59021
5924 357 6767 12261 16809 17316 17681 25378 26001 26163
5925 8866 9331 15891 23127 48943 51296
5926 1165 1309 3558 62462
5927 802 7899 10142 10143 11269 24956 29096 46578
5928 41536 42763 42764 47461 52792 53922
5929 39806 39807 44514 44515 53043 54362 54589
5930 4754 39985 41032 41887 42456 44155
5931 1366 8440 9080 15718 49134 51856 61574 61806
5932 9682 12014 16928 18534 18613 24759 30841
5933 33743 34835 61150 61589 61939 62070 62108
5934 6053 6094 6148 6200 7605 7977 9755 30625 31642 32077 48746 48754
5935 3217 18249 19271 42767 44707 48296 54572 54584 60820
5936 1330 42017 42428 43651 48265 56143 56361 59110
5937 13241 18559 19950 22688 22689 22690 32590 34348 58115 58725
5938 41646 48176 58679 58681 60970 62667
5939 4492 12776 48396 49279 55904 55909 56523 58088
5940 43111 43119 48359 53274 53469
5941 15162 55943 55944 57348 58372
5942 35448 50362 55206 55207
5943 55189 55935 57781 60022 60077
5944 20990 49981 56238 61730 61790
5945 13185 30365 32238
5946 10430 10476 10489 16994 18989 19467 47564
5947 1181 7846 59343 61943
5948 2193 14638 14704 14729 32174 32524 55029 58797
5949 3682 21399 21689 23101 23996 30984 30998 32957 32958
5950 41599 44381 44382 44388 44389
5951 2570 20379 26707 32836 48616
5952 10136 15235 16569 17875 17945 18050 19602 32002 32546
5953 10113 22397 35502 38961 46581 46892
5954 17273 41253 59811 60240 60413
5955 6176 12114 24578 48269 48750 48783
5956 3452 9979 10148 30930 46347 53192 53194
5957 14949 35608 35749 36245 36459 36460
5958 465 9986 16371 18523 18887 19427 30571 49177
5959 11187 11267 11347 11349 11365 11403 11411
5960 54875 54987 55769 57383 57385
5961 21278 21880 21992 23756 30597 40184 40185 40238 52322 56391 57774
5962 40433 41906 55001 55173 59201
5963 4268 27963 30929 54475 60280 60285
5964 11319 11341 23708
5965 43302 43303 43306
5966 9937 23276 23624 61501 61512 61961
5967 1454 39466 39885 41071 41325 41807
5968 13095 57083 57920 58231 59333 60292
5969 32436 37022 37495 37790 38170 38172 43913 49262 49367 52526
5970 56157 56161 56164 56180 58514 60721
5971 1607 26199 26214 26229 26375 26679 26797 48627
5972 16812 19592 23105 27624 35936 48416
5973 1419 3595 4026 24274 32489 52807 61627
5974 15129 15130 24317 24338 24339 24443 46536
5975 3551 50565 56892 57205 62469
5976 442 6661 9311 14985 25292 39641 49097 54524 58489
5977 35702 55533 55535 58363 61292
5978 54639 55934 56426 59704 60125 60318 60320 62449
5979 1236 16756 21032 33657 35596 48345
5980 34330 35963 36140 36430 36845 38568 38570
5981 17105 17305 17546 17759 37080 37082
5982 4236 11964 12021 12361 22860 37422 38731
5983 45520 46543 62268 62416
5984 59521 59719 59820 60082 60852
5985 28506 29028 32833 36832
5986 6904 7325 29745 29756
5987 13460 20319 35115 37417 38632 38634 46865 52776
5988 838 11761 37110
5989 16292 16293 16296 16374 19485 54608
5990 2708 11537 28683 45308
5991 8310 20615 35719 38128 56385
5992 8158 8458 8460 10299 21261 23778 24353 48622
5993 3753 35256 35302 60417 62486
5994 22114 61392 61433 61473 61941
5995 4397 8692 11080 11939 21041
5996 10086 24555 26409 26500 26501 27182 45085 45258 45274
5997 14559 36453 37712 50374 56244 57973
5998 9466 10935 10968 10998 22245 25395 25555
5999 1444 34687 35757 38176 46705 46871
6000 11817 23525 23629 23703 28392 60777
6001 24073 24507 24508 24509 24510 38112 38114 56406
6002 55491 55925 56622 56625 56628 59828
6003 15546 16051 16083 28237
6004 1663 35083 35228 39155 61916
6005 1890 5035 5039 12786 14046 39631 40073 40081 41271 53213
6006 31218 58138 58421
6007 41628 57314 60581
6008 1334 1521 1548 5586 5786 31074 35518 37546 38832 48404 61187 61377 62115
6009 36092 36264 36647 37270 37272 37904 37905 46701
6010 33793 34920 45604 47981 48039 48152
6011 1365 1491 27055 34989 35072 47440
6012 4392 12402 21279 47550 54478 54975 60644
6013 2772 13908 15595 33499 41492 50998
6014 11819 11855 50892 58310 58338
6015 34963 37741 42522
6016 329 29557 30701 30906 53845
6017 2636 5403 7161 7494 19446 26140 35855 37754 37836 37860 38236 38338 43017 43026 43115 49875 52641 54803
6018 38077 59219 59256 60395
6019 10750 41832 41916 53647 55633
6020 13247 13249 13952 14203 17069 17358 17435 21547 21549 21552 21665 21732 22282 22374 22984 23320 23762 23864 23990 24015 24163 24276 24370 24411 24412 24647 25181 25502 26096 26404 26438 26480 26483 26484 26701 27223 27248 27309 39006 39511 41081 41308 41446 41473 42459 44341 44840 44903 44916 51497 51498 53556
6021 14843 21368 23779 30968 49638 51638 51655
6022 3005 3065 40075 43726 52065 53309 58701 58972 59985
6023 30655 36884 39823 40060 40090 54004 54016 54017 54022
6024 2615 35828 35831 38465 49914
6025 30391 35141
6026 2364 30110 32766 35011 47703 51840
6027 2596 2731 4255 23159 23209 23212 23529 23590 24789 27890 30097 30996
6028 13392 14148 22007 22021 40001 41448 49225 51566 52103 52475 52636 52949 52960 52971 52974 53284 53400 54613
6029 4505 6619 15594 28510 33088 45559
6030 37159 39904 40599 42161 43237 45475 46032 47235
6031 6465 6552 6559 6561 6716 15545 15550 15660 15778 15878 15901
6032 5908 26853
6033 18443 18560 19725 20590 48665
6034 22605 23608 23609 25433 25750 25875 52233
6035 52489 54290 58900 59997 60165
6036 5400 17373 17719 17754 51225
6037 2377 4463 8459 8460 30698 30827 46555 49933
6038 11824 37620 45312 47425 57922
6039 4450 27776 27795 45295 49346 51318 51823
6040 1108 3154 3966 34981 35754 37728 41686 42505 46775 47485 50032 50041 60733
6041 55658 55659 56625 59330 62407
6042 39961 39973 39975 42822 58835
6043 31014 35796 36684 38386 55483
6044 28106 31290 34504 34564 50168 50169 50172 50173 50174 50175 50176 55161 55162 55163
6045 12746 12870 12894 14121 39326 39644 40757 50732 59163
6046 35494 35639 35962 36421 37345 37507 38062 38541 38623
6047 12785 13473 15128 16902 22092 25582 26063 31734 40646 47525 48506 51463
6048 16138 19666
6049 11576 11639 11658 25464 36376 51932 51933 52162 52210
6050 4060 41657 41658 43810 52998
6051 31354 35903 36569 38779 50566 55327 59177 60539
6052 13759 15030 21079 26348 27464 27467
6053 12301 16262 20758 45071 45256
6054 1278 34933 34953 37404 38646 39578
6055 1136 2237 10022 12124 29093 39776 40925 46488 52930 53105
6056 28865 29082 29098 29146 29184 31177
6057 36662 45355 55575 61643
6058 40673 42399 42400
6059 16924 19481 19849 38391 50768 61769
6060 16227 17658 17679 17732 18296
6061 2677 2708 5457 5497 5508 5958 7550 8965 13776 25918 29909 35159 38693 44946 45341 46522 47332 50869 51356 51797 52663 54312 54685 56878 56880 56884 60033
6062 209 1203 1311 29542 35475 36511 37258 38478 38631 38785 38800 49503 60775 61067
6063 12822 38989 39047 47495 54095
6064 30499 55288 55748 55868 56344 57704 57921 58308 59699
6065 1072 9046 9499 11500 22179 23770 25150 25438 30125 47821
6066 18882 26045 26046 26322 27083 42901 47501 53689 53690
6067 14554 41116 46463 55573 57884 58947 59278
6068 34385 45656 46458 62047 62234
6069 2891 6001 12034 49521 57733
6070 6952 7185 23434 25314 56916 56930
6071 35396 36756 36827 36907
6072 18449 19902 21485 21489 21668 27039
6073 210 16729 18295 44990 45050
6074 37264 48226 48287 54724 55344
6075 53 13134 13341 34705 34755 40655 57050 58309 59271
6076 16259 17968 21974 22279 30683
6077 13545 37069 42634 42775 44622 60972
6078 8127 8852 21476 21622 22590 28896 28984 29059 34354 34668 55417 55419 61887 61931 62079 62080
6079 6060 6139 6219 16571 16955 18004 22133 22932 23735 23822 25870 27764 27792 49118
6080 19222 50981 58998 60363 61867 61869
6081 15301 37924 40585 44714 46997
6082 11436 11471 31929 31930 33153
6083 17843 18732 20761 21423 22027 30598
6084 1257 39621 48508 53437 54728 54731 58566
6085 16561 17532 19164 24345 24761 31636
6086 16262 18595 18674 45494 58878
6087 15224 19470 19589 21145
6088 8550 40729 42826 42893 53943 58102
6089 40322 40448 40545 49448 55618
6090 33863 36884 50600 50992 58239 61618
6091 3866 6089 6370 7768 9842 23970 29050 33527 46928 49124
6092 6460 11493 15410
6093 25066 36443 37038 37210 37717 37720
6094 7196 7962 8017 10036 30775 48794
6095 22731 23097 38034 55721 56136
6096 4477 7271 8362 19017 26763 29463 29750 44952 58229
6097 3517 18571 20707 26771 26866 38962 61162
6098 12230 34733 34734 34735 61817
6099 56 57 7949 12233 15196 20889 23120 33517 36003 36441
6100 4628 17414 17450 17729 19709 20511 20523 20917 21065 21121
6101 36601 36602 56213 56231 56241
6102 3409 54008 54642 56479
6103 761 28232 30433 30803 30826 31885
6104 4882 8249 8425 10016 11332
6105 17028 47734 48131 55799 56665 58035
6106 21380 26060 26692 27737 31102
6107 2518 2883 7157 9210 33109 49810 49811 52083
6108 9692 23119 33319 51280 61023
6109 3241 3469 3470 55772 55804 57134 60359 60837
6110 2679 6706 12213 12529 21810 36264 44417
6111 14279 38490 55489 55851 56718
6112 3986 4036 40937 41368 42941
6113 3900 4168 4171 4839 5146 5367 16657 17149 20234 20358 20782 28483 28620 28687 32827 33305 33378 39257 46984 48035 48150 48279
6114 449 634 15701 15728 16030 16100
6115 49862 50953 50954 51085 58189 58191 60588
6116 1511 1515 1521 36611 38182
6117 779 14938 29140 37291 38719 38922 41440 44731 45936 58716
6118 14654 15062 44020 44045 58262
6119 593 6416 31162 31293
6120 10619 39724 39725 40012 40604 40708 41008 41326 41616 42183 43026 43431 44203 44445 44446 44447 44453 44454 44506 57004 57172 57274 57741 57846 57923 58292 58368 58584 58700 59700 59708 60344
6121 4108 14134 35356 45346 54791 55016
6122 10706 14350 41881 42512 42830 44429 50341 50342 55552 56876
6123 7635 8156 8561 8583 8584 9018 22777
6124 4732 24575 40385 42116 43108
6125 18748 25154 48710
6126 40971 40973 41129 44029 53881
6127 5606 26172 28773 44041 44050 53642
6128 2931 10137 10156 10157 25319 25320 25860 25861
6129 400 498 638 903 6651 15357 31258 35245 35363 35505 45302 57802
6130 36022 36115 36819 39118 48644 51028
6131 1444 2901 4403 10582 36407 50831 55575 60234 62033
6132 61055 61410 61525 61662 62008 62062 62184
6133 24794 50540 56003 56495 62250
6134 8023 8569 8695 43331 43785
6135 3847 5911 11915 20254 32727
6136 30974 30975 34750 40404 41748 42500 59014 59274
6137 8105 24498 25896 31905 32669 33237 45832 46003 48830
6138 1124 1570 14153 42993 46190 46191 49487 58128
6139 4125 36368 40045 44516 47380
6140 3308 17361 48344 50702 56471 56812 57173 57174 57175 57176 58576 58685
6141 8475 17071 17554 17787 20572 35384
6142 19915 20357 20844 25739 49432 58319
6143 5154 17085 18905 26034 28771 31461 50182
6144 62042 62043
6145 18134 18136 22522 22873 33497 52684
6146 1810 12726 15893 16284 20635 33248
6147 3494 3495 3496 13318 13725 14378 14423 16564 33214 33220
6148 26142 26242 26319 26459 48197 58389 58390
6149 3456 28816 28871 28957
6150 49523 50063 50187 55157 56587 59293
6151 295 629 28232 28258 31938 32455
6152 4704 5628 23972 24157 24395 25899
6153 39353 40327 40329 40670 41174
6154 31482 31483 31921
6155 42572 42573 42575
6156 7008 7280 7961 22199 26419 26448 26449 26450 26467
6157 637 9561 10683 10752 31608 32891 38139
6158 13221 33996 34470 40323 41254 42164 43915 49642 58715
6159 17912 17913 17914 17915 43243 59203
6160 1677 34184 34188 38580
6161 1741 1845 2030 2031 2032 2033 2050 2051 33413 47639 51621 52591
6162 14418 29770 61209
6163 3300 3311 3317 6197 27886 27895
6164 11838 16376 18583 18699 22056 49090
6165 561 581 7853 10363 10381 11298 11312 29255 32674 46500
6166 1484 1621 39541 42423 44194 44436 57109 57868 59510
6167 6389 6817 6945 7151 7808 7863 41189 41190
6168 43158 43796 44193 44197 53409
6169 14045 36610 36893 36894 37146 37149
6170 21999 22420 22421 22445 23172
6171 14193 14277 14281 26049 26180 30943 42003 61451
6172 15833 29851 29870
6173 29223 31611 31612 36641
6174 18938 21452 23928 31706
6175 1690 9684 10725 23339 23759 29922 30194 33286 45203 52043
6176 7872 15145 15177 18311 19159 23969 27551
6177 15458 15694 18133 18214
6178 131 8600 8603 11437 11528 11878 12012 12013 12155 12187 23598 61786 61837 61912 61931 62027 62178
6179 6918 7389 17119 17199 20248 26278 26492 32070 32828
6180 34641 34990 35008 43721 60447
6181 10036 18934 22293 22294 24095 25814 40513
6182 427 5183 5330 5490 5499 5774 28456 28542 28670 30587
6183 61358 61434 61623 61699 61702
6184 9116 36814 36815 62099
6185 12427 12482 33593 38633 53789
6186 12258 25623 28247 62552
6187 13785 14043 40416 43068 53304 54017
6188 4443 12989 13078 48637
6189 55588 55634 58722 60549 60944
6190 423 514 2146 9144 15358 15857 24223 26789 27300 28994 31166 32324 32724
6191 437 2072 15638 15770 15849 32261
6192 1027 3740 46277 48280 57708
6193 18828 29518 52178 57979 57980 58597 58600 59450 60464
6194 16370 16551 18280 21207 31101 33201 42968 43499
6195 2945 4086 31093 35884 48360 62005
6196 1590 31196 35195 35585 39262 61206 62254
6197 16067 16074 42027 46873 50271 50273 50275 50276
6198 3118 50109 50110 50459 50712 50714 58467 58470
6199 5514 11394 19700 20708 24252 24257 25934
6200 888 41949 42191 42783 43475 43476 44215 47998 48058 48079 48110 48111
6201 46960 61780 62127 62218
6202 8830 23653 24226 24748 24933
6203 1807 6843 8061 15716 48822 49189
6204 7875 9453 10420 22440 29541 29544 32898 33280 61323 61476
6205 1670 14939 31089 32520 32812 37837 40839 47948 53150 55287 62640
6206 3834 11142 11227 23877 24772 25302 25590 25698
6207 6505 31269 31324 37880 47549 58950
6208 7856 8213 8570 9072 33399 46454
6209 4183 4184 10701 10738 27708 27711 27712 32071 42846 51876 57928 59147
6210 11033 11410 16413 17163 17302 19537
6211 11914 30494 35647 46689 60638
6212 55569 55570 55759 60718 60896
6213 13564 14523 31011 31012 31013 35859 40037
6214 14983 16457 23616 25279 25280 26010
6215 57080 57616 58310 59261
6216 432 577 615 6481 8927 11532 49999
6217 13899 18042 39871 46145 46146 55658
6218 18810 26821 26822 26824 34410 35663 49791 50729 51040
6219 2409 4700 11604 11704 49507 49529
6220 4234 5605 7943 8765 21730 26998
6221 30455 40628 41414 47116 47715 47880 55468
6222 5032 6544 24065 38355 46039
6223 18145 18628 18653 22106 22975 25222
6224 33026 56506 56550 56556 58727
6225 1903 2055 2796 8074 9091 13138 23350 24243 39711 39740 46815
6226 29581 29582 29583 30084 49782
6227 12919 16149 16150 29309 29319 29769 39506 39846 45967 58093
6228 746 6281 9457 9596 10756 28045 28047 28083 45760
6229 41181 42445 55660 59175 61411
6230 39300 40384 40731 41003 43536 45992 46720 53319 53587 54178
6231 12557 12673 12692 45277 45332 52282
6232 15077 21293 27174 30671 33567 42210 42276 43762 53821
6233 36502 39594 40516 54394 61451 61626
6234 4659 42527 43710 54778 58971 60337
6235 41175 41181 42833 43266 49306
6236 7070 7230 16333 16342 16354 27111 27321 27570 30719 30819 43201
6237 2220 44867 51550 51551
6238 12414 12447 26116 35061 48597 48646 55227 55755 56927 60208 61118 61134 61136 61385 61498 61683
6239 13308 36883 45833 56758 59641
6240 21320 36507 53115 54603 54624
6241 4496 31008 34187 36878 38654
6242 3408 47929 60920
6243 8306 32998 33260 48916 61055
6244 29069 34181 50157 50367 56711 58959 59449
6245 16753 16922 18907 19978 21693 26358 27285 43096
6246 10939 10962 10963 10991 47589
6247 5208 48666 52323 57340 57861 60480
6248 3911 22827 23009 30789 30816 30819 30856 30892 51635
6249 1725 23416 23944 24082 24238 61110
6250 9984 10120 10211 30801 30846 48835 51191
6251 3457 3490 28608 28689 60755
6252 422 829 4383 4516 5691 36424
6253 33630 33634 36082 38894
6254 10700 13837 37371 39766 41873 42042 42924 43672
6255 22250 22350 22974 23826 24826 25361 25469
6256 8737 19761 20923 27771 56328
6257 917 4455 4526 4540 4861 5008 5287 5731 5967 6333 6344 6454 6710 6712 7757 10464 10677 15345 21417 28910 30428 30450 46646 48384 48395 51174 56070 60639 60674
6258 4904 8905 9484 9568 10390 14986
6259 8881 9636 15405 24357 24910 25969 29623
6260 9803 19227 24146 24147 25675 25910 32515 32517 52954
6261 1610 4532 38013 48444 54007
6262 2196 21871 21873 24141
6263 12815 14541 40485 41780 42170 42172 42665 43738 43893 43896 44181 44449 44539 44684 47945 47946 48018
6264 2544 15576 15725 16079 32189 32691
6265 33887 33958 34869 34888 38229
6266 8299 8814 9254 19958 23358 23564
6267 4225 5271 8251 9995 9996 10097 10098 25275
6268 17565 17566 20078 20434 20606
6269 492 544 627 737 28830
6270 2127 18333 18363 19078 19129 19366 21420 22080 30814 30819 30940
6271 33788 61929 62131 62182 62300
6272 15472 15592 15846 19309
6273 5620 5926 12906 14738 14813 25555
6274 1905 30287 30375 31723 33060 43117 46711 49780
6275 2658 12032 22657 23282 29838 32492 33510
6276 26769
6277 35555 37532 47435 56363 59172 61221
6278 31559 31614 32135 32468 37473
6279 5172 7996 27522 27531 54490 62162
6280 57413 57417 57851 57852 59513 59514
6281 4755 4771 5221 5510 11801 18991 21546 22217 22218 22881 24221 42537 44210 59411 60419
6282 1444 3767 4076 4477 43302
6283 1712 2548 2552 30235 32963 33293 35143 47643 51632 61473
6284 1870 4840 4857 5703 6351 6559 11158 12079 15411 15918 20955 27933 27951 30023 34757 47707
6285 9579 27027 27345 27346 43949 49966 49970 52959 53030 57756 57757
6286 1402 14027 31023 34477 36834 62435
6287 35989 36011 43129 45821 46261 46264 46267
6288 35851 36585 37616 40461 41025 51438 57901
6289 8024 27639 54007
6290 1538 4418 57798
6291 22342 22748 22822 22826 25175 25491
6292 11843 11846 11848
6293 10247 10306 11685 15975 19143 30332 33022 35350
6294 35920 36258 36259 36260
6295 15125 30750 30897 30980 30981 30984 30987 30990 35798 45187 51415 51571 53431 55043
6296 3007 7233 8599 9689 12272 12274 47159
6297 5653 5791 31394 49976 51178 51187
6298 2450 14248 20006 20220 21212 21986 22030 31350 35981 58678 59450 59505 60440 60442 61609
6299 14422 14598 42422 56196 56769
6300 2117 15788 17256 26402 34184 34185 58527
6301 16937 17683 32106 40390 40591 40592 40601 40614 44739
6302 10424 10427 10446 10466 10509 61245
6303 4671 5597 11432 11433 26780
6304 16225 26058 27217 50222 50224 51597 52128 52645 56900 61447
6305 1055 14245 37196 37730 38227 42235 50979
6306 6018 12319 51513 51777
6307 839 23305 39815 40051 53233 58956
6308 10815 10824 10835 21818 26039 26293 56211 57613 59025
6309 28540 28640 30886 30984 35780
6310 15528 15600 15698 28280 28284 28285 31783
6311 16090 35323 53161 62378
6312 14840 20253 20597 27642 33450 39394 42795 43764 50374 53058
6313 4620 8784 9224 10286 25527 48813 49078
6314 17126 17624 18962 19052 27582 32699 61887
6315 41664 41665 41801 42900 43501
6316 3228 3545 13643 16554 19939 53501
6317 30203 32491 33410 33417 33418 33419 45012
6318 4483 4834 10978 13347 20113 22394 32135 32752 32806 33155 33386 40457 40467 46990 48516 55942 57922
6319 3810 32497 33355 50789 62610
6320 6056 7466 8063 22760 23004 24298 24358 25411 25462 30843 37167 39019 41864 43202 44105 44351 44352 53036 53067 53360 53927 54168 54169
6321 5170 11070 15987 32465 45185 48484
6322 13220 34603 50867 51061 56552 57915 58162 58308 60589
6323 5213 5268 5311 6325 10952 11130 11924 11959 11979 18352 22674 23324 30194 30545 47432 49334 50925 51253 51310
6324 2308 4673 5251 5931 6011 33818 34959 38379 45348 46185 47870 48102 52186 52310 62671
6325 36153 49836 55024 55365 55984
6326 34193 49581 50541 55626 60437
6327 6865 16226 16709 16713 18469 18470 20519 24870
6328 57308 57412 57872 57876 59072 59542
6329 1439 28918 28964 30291 30306
6330 1652 4386 11608 11948 29447 29497 29498 29724 29733 49287 49455 49851 49947 56571
6331 2558 8576 14327 15246 31065 52408 53896
6332 86 31601 46252
6333 47062 56813 61229
6334 1372 7313 7663 30837 33617 36351
6335 24760 24864 24865 25165 25166
6336 14921 14931 15683 18624 42874 48743
6337 13998 42283 43625 43640 54226 54652
6338 4355 7711 13663 24625 41338 50888
6339 1056 1061 36427 62490 62491
6340 33608 33977 34235 34276 34657 37194 47045 61378 61810 61909 62228
6341 1487 1575 36244 45604 61411
6342 3903 7189 7365 7452 10352 33432
6343 23544 25056 25691 25907 26000 32394 32833 33386
6344 14054 14186 39048 39978 42935 43118 43746 49568
6345 13182 14091 38248 52689 57253 57254 60784
6346 36883 36885 37268
6347 9798 22809 31379 39878 54611
6348 17073 31522 31811 31812 35094 49486 60257 61287
6349 28311 35385 37698 37700 46199 46313
6350 1256 2475 7105 8197 8354 10676 23821 30046 45614 46442 61392
6351 208 1655 22854 35800 52970
6352 13217 13218
6353 365 3149 31953 35318 35328 40066 46389
6354 12536 41428 42836 42837 45966 61449
6355 6702 8902 18525 48832
6356 7641 8518 10387 18792 29661 29821 55328
6357 1224 3261 36801 40266 40789 53853
6358 28288 29180 31232 31241
6359 31062 36917 50155 50762
6360 1117 1253 1266 1268 42789 44190 44191 46610 47559 53145 53215 53272 53285 53321
6361 70 1164 3587 10265 10990 13562 15505 16433 19479 28116 40200 41277 46817 52492 52613 54747 54810 54811 57085 59412
6362 42581 43231 43363 43490 43612 43613 47588 47696 53605 53734 53735 54465
6363 27 2733 15148 15149 15152 15153 15154 35581 35598 35692 36002 36618 37279 39086 49663 49878 50656 50787 50816 50968 50969 51059 51069
6364 1754 1755 5362 11247 11257
6365 12053 16405 16585 17800 17858 24200 38373
6366 33821 41974 43152 44393 53612
6367 34647 36361 37788 39042 49668 51112 56263
6368 5293 5295 12459 12460 51577 52069 52403 52571
6369 12523 13566 33736 36193 36538
6370 4170 4172 9167 35660 41752 42215 44183
6371 37894 39485 40649 44451
6372 3643 3658 38532 49942 54881 60405
6373 29694 43017 54522 54603 54624 61573
6374 28340 30091 50357 50886 56091 60974
6375 34954 39474 41421 54955
6376 1190 3525 14796 30325 35251 56337
6377 8361 34263 43663 43664 50795 53264 53567
6378 20535 20652 20653 27960 55275 55279 60127
6379 3548 34188 40761 40762 48234 62481
6380 141 3896 4542 4672 6426 6650 11464 11480 11616 21806 21807 30240 34453 35134 46674 49238 49784
6381 2228 56773 56947 56954 57890 57893
6382 659 2419 6363 6378 6390 6539 6543 6731 14620 15995 22913 46957 53021 56910 58165 58166 58167 58882
6383 14670 28509 37474 50064 55057 56367 60616
6384 42219 42589 46617 47469 58769 58889
6385 3468 5586 13637 33477 39794 40301 42221 62459
6386 36268 36391 56624 57245 59536 59702
6387 1786 1788 2595 7451 8362 13806 30136 46274
6388 9027 27591 27606 49105 49176
6389 584 4586 10431 37949 42209 49783
6390 2639 44003 44004 54017
6391 17426 17530 20331 20565 27442
6392 8459 22580 22870 24563 30479 32342
6393 2853 2854 14440 26079 54711
6394 152 6699 16073 27641
6395 10680 56694 57180 59114 59379
6396 1030 3612 3615 38198 47369
6397 18815 45066 45103 45132 45226 45328
6398 677 12729 19901 37053 37054 45914 50628 51002 55141
6399 60899 62458 62532
6400 1337 1515 1528 22199 22200 22366 22601 24351
6401 1234 37770 41730 42153 42980 43228 44547 44639 52920 53474 54100
6402 3068 18458 19170 50358
6403 48 49 3811 36472 38525 38732 45269 45270
6404 1029 5147 13831 30498 51504
6405 31071 34604 35613 37810 41019 44722
6406 29273 29275 32493
6407 34048 34327 34397 34474 43331
6408 4879 5205 5867 17446 21418 45639 46427 47021 47090 47112
6409 1431 36880 40063 41744 42348 43107 43256
6410 8472 9169 9756 10781 10822
6411 9030 11330 52648 53680
6412 7107 8040 8790 8995 10034 10475 16311 45164 55151 55413 58083 59018
6413 19804 21192 21194 38395 51189
6414 12887 12888 12935 13702 13844 13977 14709 14775 14892
6415 256
6416 54733 56235 56320 57123 57550 59340 60331 60973
6417 4778 8558 9048 10196 10234 11962 12116
6418 4174 14422 25234 43507 43955 44541 49555 58285
6419 38120 38121 38320 55377 57980
6420 13114 36765 39264 40255 40570 40864 41558 42255 43366 45671 46823 53539
6421 5710 45252 45335 62447 62554
6422 5649 6798 7810 9618 9817 9877 10130 10366 29417 30691 34167 38745 43674 51160 52667 53460 59222
6423 7261 7533 7586 7587 7668 8299 8891 8897 9558 9559 24514 25476
6424 12126 21359 21365 29860 30787 34631 38501 45179 45235 46325 56190 56415
6425 33709 45787 50236 56950 57484 58109
6426 1145 2750 16014 57739 61439
6427 40431 43020 43414 46624
6428 59279 59303 59611 59621
6429 25785 35052 35223 47157 62414
6430 201 36019 36548 38876 39078
6431 35577 40449 41950 42999 43192 48082
6432 326 415 580 19809 24124
6433 36188 36189 52973 61138
6434 12786 16995 17058 35988 39963 54760 61729
6435 3680 3681 50229 59175 61147
6436 5277 5547 9115 9316 9497 9950
6437 9266 15352 15558 15819 15862 16005
6438 34183 34337 46258 46861 61016 61168 62653
6439 2455 2456 35615
6440 17029 17030 18169 18170 19058 19059 29913
6441 347 2008 6063 31548 46256
6442 4894 5428 5446 5549 13337 14866 36693 37693 41086 44473 44809 44812 44834 51530 51698 53386 53836 54547 59194
6443 3872 37372 59927 59933 59966
6444 506 540 667 755 793 794 858 7211 7283 7782 8801 9122 9422 58017
6445 4873 22807 23837 23838 25936
6446 16737 19452 19507 19926 20274 20392 20672 21115 29442 29460 29565 29738
6447 61079 61090 61259 61759 61863 62347
6448 39569 40076 40613 42124 44564
6449 5193 7194 7207 24279 24771 53655
6450 14059 33869 34296 43241 43482 55403
6451 14300 34764 35520 37438 37923 41374 42910 47336 50669
6452 62151
6453 8710 8711 8713 9649 24911
6454 16666 16992 17484 19152 19153 21295
6455 3992 49965 49975 49996 51282 52010
6456 13223 34188 35351 37039 38448 49670 50993
6457 35897 35898 40339 40426 52849 56224
6458 34487 36855 37024 47982 50134 54088
6459 12416 12613 14439 14636 14711 25449 35062 35108 35410 35693 37678 39902 43089 48564 55320
6460 7809 24769 36086 36650 38093 38645 44391 50975 52870 54098 60414
6461 2151 11499 17943 47695
6462 13240 24199 41789 50749 52992 53053 54459 57286 57287
6463 43069 43117 53434
6464 20544 20576 39252 48435 48509 48527 48610 48611
6465 12857 40724 40938 41695 43160 53732
6466 262 1239 2836 6409 6525 6526 6719 10820 11447 28027 29170 29276 31238 43097 45662
6467 1239 5248 5250 44437 44438 44439 53930
6468 10872 10873 23539 34394 57619 60686 60692
6469 6737 11147 11215 23890 24430 31682 32065 32791 32882 33382 33422 51475 51478 51481
6470 7795 9922 22122 31852 41291 44681 48927 54603
6471 37987 38678 55033 56953 57584 59496 59500 59808
6472 6708 29032 45056 51837 53757 53779 53942
6473 5180 6706 16530 16531 16532 16535 16821 16861 16862 17629 17722 18733 19289 19300 21733 26094 26759 49948 50515 50629 54120 60735 60747 60826 60845 60982 60995 61001
6474 27078 27079 42951 49488 49501 49567 49649
6475 30748 30911 39797
6476 8065 14372 22711 27210 43508
6477 3077 3898 4698 6609 6620 6784 24959 25236 29244 30226 30534 53295 55727 56470
6478 18977 26341 26525 26560 29994 51753 54888 59517 59999
6479 6212 6213 6256 24239 28364 28366 28367 28444
6480 6762 29910 30017 50177 50637
6481 11837 23215 23628 23702 43059 43167
6482 46160 49361 50104 50820 56998 57117
6483 40755 43917 62718
6484 1569 14878 22079 27950 51754 51968 53452
6485 3488 23732 35431 55602 56369
6486 20563 32126 32127 32128 32130 56419
6487 3138 36874 46182 47317
6488 7941 8352 23062 48323
6489 1606 31028 39742 56125 57922
6490 55888 55890 56614 56633 56676 56736 56799
6491 35068 35114 35325 36215 47793 47915 47921 48161
6492 7094 18263 18446 22502 60065 60562
6493 39948 41037 41476 41477 41649 42839 42840 42841 44705
6494 2818 8965 11259 14535 51042 53754
6495 3201 17717 19497 62148 62460
6496 32575 32576 39831 39836 40024 41955
6497 6381 10893 31367 51199 51592
6498 37489 45937 46457 55586 58342 61225 62073
6499 26752 38639 57582 58883 59872 60118
6500 4461 39626 40289 40380 43295 43768 46231 46232 57563
6501 13107 14416 15918 16042 17061 18004 52246 52252 54603 60296 60297 60604
6502 571 584 20552 46606 56451 57098 57449 57596 57934
6503 2464 2524 2525 2728 5270 11626 23125 23126 24027 25886 26015 30025 30068 30069 43619 43694 43743 44221 51852 52395 53430 53849 59087
6504 13313 13590 39366 55353 55760 58020
6505 13327 14943 41917
6506 36888 37214 37240 37599 37638 38234 56628 56629
6507 611 30358 31339 59245
6508 16981 18620 19929 20223 20566 23269 31906
6509 11595 26503 26506 37120 47619 56858
6510 4217 5504 37479 48163 50808
6511 17 8012 19940 35797 38730 47259 55333 61888
6512 32066 32425 32940 33223 33225 48604 49592
6513 20139 50105 55085 55087 59032
6514 1347 1668 31106 35418 36749 47911
6515 6397 6643 8907 23087 27549 30283 46577 53763
6516 7350 8050 18654 18663 18664 19541 24341 25032 25037 25039 25093
6517 7553 22354 22355 23720 24674
6518 1760 1932 2957 8909 28818 31549 32526 45445 45902 46227 51671
6519 29185 57607 58277 58574 58575 60365
6520 3808 8039 9288 9532 10043 37177 37178 61149
6521 6913 56004 58205 58215 59935 59965 60035
6522 798 4952 8286 21046 25940
6523 13271 31740 32067 32528 32934 35957
6524 8113 9058 10253 24316 49193 49197
6525 2288 2363 2452 2920 28055
6526 7083 14762 14955 41797 44248 60879
6527 6917 7620 29583 30588 30591 31083 37414 48403 48502 49708 53949 55428 59022 59023
6528 48575 48622
6529 31574 33357
6530 13827 14124 14206 14590 35393 51865
6531 7525 9329 11207 24365 61424
6532 36717 36718 38190 38536 39060 39061 39062 39063 39075 39076
6533 36744 37001 37435 38036 39753
6534 15347 44982 44984 45266 46630
6535 41841 43237 50531 53043 54004
6536 3906 4015 5484 34187 34188 44804 45778 53430 53457 54119 54517 56441 56962 57388
6537 8397 13956 14233 24784 25177 25677 26668 27828 27845 49427 52430 52431 52432 57762 59806
6538 5637 5748 5785 7393 7944 8791 9038 9663 14457 23326 23866 28485 28594 56097 57727 57844 57932 58863
6539 2207 2789 2839 2840 2841 2961 2985 8981 19917 20284 20808 28649 28719 30019 30099
6540 13656 14244 23188 31160 39949
6541 401 864 1144 2977 53558
6542 49686 56668 59144 59429 59818
6543 28923 30180 33330 61366
6544 21318 23123 42641 42835 43118 53333 56570
6545 55188 55921 57362 57969 59680 60462
6546 6967 33931 37154 37350 39242 61328 61373
6547 8599 8601 15525 53984
6548 4273 17641 17840 26782 44848 44908 56780
6549 5535 9501 10236 35789 35791 38132
6550 44333 44779 56889 58844 60372
6551 7526 9571 9761 24669
6552 11322 11444 18627 23310 30151 30423
6553 42838 50391 50394 61702
6554 8969 10327 24128 24129 25257 27232 27832 27849 39621 53043
6555 1247 1249 7701 9900 12600 24048 24634 25916 29914 47170 54174 54681
6556 2475 30754 30961 37156 38928 47527 51231 51736 52053 52609
6557 8982 10068 18937 19097 21780 32174
6558 23742 25815 49795 49798 49843 49986 51385 52675 55628
6559 47362 49217 49223 57423 58365 59815
6560 29372 29400 29475 29646 62598
6561 29463 48069 49839 49964 59837 60223
6562 35508 35966 37457 38267 38268 38302 38491 38896
6563 17767 19764 20156 20429 20920
6564 5723 29485 29593 43307 43310 43311 43313
6565 10512 33143 40287 40293 40295 40302 43749 44593 44788
6566 5315 5808 30711 30850
6567 5844 5845 34762 37183 38030
6568 22745 36875 53396 53568 53569
6569 37642 50343 50609 57620 57629 61244
6570 1519 15837 31836 41228 60342
6571 4262 5013 5644 6400 12232 25570 27809 44287 52288 55695
6572 33 14366 33557 35390 47366 56352
6573 1275 5591 44981 61030
6574 5291 5838 5968 24476 38409 42517 50790 51254
6575 22329 23458 42383 42533 43224 43225
6576 6006 22683 22684 23645 24121 25423 25503 51793 51825 51906 51979 51980 52049 52124
6577 10556 16244 22031 32696 32697 47859
6578 1320 36954 41399 41555 42591 48213 56086 56298 56569
6579 537 1921 2025 2109 5246 24086 32894 35046 51443 52393 52565 62596
6580 39136 47908 47956 55936 61635
6581 3930 43235 43236 52785
6582 43014 43028 43029 43070 43146
6583 29334 29387 29449 29854 53658
6584 3673 8282 12706 14637 14731 37932 38983 39050 48730 56834 57156 60450
6585 3437 40689 42353 42606 43170 43342 54055 55239 55772 56265 56634 58171 58509 58817 59474
6586 4565 39383 45243 58582 60382 62381
6587 4525 13591 14235 55713 55955 56662 57052 62612
6588 13636 34656 57232 58013 61752
6589 2887 2888 13992 29885 29923 34462 37911 47325 51661
6590 48445 48453 50252 50255 50526
6591 15800 16966 17342 18435 18450 18662 22002 23534 31487 31553
6592 225 54428 54433 54435 62629
6593 11977 12698 12710 12711 12730 62445
6594 5363 34447 37488 47781 48097 50132 50773
6595 25200 31551 34356 50375 61620 61648 61768 62004
6596 4670 5063 49796 49952 52564 59798
6597 34028 35764 38989 42551 53980
6598 23216 23229 26125 27806 27813 29154 30372 33875 62031
6599 7325 25210 28508 31628
6600 2594 2658 29867 50410 50579 56435 57281
6601 39835 50345 50524 50536 50634 50665 50700 50755 50783 50784 50786 50964
6602 1374 3371 12008 35395 35397 37522 37524 48434 48566 48567 48603
6603 4128 4196 38355 38950 39189 41188 56043
6604 22935 23008 31497 32696 32699
6605 13580 14074 14077 35749 39789 40627 41436
6606 29459 29533 29537 29719 29721 29727 42690 50974 57130
6607 40710 42961 53314 53999
6608 7950 11888 28097 28640 30105 30476 31819 33266 34245 34319 45081
6609 20957 40988 53576 53653 54030 54529 58456 58915
6610 32927 35690 38653 49435 55265 56458
6611 23018 23687 23949 25956 25957
6612 9906 49837 49962 50601 58375 58376
6613 22659 22776 24937
6614 619 13232 41135 52819 55878 56734
6615 11536 19121 46263 52250 54079
6616 5424 6681 6697 13159 14356 29016 35748
6617 5546 5548 11078 22110 30021 30552 30743 30744
6618 2703 7873 10164 10379 11077 51251
6619 6906 6966 7520 7523 7524 7677 8254 9717 10333 30984
6620 8591 9793 15512 15513 15514 15656 16258 23892 24290
6621 40202 40325 40326 41109 41728 44732 44733
6622 37979 50894 57603 58038 62002
6623 25374 51552 51554 51990 52249
6624 18043 27124 43205 45283
6625 10040 14473 16717 20567 25983 49089 49491 49493
6626 21350 21351 30653 30684 57430 59384 59385
6627 1575 35197 35270 35651 61160
6628 9232 15387 15469 15535 23062
6629 36315 36316 46407 55724
6630 45695 51136 51221 60702 60888
6631 56066 56339 56340 57207 57208 59475
6632 14395 44271 44273 44794 50360 50794
6633 31645 32917 32918 62721
6634 40163 41439 41440 41464
6635 1542 1606 1620 35973 38123
6636 1049 1143 1202 1254 4632 4660 4687 4694 4699 4815 4957 4994 5004 5005 5025 5070 5616 5718 5719 5733 5764 5765 5827 5828 5885 5887 5898 5899 6578 15329 23589 24162 29024 29025 29097 43378 44854 44857 44858 44875 44893 44924 44960 44962 49829 51220 51227 51228 51377 51426 51649 51956 51957 52092 52125 52263 52264 52265 52347 52348 52362 52377 52380 52402 52422 52504 52537 52550 52551 52649 53404
6637 16822 16855 18505 18507 19967
6638 3429 39869 48011 48081 48119 55134 56991 57416 57920 58675 62570
6639 14803 14805 42177 42813 42994 56197
6640 12098 12252 12264 26627 26628 26633 26634
6641 6014 8305 9562 9564 24799
6642 23946 33348 33350 61271
6643 12916 13456 40019 40045 48237 48295 55331 55854 58594
6644 1402 3945 31040 31082 36753 36755
6645 13664 14311 41675 41676 42007 43333 52910 53823 53970 54150
6646 13280 47754 52830 53012 60701 62527
6647 7007 10669 11129 22201 23020 23312 31515 56318 57286 57446 58034
6648 15831 48584 61280 61442 62229
6649 26222 26225 26464 26794 26798
6650 1789 2899 6623 11923 11946 29072 29983 34318 51729
6651 7337 7912 23047 25904 56725
6652 7321 8605 23254 23256 23258
6653 10324 16328 20915 28574 30182 33519 47243 48973
6654 12743 12892 35654 45405 45768 57922
6655 375 907 6159 6259 6808 15099 15512 22422 22802 24323 24336 25744 27860 27868 29089 29123 30253 38113 45572 49421 49504 52368 52566
6656 48256 48367 48368 49873 49906 49925 49941 55150 56152 56870 56972
6657 7049 7970 22228 22434 22492 23818 24122
6658 14050 14781 40520 42108 51284 52326
6659 46423 53479 54567 56821 61923
6660 19184 30429 36927 38722 61195 61398 62337
6661 14329 14912 42166 44507 61688 62052
6662 3834 12095 35972 48444 62419
6663 18368 18427 19057 31840 32948 33240 33241 33445 43204
6664 23513 23552 25070 25452 45436 45437
6665 2474 4398 24810 25943 30008
6666 35453 38316 46402 52606 54776 57921
6667 1687 1743 1925 6224 23102 24872 54114
6668 11884 12075 21319 34163 34458 45340 54829 57143
6669 39713 55484 60338 60341 60344 60346
6670 2624 26307 30647 42281 43515 43763 46426 48160 49219
6671 4120 13186 39329 39383 43246 43271 43272 57708
6672 39570 40600 43594 43649 44135 44220 44550 45925
6673 12112 12134 45080 45099
6674 47923 48087 48229 49890 49892 49959
6675 17941 36846 39126 47389 62410
6676 4369 4969 27636 33965 35477 35537 40358 61051 62389
6677 14671 24132 50390 60786 62081
6678 29103 35932 36502 36513 36922 47333
6679 3071 3491 8013 22641 30206 36113
6680 8703 8842 9902 36271 36272 38813 38814 50031 50040
6681 1325 1500 28887 35262
6682 1738 1763 6192 10340 31912
6683 61083 61243 61411 61414 61415 61431 61700
6684 1603 17191 39382 39849 40056
6685 7715 7819 8509 9763 16841 23977 33937 34471 34472
6686 3219 13841 26392 27401 56412
6687 1306 23695 28800 34760 38323 45054 47389 61911
6688 771 2301 2835 3245 3295 7747 12920 17894 20140 20522 26383 27508 27547 30142 30169 33255 33366 48806 57732
6689 10575 36262 39759 42091 55474 55475 57812
6690 13048 15502 31211 36386 55779 61137
6691 34882 34897 34900 49253 49257 62056
6692 1463 13069 33667 36484 38757 61230 62674
6693 6059 12926 18015 19572 23681 26386 28133 34523 34777 54822 54895 55374 55860 57099 57460 59441
6694 7471 9079 9110 43547 54227 54353 59382 59383
6695 8058 8118 8469 8648 52713
6696 1978 25133 45033 45624 46151 61098
6697 2634 2685 2825 5558 5935 15272 38747 57611 59777
6698 7444 28731 30785 30939 33106 55945 57149 59922
6699 284 285 286 466 482 11611 11707 11732 15484 31221 35377 45950 49753
6700 1657 4666 6605 11999 13386 14580 45866 45922 46025 46578 47201 48654 54166
6701 2706 29965 43580 43581 54261 54369 54379
6702 16980 17433 18394 21905 22072
6703 7040 9978 13324 13519 13951 14101 14274 35592 35771 36081 36786 37882 45491 45569 46731 47709 52548 52588 59636
6704 7391 7628 9355 22466 29751 32422 34012 53659 54068
6705 1506 34021 37492 46385 55937
6706 22930 23004 23208 23705 25660 25663 25665
6707 12161 12346 35602 58948 61170 61208
6708 21308 21309 29117 35588 36348 36653 45591 47316 55482 55708 60964
6709 1224 14144 34456 43244 53549
6710 52278 52387 52418 53962 57651 57764 58595
6711 7400 11506 22995 37070 44923 52339 52520
6712 7779 23080 23081 23950 31362
6713 30708 30819
6714 1582 15437 22401 49650 61290
6715 35515 47466 52826
6716 30620 36745 36936 37071 61409 62062
6717 8760 9228 44267 51427
6718 18339 19930 20152 21310 39525
6719 18187 18188 18234 18235 18587 28370 28388 28389
6720 2124 7254 7737 9109 10202 16737 27533 27540 33536 40077 48787 50491
6721 18804 18914 18919 19241
6722 12655 12656 38641 41618 49305 49393 49400 56067 58183 60360 60361 60548
6723 35775 38681 55981
6724 3049 28102 38444 50213 55109 55261
6725 185 1222 1246 35401 62249
6726 31322 38496 61266 62387 62394 62423
6727 14652 14655 14806 15061 37508 37607 44042 44059 60664
6728 12931 13103 16811 17226 17694 18146 46128
6729 11854 35305 56892 57192 57795
6730 37141 46169 46211 46212 62582
6731 39964 39965 39966 39967 39970 39976 42523 59427
6732 11609 20204 24404 25313 27120 30092 30239 34986 38136 46020
6733 12127 23557 23855 25214 31392 45106
6734 35895 36965 42543 50097 57295
6735 48398 48537 48585 48587 48614 48626
6736 927 951 984 993 13878 28044 28049 36856 37827 43080 43474 51705 52340 53974 58126
6737 25191
6738 30567 30615 30663 30664 30665 30697 36792 52999 56819
6739 13602 43870 46930 50315 50316 50851 55530 55880
6740 1488 12853 53318 54603 55596 56487 56715 57701 57778 60319 61429
6741 2779 3110 5130 5521 12607 46638 46910 57160
6742 7010 10671 22200 22427 22601 28640 48541
6743 50113 55722 55992 57719 59342 60499
6744 35985 37336 47517 50751
6745 11386 15629 15960 23791 27647 46581
6746 1894 1975 1998 8704 9878 10224 10244 51564 52602
6747 3521 24186 24187 24188 24878 36540 54073
6748 268 2620 8182 16183 21554 21572 21576 21684 25626 26359 27222 27239 27554 29437 34596 36676 37025 48948 50403
6749 1133 4326 38319 44870 53694
6750 5214 5463 8114 13258 18433 44138 52182 52600
6751 16984 17167 30800 33576
6752 11768 16931 19146 21403 33866 45472 46017
6753 4401 36010 36505 37826 45747
6754 1331 4443 32759 36316 49714
6755 13270 31005 39724 40193 41749
6756 11467 21993 28357 28397 48975
6757 3542 38255 47889 48240 50433 50812 55582 56961 57300 61066
6758 2638 7380 10852 36721 39418 40842 42416 44783 49190
6759 14472 18693 19124 27416
6760 12072 12212 16341 17917 19471 26165 26460 45048
6761 5734 6446 6616 29472 34877 35037 35310 47578 51595 52073 54520 60351
6762 38031 38066 38617 38618 38619
6763 2668 5488 5793 16387 16616 18881 19256 21200 26749 27468 52806 60376
6764 1928 6050 22611 28792 31908 52907 55664 55817
6765 4453 36295 39592 56520 59266
6766 30833 30883 30984 30986 59016
6767 5033 18509 41942 57673 57674
6768 16737 49771 50137 50440 52733 55986 56627
6769 2873 12189 35940 50182 59129
6770 7772 10788 23359 29208 49144 49160
6771 2555 2644 2746 35746 36304 51194 51203 51910 58136
6772 7268 7946 8896 9070 9567 22198 22604 22628 24884 25545
6773 57959 57961 57962 58288 59255
6774 10433 15141 24488 38433 38776 47127 52096 61203 61516 62023 62224
6775 22073 40242 40243 50005
6776 22333 22801 23665 24026 25305
6777 1488 1490 10422 16468 17734 18530 19142 28326 30614 30666 30667 39816 40086 40096 40949 41132 42236 42263 44172 44176 44208 49621 54886 56573 56574 59665 59835 59836 60742
6778 8073 9292 9834 34237 50394
6779 1109 1265 37505 47813 50375 55213
6780 46609 48510 61743 61942
6781 12981 24289 40008 42564 53858 58095 60069
6782 35763 37416 38533 43052 43172 43173
6783 16552 16879 17437 19899 32796 39892 42889 50138
6784 54799 54800 54801
6785 12800 12841 25025 35610 50230 53159 58237 58291
6786 503 31226 31296 43732
6787 5856 32094 32159 33034 53131 61723
6788 47858 47934 48313 56959 61415
6789 2249 12865 14040 14093 16476 17111 17257 41380 42368 43412 44153
6790 23964 25901 55104 57924 58366
6791 23633 23784 29286 41394 43330 45047 54897 57264 57265
6792 36991 50604 55881 55884 58240
6793 20737 26605 36363 37448 39400 41710 43357 56221
6794 6856 15942 16113 16121 18251 18398 18447 18527 19802
6795 15009 47006 47548 56333
6796 6060 7309 8119 9969 32996 45607 46944
6797 12790 14914 50066 52634 56517 59588
6798 1539 22601 24306 24307 24617 24745 24943 27920 33166 33167
6799 5327 22366 26733 26794 27042
6800 50154 50452 50453 57924 58514 59697
6801 31710 36830 37621 39174 44376 54625 59165 59166 61301
6802 11874 35034 35104 35227 60665
6803 7759 25028 25029 25173 25306 25444 26722 27036 27139 30689 53121
6804 26735 26736 26740 26741 30733
6805 6811 11945 12279 28320
6806 515 589 590 596 597 1539 27152
6807 3427 33960 34110 34320 34321 34836 38434 40578 41176 41935 41942 43233 43386 50735
6808 36550 36932 37540 44101 46874
6809 48462 48485 48486 48487 48533 48562 48574 48624
6810 9053 9055 11952 12378 33943 33951
6811 57846 57847 57848 57850
6812 6166 56074
6813 34929 42605 49538 59054 59058
6814 11251 11252 15336 21815 27520
6815 18894 26390 47379 47426 53526
6816 1155 35933 45521
6817 12169 12170 15434 15943 33903
6818 41608 41777 42136 43679 53668 53711 53712 54189
6819 3751 29329 45178 48443
6820 8020 9920 22390 28235 30792
6821 17456 24820 24823 35362 53947
6822 13971 14431 34399 34769 41866 42039 43892 43901 44130 49251 53084 53085 57044 58317
6823 13192 13727 14164 40524 41121 41384 42340 42341 42342 57381 57864 57952
6824 11569 15522 15619 26107 26391 28177 41790 62435
6825 13982 14376 39944 56634
6826 28858 50607 50608 57716
6827 16275 16380 33921 34808 50934 50935 51023
6828 4072 4119 4169 4177 24380 31408 34223 40163 46607 50122 59061
6829 39369 39483 40488 41137 58416
6830 36074 36075 36076 37796 38651 47448
6831 61416
6832 2599 3060 11804 47570 47690
6833 767 792 5524 6144 15991 60270
6834 11951 11970 61450 62070 62114 62500 62626
6835 14340 16863 16927 18190 18778 19528 21429
6836 21909 26050 26129 26380 27284
6837 36057 40434 40978 41144 53367 53738 54365
6838 14872 46113 46116 60484 60485
6839 45036 45102 61887 62358
6840 1232 2168 6557 14160 26343 26751 37065 40555 43571 43575 43579 44548 44599 46635 53532 53705 54276 54278 54355 59925
6841 1846 1847 1848 1849 8850 49081
6842 33581 33840 34224 35676 38662 42084
6843 6568 7064 7662 7664 8941 8961 34214 48867
6844 23938 51398 52658 60034 62181
6845 21302 33763 44839 52416 53243 56013 61593
6846 38253 38254 39441 40205 47487 47541 47552 52342 52343 52619
6847 5897 15321 15327 31417 33342
6848 16178 18498 27184 32385 33038
6849 624 6587 11582 23053 32874
6850 3620 8083 8590 22099 22644 23140 42754 59761
6851 4911 6132 7604 7610 7612 9105 22666 32471 32898
6852 18115 19291 20198 20207 62497
6853 37410 37413 37883 37886 39295 40249 53372
6854 4552 22168 22172 22190 23364 23366 23505 36731 37270
6855 54722 54723 55340 55342
6856 13860 14793 21861 43553 43574 44610 53379 53973 54280 59805
6857 37291 42268 43443 45617 58645
6858 16790 16941 17349 26110 27575 31413 32975 51388 52468 57775
6859 11128 11248 15245 54008
6860 15142 27794 37463 46011 46808
6861 4944 4956 5500 31850 32081 32839 38493 38520 38528 41100 41812 41910 41980 42960 44421 45947 51652 54874 56116
6862 16386 16647 19668 19754 30183 31643
6863 5448 36567 39016 39288 39289 39292 52017
6864 3344 29516 29547 29548 29632 29937 41551 41865
6865 832 9119 14163 18942 19556 31835 33105 41650
6866 24976 26965 26968 29664 60898
6867 10525 19424 20168 34184 38549 39728 39895 40011 40025 40048 41369 44384 57920
6868 18361 40356 40934 41553 42724 42832 44567 49812 49813 49819 49854 49908 52567 52570 55420 55568 55641 55875 56351 56353 56469 56640 56935 58222
6869 31040 39178 49582 49615 60298
6870 7115 33987 37209 53242
6871 774 5379 5592 5621 5624 6345 6756 6809 12716 13513 31051 31380 36628 37490 45349 45998 47530 49993 50696 50697 52164 61457 61501 61510
6872 4186 43602 58941 61132
6873 9313 11306 11395 40059 41139 53098 59875
6874 16626 17521 21731 23072 56241 57924
6875 4081 17391 17736 20529 30429
6876 1997 12398 38960 51591 52405 52653 54264
6877 293 756 6453 6549 6764 6766 12275 15521 29150 29164 52148 52536
6878 8347 24240 25590 25606 25608 25644 25734 42328
6879 30574 30575 30594 30616 55521 55522 58362
6880 18065 18440 30783 38244 47356
6881 4773 4909 5000 5525 5893 5985 5989 7692 9293 12047 15239 15290 24185 25458 27368 29492 29783 44365 48314 48315 51265 51897 52068 52513
6882 44180 59434 60114 60176
6883 170 2711 12311 33369 47684
6884 317 318 11484 38447 40871 40872 57240
6885 26746 33069 43818 54802 57920
6886 3272 3348 3373 45777 59466 60483
6887 30984 40605 47927 57906 60356
6888 6535 7281 7378 11962 13221 15930 16066 22773 28889 36834 48895 60904
6889 4158 14468 14530 41143 50899 50921 51008 53560 56639 56908 60291
6890 13220 34016 34368 36884 38473 56892
6891 36302 37262 37961 61122 61781
6892 16653 16936 17322 19854 20862 21413
6893 17211 17212 20705 22408 42695 59468
6894 1936 3672 12512 15436 16014 29982 36481 37527 47551 51031 51120 56967 58766 59150 61876
6895 11367 30764 61490 61503 61854
6896 5744 6998 7798 9392 12421 12430 12627 12660 36888 49060 49121 55120 55429
6897 24094 26465 44295 53925 53926
6898 2875 30593 34670 52662 53680 54258
6899 12719 41578 41583 41882 59897
6900 5522 5782 33529 54788 62429 62572
6901 20155 41000 43832 47747 57516
6902 4040 4083 16534 19636 54799
6903 7146 23155 24178 25694 31810 32367 32494 32659 32688 32734
6904 18648 19794 19797 19867 20488 21307 21322 21348 26367 26987 62014
6905 15081 15108 15834 16528 23012 25312 32784 47476
6906 4865 7011 7093 7521 9613 23789 48880 54279
6907 4874 4876 17197 17601 23833 26575 27613 27629
6908 62226
6909 3702 3765 40235 42926 49079
6910 964 965 976 992 5675 5677 5679 5767 5960 5961 5964 5966 27984 27987 28016 28552 28687 28691 44941 44945 44949 48671 51882 52654 52656 52665
6911 4267 16983 17040 17051 17224 19772 24779
6912 8143 9444 9694 19765 21004 49194 52226 59834
6913 7130 7208 8476 8763 13781 14456 31096 33400 43948 51807 59205
6914 1734 5711 5796 5797 22845 22859 24376 24377 25702 25780 44872 53112
6915 3193 22575 23375 37311 56928 60150
6916 12073 12404 13162 13570 38488 42206 50382 56488 60652 61705 61707 62564
6917 25788 34189 36055 36523 46996
6918 9938 23106 24066 48862 49005
6919 14651 55886 55887 56416 56417 58062 60495
6920 3963 34152 39353 42898 46285 48598
6921 3125 3131 29832 29837 29843 29908 29935 30171 52687
6922 7095 7096 7229 8234 10983 23321 24972 25001 25031 44904 44905
6923 44030 44048 44217 44219 44223 46515 58202 59924 59961 59970 61285
6924 13297 59092 59097 59102
6925 13671 13672 55574 55741
6926 4655 7842 30305 51485 52130
6927 4712 11099 24978 42535 58676
6928 1 13 14 15 16
6929 2027 13242 14992 39413 41354 42526
6930 341 1954 2070 6647 8699 11038 15477 15915 31287 31448 32153 40653 41788 45170 62072
6931 11544 32079 32080 36146 38550 47054
6932 4272 11921 14247 43798 59107 59579 59580 59585
6933 1054 3253 20677 30090 37652 46657 47484
6934 5045 7419 7420 30699 31807 38148 45793
6935 3430 10495 12442 36158 50516 50517 61549 61605
6936 16633 16634 16635 16688 26334 44894
6937 4591 5317 8485 8829 12094 12207 32804 46290 55740
6938 34140 55359 55364 56215
6939 5155 6977 10343 23456 23694 24827 48757 54825 55820
6940 7132 7499 7908 8249 33313 53034 53507 53508
6941 34124 37617 48162 56634
6942 15279 21244 22820 25798 25848 48434 48580 51275 51947 53753 53755 53756
6943 4219 37057 38310 50709 50975 60449
6944 23786 23788 36500 36598 47056 48441 54144
6945 242 1444 1556 62079
6946 594 844 6517 29260 46089 46561
6947 18160 18178 18335 21528 26482 26485 42351 52953 53919
6948 13676 23479 25587 39621 47840 49152 55063
6949 28858 30290 35415 40848 43136
6950 39638 40083 40210 40538 41953 44430
6951 340 15491 15726 16125 34884 47389 55977
6952 1793 1834 1906 2896 32194 32552 32682 37833
6953 1344 1350 1650 50660 55345 56747 57257 59348 59349 59351
6954 4051 4124 18971 33268 44793
6955 33926 55143 56146 59860 59870
6956 6948 15461 15702 24468 24841
6957 99 118 140 15168 15551 15589 15693 15697 26473 26474 49445 53708
6958 1590 14550 16820 28072 48620 57454
6959 3698 3699 3714 5862 5980 5981 5996 7880 13868 14462 15188 15191 18113 18619 18878 20085 20305 26441 26442 51134 51137 51706 52050 52158 52304
6960 21721 22064 29946 30227 30228
6961 35626 36108 55131 56127 56597 57430
6962 1016 1882 7469 7999 9162 11654 27822 32987
6963 35542 36501 36746 37055 38073
6964 5018 5019 5164 5165 8117 15204 16287 23909 24446 29558 29617 45290
6965 3280 39560 39561 54502 54503
6966 4608 16911 19852 26135 26496 26498 26499 42446 43496 61508
6967 40055 40395 42249 49535 54008 54010 54011 54026 57016 57017 58238
6968 34188 34617 34960 38500 62535
6969 15123 22853 35400 37518 57178
6970 13412 47083 51976 52203 53453
6971 50021 50036 50047 50239 50836
6972 1104 35525 47439 53482 53483
6973 28809 44929 51928 57813 59216
6974 8504 8568 11931 37909
6975 47276 47301 47303 49807
6976 253 323 486 578 1297 15075 27807 27814 27873
6977 2621 7881 8359 8471 9172 9583 9589
6978 2441 19125 20463 20662 32317 32318
6979 20039 26747 26839 27328 30606
6980 10944 13121 15281 51183 51445 62160
6981 4143 40877 53314 54505 54506 54873 55133 55357 58958 58976 58977 59780 61011
6982 7172 9416 11701 23719 23966 30412 32287
6983 15536 15902 24973 25733 38130 50018 50102 61127
6984 17823 20281 21023 35136 60398
6985 16305 23506 25732 26588 28177 32428 51291
6986 17289 40493 40494 40501 40503 43760
6987 28332 30780 31191 45640
6988 2657 21185 29989 47431
6989 12555 15041 31353 31357 38448 54725 55248 55777 57129 60929
6990 5395 30887 45114 46477
6991 2159 5530 23432 23452 24102 24281 24651 24882 24971
6992 61596 61669 61670 61966
6993 5923 12265 28515 45262 46745 52598
6994 1722 6845 8443 9781 19319 47047
6995 1123 1614 36373 53850 54010 54021 54026 54034 61320
6996 8490 9998 22435 23940 24933 51323
6997 9037 52846
6998 1177 2021 5476 5658 5747 5756 5760 5761 5763 5777 5821 6663 8249 15753 15809 32831 37992 60264
6999 9673 10320 30818 35680 37558 42950
7000 1146 24482 28568 45600 45945 46206 51505 51743 54232 54272
7001 267 5859 5934 25685 36053 37548 38205 38266 38669 39747 40145 40425 50497 52216 52347 57631 57632
7002 42914 50129 50131 50133
7003 9948 13137 14265 15104 26510 27465 27466 51654 51943
7004 35450 37544 40909 47393 49452 53620 58515
7005 4979 5209 5218 25304 46443
7006 2000 6444 11553 30413 30418
7007 8140 8351 8942 9142 9494
7008 4728 5112 39831 39925 40024 40908 50916 57481
7009 599 15185 15225 17575
7010 13586 13647 39799 41208 41226
7011 6827 9133 11682 16182 21935 32487 38762 39709 41478 51596
7012 19335 19341 37749 47529 62157
7013 6992 7142 7242 9398 9627 45376 49770
7014 8593 8774 9306 9890 25645
7015 13540 14068 47723 54961 55519 56172 58553
7016 3139 14449 14918 39640 40333 50763 60736
7017 29959 30048 30158 30214 47633 47642 47674
7018 12875 13464 13694 13697 14941 14942 20932 26782 32355 32363
7019 1597 31349 42626 42650 42770 43007 59041 61496
7020 4434 31455 31622 31713 31716
7021 57189 57535 57544 57545 57546
7022 1678 1679 1681 3828 21284 21345 22071 34105 34681 34908 47150 52805 54007 54036
7023 14348 16400 16412 16575 16639 16720 16749 16882 16942 17034 17135 17320 17409 17410 17673 17817
7024 3928 35070 37966 47174 50673 50906 56409 59734
7025 54972 55106 55318 55564 55674 55781 56538 56755 56914 58406
7026 14471 15219 37048 37049 51409
7027 34081 36192 45098
7028 4003 39012 39253
7029 35243 56193 61146 61644 61814 62214
7030 22529 22718 24286 24287 25399
7031 6104 6153 6154 10518 15888 16040 29833 33578 45873
7032 27019 27020 27030 57072 59849
7033 13443 13622 13623 13655
7034 42489 42490 44727 44728 44729 52946 52947 60003 60005
7035 13874 26727 26728 43009 44137
7036 31907 32516 32864 35460 40067 53197
7037 1485 1586 7609 19996 20065 21421
7038 22308 47224 47226 51703 55141
7039 50033 57184 57549 57644 57955
7040 3891 4336 22048 27490 27491 40071
7041 55174 55657 56413 56414 57113
7042 28041 28042 28090 28091 28092 29920
7043 10524 10552 18140 32934 41334 57810 59033 59036
7044 2453 2535 11431 24126 46904 47020 62575
7045 13236 25083 36380 46213 56816
7046 15486 29195 30387 31499 32639
7047 16224 17056 17490 17583 20907 20944
7048 23680 39526 52847 53212 53218 54587
7049 3220 5640 12495 39342 45734 60952
7050 6948 8964 18705 19651 19853 20264 20268 20294 20401 26188 27256 34057 53281
7051 33739 49277 55079 55276 56325 56721 56937 60198
7052 2659 13662 15173 36438 48491 48531
7053 37725 37726 38474 38475 40605 62060
7054 270 4663 5549 5973 6696 6717 11710 14328 29104 35992 46528 47039 51230 52407
7055 1003 2488 2726 2741 22224 22613 24015 24258 25507 27921 29960 30010 35875 37094 51335 51490 53378
7056 358 547 613 762
7057 3061 14684 27162 27163 27260 41009 41020 41413 41520 42652 42731 43156 53671 56663 56882 56885 56886 56902 57376 57457 57599 57681 57857 57930 58427 58610 58650 58666 58961 60471
7058 7297 10849 23688 24553 34742 35204 45596
7059 5681 5915 34463 34805 48164 50488 55368
7060 4831 11331 11366 12270 33262 47075
7061 4508 10929 35760 39089
7062 14030 59008 59009 59010 59118
7063 7220 7221 7773 22258 22457 31957 32307 33251 49229 49237 56434
7064 356 422 505 531 535 609 736 784 11577 28829
7065 7402 24105 25284 25297 25920 45232 45339
7066 22813 22906 39613 54344 54354
7067 7495 11634 15764 19334 28196
7068 2513 31666 32643 52024 52466
7069 4480 28584 30404 32264 32285
7070 7560 7750 11282 23124 45857
7071 2329 2603 3058 34070 46621
7072 46918 46988 47171 49802 49806
7073 3243 14835 40006 43843 44487
7074 2556 8622 12245 24382 33270 53762
7075 1040 2171 11527 11725 16134 20151 20250 27590 47853
7076 36955 37537 38994 41798 43591 44188 44195 50901 54042 54364
7077 4811 4866 4963 5253 5298 5498 5678 5857 5920 5947 5975 6689 10881 11067 11425 13778 14526 18229 18399 18716 21744 21924 21925 28483 29484 30634 31618 33767 33944 38868 44961 45223 47877 47878 47879 47995 48054 48187 48290 48292 48389 51186 51271 51660 56701 57467 58736 59120 59587 59589
7078 1161 7464 12403 15320 17810 17811 61374
7079 13106 13235 13237 38394 39406
7080 5775 22126 22128 22211 23037
7081 19866 20414 21447 26593 27656 31898
7082 12715 41605 44415 54782 55382
7083 8744 9035 9691 19816 44890 55256
7084 32711 32850 33423
7085 33930 33933 34066 34067 34459
7086 50331 50355 50356 51605 51844 52285 52300
7087 39817 54030 54055 56287 58932
7088 7647 13853 14570 31299 37721 56195
7089 4922 43026 43073 54004 54022
7090 5120 15623 17006 17271 20263
7091 7279 7924 14413 14768 14817 17194 19670 21043 41495 41673 43971 57361 57443 58751 59874 60278
7092 3928 34146 36276 45666 49246 50384 55126
7093 3389 38153 42101 52775 53058 54602 60109 61756 61895
7094 24942 35005 35049 36897 40808 47392
7095 1813 1832 5326 8636 8768 22601
7096 8644 9581 9582 13588 15002 42903
7097 14355 17998 19601 20942 21195
7098 6745 7843 15640 18744 21405 21406 26065 27701 37965
7099 5150 5651 11288 25903
7100 2511 8137 8140 9251 9847 10054 21040
7101 6041 6145 6262 8290 8822 9063
7102 45561 45910 56555 56582 58086 60898
7103 3882 9355 22535 23163 24866 25258 44846 44862 47617 47618 53109 53110 53369
7104 13850 14994 40307 59923 59926 59969
7105 12011 34104 48597 50372 59389
7106 3498 14571 46877 50075 57206 57504
7107 2382 3781 6159 8521 8656 10613 10667 11096 11109 11971 14180 15294 16775 19429 22369 23007 23517 28877 31477 32696 33236 33495 39568 40955 44143 44914 51257 57742 59647
7108 39455 39512 39924 44676 44677
7109 15267 17757 18542 18543 26537
7110 14044 35762 47270 61687 61856
7111 4259 11011 15101 47497 48565 51150 51651 55297
7112 111 10087 10151 48913 54078
7113 13007 40732 41214 44625 52794
7114 36369 37048 37346 48396 54700 59470 59471
7115 4153 18017 36496 50523 50876
7116 13785 40121 40123 41280 41712 60121
7117 9194 12762 14036 14115 26152 40598 43090 53232 53344 54467 54514 55578 57000 57007 59751
7118 17249 20354 20465 20527 26371 32679 39409 59071 60043 61925
7119 13240 14961 36162 36883 37287 62210
7120 16260 41732 41750 41755 41756
7121 5629 7549 9696 9946 22789 43946 46734 48935
7122 7901 8276 18912 21484 21636 22432 27390
7123 198 31466 31915 32047 32822 38589
7124 5941 36876 38009 38124 38174 38240 52094
7125 448 15602 15609 28892
7126 19981 21659 26614 33515 33537 56768
7127 2325 2359 2411 2734 29941
7128 14822 43522 44047 44054 44056 44060
7129 3482 10500 10710 16702 26634 26636 26988 36420 55399 56080 57653 57654
7130 1364 4827 8609 11565 20637 23225 23483 23698 30702 30780 32432 45023 53961 56053
7131 9604 9770 16685 16828 17835 30791
7132 50619 50737 50926 56804 56820
7133 490 607 8072 8073 9528 9873 9962
7134 2546 27959 31583 53433 56433
7135 5599 6044 15501 17408 19148 19891 21124
7136 30863
7137 6603 6698 33324 39064 39206
7138 16026 21994 23274 30502 32525 32796 56940
7139 19869 28819 34480 35398 35682 37138 37139 37285 43247 53311 54460 54586 55684 56197 56199 56215 56242
7140 4529 4531 22444 37343 51181 60670
7141 7069 10245 22098 23548 24670
7142 9266 16796 16798 18246 52238 52240 52241
7143 2116 4351 4412 18803 19664 27564 30510
7144 8596 11102 32613 32933 33851 38336 43698
7145 6484 22810 31512 40573 41021 41147 58829
7146 5049 9262 9765 9899 11314 11398 24558 24896 24897 25318 30714 49200
7147 39572 40018 40600 40602 50545 50905
7148 22658
7149 7149 40999 41943 42651 42733 43124 43185 43869
7150 48091 48092 57222 57231 58246
7151 7287 10365 12965 25456 41655 51995 53170 54667
7152 15823 16092 16104 31775 31820 31911 32209 33278 33279 33312 33590 51643
7153 4756 6900 7619 18580 18581 18597 18632 20118 20699 28905 35465 38482 41111 42825 43005
7154 2871 12179 13030 15998 22846 28301 30551 32732 32887 33178 33295 34756 34855 52414 55555 58875
7155 16435 21456 26772 27127 39436
7156 31010 34938 43163 43164 43165 47110 62095
7157 200 36783 38744 53187
7158 3246 5749 14086 14898 33872 33959 36289 45653 45820 52018
7159 32503 58436 58437
7160 4041 5212 29985 36021 36061 36176
7161 7327 13984 39382 41860
7162 3569 4518 29206 34973 39287 40228 41927 48507 49585
7163 36039 36043 36169 36983 38144
7164 1893 15570 19137 28177 28205
7165 17874 21516 22066 37631 54993 55250 55251 56936 57241 58881
7166 4305 22486 23129 27917 45504
7167 9790 18567 18578 18796 20520
7168 10184 22836 23857 23858 25866
7169 6238 8300 8977 9177 30632
7170 7870 15466 15963 16085 35747 36464 37776 48640 50887 50898 57465 58868 58871
7171 15003 18791 20062 34752 49120 51673
7172 34010 34011 34013 34358
7173 4156 11477 12561 12571 38193 48052 48077 48210 53429 57703 58486 58488 59801 60394
7174 11059 17117 18517 24533 33430 47138
7175 8250 8908 9235 22863 23083
7176 4877 5458 5459 5545 13686 15244 22310 24092 25018 25195 27331 51901 53509 53510
7177 891 35259 54826 54974 56933
7178 1898 15520 15707 15765 15861
7179 35452 50779 56076 57444 57445
7180 11344 11672 11814 11815 11851 16504 18777 21201 30718
7181 17041 20551 20580 51211 52680
7182 13620 13884 14205 14208 14211
7183 444 9492 17418 17812 20573 28310
7184 1843 4645 7094 7095 32139 32548 33291
7185 16904 16946 17074 17084 31620 31956 32043 32733
7186 28589 28679 28680 28746 28747 47567 47598
7187 2742 4420 10726 10727 32376 33481 49098 53713
7188 4299 11821 13066 42820 42977 52986 55627 58415 60457
7189 730 9432 10704 12406 31714
7190 45588 46812 51727 52391 54557
7191 1809 26288 27104 27107 33857
7192 36279 36491 37237 37619 55122 57967
7193 2855 8041 24444 43407 43409 43415 53702 53707
7194 4324 4330 7712 8907 9373 18593 18627 19223 55975 58156
7195 34809 34810 34811
7196 3501 3502 34981 48378 61607
7197 4209 7908 16654 19544 48804
7198 7071 7208 9588 9806 48871
7199 1308 39534 39589 39690 41921 42115 43423 43991
7200 123 2451 11230 11430 29169 30108 31213 31485 31761 32554 32906 33467 45495 46641 62135
7201 14929 29174 40601 41424 53670 54096 54097 58841 59070
7202 1608 15111 35531 35663 49951 59770
7203 2490 2673 29339 34861 43936 44932 47546 47745 48435 48555 50039 50107 51850 52206 54911 56699 57873
7204 1547 29930 34396 39244 60302 60428
7205 3613 28152 28153 41522 60396
7206 2759 4666 5322 8386 35750 36994 47353 47959 47962 47963 48089 55838
7207 1635 1648 18420 18421 34829 34832 48845 48974
7208 7560 8882 9395 10386 20064 20345 21058 27130 27131 45951 48564
7209 8268 9097 9448 10535 11219 11223 32500 32773 32777 35045 38192 45753 45766 46511
7210 35039 53698 54859 55104 55176 55357 56187 56191
7211 10697 32143 33492 33493 33873 34381 45408
7212 9934 9935 10077 12182 33820 34156 46230
7213 54999
7214 8202 17970 17971 20451 20561 21123 31541 32647 35694 42453 42514 42523 54442
7215 40841 41171 41282
7216 7319 7917 46579 46867 49009
7217 12157 22412 27383 31230 61659
7218 33770 33771 33786 33787 34531 34532 40003 40005 49727
7219 22448 22823 22824 22825 29977 50718 51665 52381 55390
7220 19538 20646 20855 21074 22011 53751 53796 54876 55158 55716 56357 56359 56628
7221 2111 2123 7847 10033 11174 11186 11203 11324 11362 11397 11427 16165 16418 16420 16474 16496 16585 16667 16706 16780 16835 16877 16896 17048 17130 17483 17485 17592 17640 17674 17765 17808 18108 18111 19530 19728 19985 20049 20235 20283 21831 22533 23079 23654 23682 24010 24551 24828 25332 25342 25386 25442 25676 25787 31836
7222 2437 5243 5531 10954 10982 50914
7223 35582 50083 50206 55526 55590 57472
7224 4896 4995 5515 12281 52435 52911 53694 54922 62064
7225 2152 19806 20322 20981 26557 26744 26895
7226 13913 38828 47382 47400 47506
7227 3124 36426 47319 47437 52688 52698 52752 60756
7228 3563 7323 9835 10963 12416 15106 31328 46746 48800 49676 53055 55990
7229 3377 6042 21942 27353 45792 47114
7230 14817 41838 59950 61414 61761
7231 13543 40321 41511 42053 42700 52898
7232 13783 31762 32247 36218 50690 57042
7233 33663 56455 57170 57998 60090
7234 7449 7450 8662 9826 48997
7235 6928 7595 8176 8328 8379 8380 33998 33999 34303 34361 34559 41548 45581 45795
7236 5433 5668 6316 6474 7979 8815 8817 11138 24868 25402
7237 921 936 944 971 28028 28049
7238 2233 7066 7091 7860 20040 22841 23016 28053
7239 4145 35909 39936 54007 57754
7240 17708 18212 26427 31760 32283 33042
7241 7144 29084 30781 30819 30829
7242 30738 39348 40463 42455 43700
7243 16012 26030 26032 26183 31466
7244 15620 45325 47542
7245 17022 17024 18118 26950 49751 49754
7246 23652 24497 30610 37954 54246
7247 45501 48228 50475 55654 55824 55825 58098 58132
7248 5807 38399 52184 52189 52211
7249 31028 41438 42560 42688 42888
7250 3146 3729 12253 16240 16244 34484 39618 60750 60751 60785
7251 13585 47076 51710 56482 56854
7252 2334 2785 6565 6654 26760
7253 18388 23973 25816 27169 49273
7254 1033 31029 45844 45845 45846
7255 10796 36120 49693 61199
7256 4477 6126 7461 10390 10434 25580 30927
7257 7591 7988 22295 25486 26507 27012
7258 3428 3522 38809 47897 48232 49574 50258 50383 51092 53018 59104 59229 59230
7259 1073 10417 36992 37953 62466
7260 17597 26302 26305 26306 39727 40727 42523 44355
7261 9706 16588 16960 23872 24933 25147 25688 25773
7262 2472 3993 26680 27516 51316
7263 4658 4668 4777 4802 4803 5107 5139 5141 5460 5657 5846 17049 17196 20622 20707 20711 20712 22476 22966 23840 23841 25898 32204 32205 44938 50937
7264 7884 9126 9662 20894 20897
7265 254 579 34278 46152 60734
7266 47571 58163 58164 58504 58505 58891 58892 59822 60073 60074 60078 60079 60268 60269 61689
7267 19093 19094 19098 19509 36164
7268 9949 16307 17235 19984 20496 22473
7269 12100 12293 14083 14084 22277 23455 24850 25300
7270 14609 45610 46188 47973 47974
7271 13223 20675 40648 44499 44500
7272 23582 23583 23725 24332 24638
7273 37344 38226 38879 39723 42566 47466 50453 62080
7274 5015 5161 5297 7006 8575 8758 22182
7275 15717 15755 15949 17901 19547 19951 20045 21214
7276 35656 47360 47459 58279 59182 62227
7277 5508 13435 13708 13776 15511 15835 28970 29542 29596 33772 37910 38017 50511 51805 52966
7278 14207 14342 14922 39913 42884 42885
7279 39595 39853 42139 43953 44540 47708
7280 1338 3703 36457 47336 48325 50037 56246 56388 60347 60729
7281 14070 14391 15179 15278 36588 36679
7282 23223 23224 23988 30386 57047
7283 7062 7063 25874 30086 35373 43734 60641 61441
7284 3757 3765 3778 35231 36307 36755 40446 48020 54779 57595 59981
7285 361 723 780 9742 25316 25729 28962 32985
7286 14484 35959 36180 55031 58818 59498
7287 37140 37144 38951 39688 55060 55130 60093
7288 1970 7558 23923 25842
7289 19240 24431 24432 24568 24577 55898
7290 48219 58279 61621 61841 62223
7291 9261 9897 22604 25678 49159
7292 37245 38666 47321 61727
7293 17969 18092 19492 19881 21016 27506
7294 8882 17576 19382 19782 33453 34923 35195
7295 13353 13873 44455 56209 56213
7296 303 549 6425 6499 10705 15971 29071 29151 30269 30326 31220 31307 31787 31914 33367
7297 718 785 876 51896
7298 11146 17476 17951 20099 21215 21955 26993 32312 32383 32384 33033 37862
7299 2210 15926 28555
7300 8139 9599 11871 11909 27653 49142
7301 5715 7325 9399 49209 54190
7302 1679 4539 13358 21849 34747 48208 51567
7303 34338 35601 37554 38880
7304 9883 10103 11917 23871 25059 51861
7305 5252 16356 16689 17319 17324 19190 27415 29671
7306 1326 7381 7905 9433 9434 9435 46363
7307 47768 47820 50530 59907
7308 34315 35481 45477 45489 46687 46948 47142
7309 11084 17741 20073 20074 20785 28006 29831
7310 4610 4669 4797 4828 4908 4940 5593 40902 41633 42558 42592 42678 43618 44478 48311 48312 49218
7311 6279 7958 22608 24272 25333 50765 53141
7312 1417 3399 36982 37765 47755
7313 3436 13947 38769 47865 59537
7314 20146 21722 39730 53262 54159 57288 60399 60401 60468
7315 41724 44719 53651 53945 56839 57151
7316 16272 16323 16383 52682 52683 52686
7317 10881 10934 50211 62584
7318 5328 16803 17355 19970 22938 27418
7319 9960 10349 10408 11983 12412
7320 12 1636 4450 12024 12026 21847 35127
7321 764 28936 28937 31326 38475
7322 17008 17110 19878 19919 22351 31481 31493 33187 36284 38245
7323 23868 37740 39032 45123 45347
7324 1277 6974 16636 19598 23979 33205 41022 41023 44907 56174 56175 58913
7325 4052 4053 22814 31212 31214 31215 31224 36659 38657 42142 47432 53315 53317 58922 58935 61415 61596
7326 16936 16938 20532
7327 461 17099 17900 27558 33124
7328 8047 12160 51196 51986 52889 52967 55662
7329 18856 21312 26837 31382 44989 45377 49699 49745
7330 2989 8037 8797 24402 25312 30003 55156 55553 60568
7331 376 417 2089 6596 15357 33209
7332 21462 21463 21533 21568
7333 16322 24797 24924 25057 25251 25369 25895 61065
7334 38912 48546 51315 51355 51518 52104 52143 52150 52188 52554 53968 58126 58128
7335 3074 19502 20027 20272 20352 25446 26514 26873 27438 29869
7336 30809 31505 45011 45293
7337 17263 17376 20316 20321 26504 26508 62165
7338 27353 27357 27556 27746 29450 29958 51813 52110 52482
7339 37149 37344 37554 37556 47013
7340 6973 6990 7863 8792 8840 9316 22775 23188
7341 2045 15192 15479 15588 19578 19697 20431 23943 26705 27084 40927 51858 58638
7342 6775 19193 19521 31135 31514
7343 26408 26424 26466 26520 26556
7344 1231 13638 14658 36025 40175 50676
7345 37590 48508 48534 48535 48553 48622
7346 48012 50400 50800 54294 54371 54376 54662
7347 12431 12646 35770 49552 55903 56485 57152
7348 13098 28441 29318 29324 35539 45230 51362 51391 51402 53692 54172
7349 2244 2326 2797 2936 12071
7350 32678 32860 35954 36022 42346
7351 1379 1433 14696 31044 42818
7352 12904 13405 13834 14317 42555 42676 43126
7353 13316 13970 13999 39451 40062 41577 42998 43607 43910 43911 44077 44079 44080 44086 44093 44679 60859
7354 16871 16988 19565 19728 20124 44756
7355 15851 32341 50048 50359 50553 50554
7356 1472 59776 61095 61435 61929
7357 5801 21640 23055 39654 42265
7358 5650 6623 10364 15591 25539 29135 30804 48892
7359 12100 25617 25618 34252 35283 59850 60193 61218 61277 61425 61658
7360 39704 39708 40445 40447 55240 55243
7361 6121 9238 15187 25069 45755 45764
7362 1562 2672 5002 5274 35331 44820 51245 52518
7363 6313 6379 6487 6496 6834
7364 45603 45794 57960 57963
7365 34887 37367 37633 38239 57065
7366 22573 22957 45986 45988 46094
7367 36064 37086 48032 48283 55672 55673
7368 33749 33979 50245 50274 55511 58626
7369 8037 8416 8769 8770 10267 12999 14229 14539 37824 45891 46480 51384 51682 51684 52435
7370 33942 35080 37609 37940 38217 38902
7371 1142 35524 38043 55030 58208 59493
7372 6372 13641 14307 16095 36278 44102 44234
7373 42053 42095 49453 53312 54944 59795 61414
7374 1594 8990 26141 26600 27032 27238 27329 27378
7375 9391 16308 18067 22059 24305 52555 53325
7376 4555 4558 4559 4581 4592 4593 10502 31625 31822 32037 32177 32423 46715
7377 5445 6429 6477 6676 6831 8358 15538 25199 29276 44957
7378 1477 12142 12241 15216 36666 61473
7379 61073 61273 61861 62242
7380 87 19761 20040 22081 26670
7381 45935 45972 47028 55970 59241 59684
7382 28311 30984 44067 45239
7383 3758 34972 35079 37561 54738
7384 5227 9408 9905 22142 22143 22248 22287 22343 24742 25807 44670
7385 1054 34267 34451 36242 36801 37434 40075 40347 40387 43727 46149 46696 48614
7386 50995 56896 57841 58075 58076 59915 60055 60060
7387 21611 21613 21637 26209 26614 26936
7388 4149 13835 28853 36834 57642 60008
7389 11054 17198 19999 26211
7390 6466 11743 24530 29017 30645 45874 47217 51714 58742 59138
7391 7238 7472 22940 23251 24414 37701 40427 43562 44573 53923 54283 54474
7392 241 7672 8422 9521 31943 32120 32248 32302 32330
7393 35968 36219 36558 36951 36952 36979
7394 1539 4432 10551 10709 31437 31909
7395 2418 2645 18899 22372 26031 27486
7396 10429 36185 47403 49781 50369
7397 37764 46244 46400 49584
7398 1693 2017 2081 28318 31728
7399 221 40832 40970 40974 40976 44646 44651 48038 48155 48343 55495 55805 56026 56027 56122 56292 56827 57146 57389 57396 57418 58801 59654 59858 59871 59957
7400 29044 46090 62515
7401 1160 1367 35042 37450 38882 40072 45985 47404
7402 935 15224 16622 16711 17089 20433 20700 27941
7403 20494 21211 26440 26702 30792 40671 41729 44726 48846 51375
7404 11893 22673 35915 61142 61150 61451 61553 61554
7405 4417 26812 26836 31359 38830 39470 39634 40905 41556 49536 58885 60222 61617
7406 5389 5550 9629 45009 47066
7407 13033 13113 13370 15059 39905 40088 40348 40450 41531
7408 13649 17873 20826 55814 57577 59951 59956 62491
7409 4276 8747 10075 10315 28617 28660 29493 29842 55452 57021
7410 15903 16638 17321 19174 23614 23749 28290 28935 29009 32798 33668
7411 3813 5350 5638 5704 5814 12141 30679 30680
7412 34775 37220 47478 49323 51005 61463
7413 2156 2178 6349 18891 28545
7414 30621 50014 50184 50635 53782 58908
7415 6680 32765 32897 33456 45923 45941
7416 7555 22608 22610 22625 22861 23004 23913 24118 27783
7417 5408 5409 14195 17018 17609 21191 33011
7418 18077 24033 37968 38007 59302 59416
7419 54298 54301 54304 58014 59235 59472 59481 59482 59483 59501
7420 13308 23373 30349 42437 43477 46046 46326 50917 59403
7421 15255 21588 27470 27471 27480
7422 30745 30806 30905 30944
7423 4091 21466 21710 23304 23307 48068 48141 49390
7424 12216 12218 12219 12220
7425 5269 17039 17129 17161 17162 42820 42892 44310 48117
7426 55 9865 21274 21275 21281
7427 1511 5669 9140 16662 17461 17616 19065 52681
7428 7788 22134 22197 22346 22498 24403 24927 25364 25817
7429 1103 21019 42689 45127 45265
7430 4226 25853 32072 32395
7431 11969 32597 32707 33511 49230
7432 11895 12176 34639 37013 37528
7433 1470 36383 36384 47980 58307
7434 3474 3476 3504 3549 55020 55028 55033 55835 57034 57040 59059 59710 60448 60605
7435 7803 8650 8908 11276 22427 32598
7436 3327 13939 36525 60699 60906
7437 13156 13790 24928 49067 49099
7438 18008 18826 20045 27550 36382 38416 51628 51724
7439 19421 19423 19431 19561 19827 19882 19956 27186 30608
7440 3981 12467 12840 13572 37553 37555 50010 57213 57918 61933
7441 1804 1937 2373 11114 15112 15113 22360 22377 22664 41527 42084
7442 1569 2857 4850 5047 5979 9260 11630 12694 13561 13945 15263 15289 38596 45250 47193 47673 51633 51662 52657 52814
7443 26159 31149 54995 56286 56841 57656 59438 60284
7444 23242 23243 24209 24457 25263 49884
7445 3590 3591 13718 13974 14604 14751 14756 36331 39481 39863 40315 40388 40391 40584 40962 43122 51363 51368 53879 54378 58643 58644 58811
7446 6970 7201 7482 7850 7925 8848 9554 9557 9559 24602 32012 32245 32393 48763 48808 48843
7447 14363 16034 36324 41888 43264 45411 51486
7448 46311 50277 50280 50399 56531 56857 57055
7449 3043 8403 12969 13329 41268 54362
7450 12342 12343 28165 38815 46787
7451 4475 30007 36154 59568 60521 60883
7452 3869 11962 14190 15021 45901 51468 51718 52048 52071 52163 52553 55998
7453 29175 36499 37202 37582 47014 47453 61036
7454 13256 13257 14576 14577 46229
7455 12709 22196 23006 23599 26616 36852 40511 44133 44134 45584
7456 6545 15151 19354 28196 32863 51639 51835
7457 18055 18590 20962
7458 12137 17415 18642 21057 28756 36022 36586 37230
7459 3870 3871 12091 47040 52977 62576
7460 22335 23508 23592 23606 23659 23689 23993 24011 24135 24349 24711 25419
7461 3659 34766 35964 36127 38015 47393
7462 30750 30856 30886 30982
7463 53166 53774 54282 54285 54446
7464 19529 29927 30100 33890 48247 48249 60892 61491
7465 475 28948 29087 42668 42719 42828 42829 43161 44319 58235 61836 61837 61838 61839 61875
7466 3554 4710 23726 34651 49353 50619
7467 19949 26316 26323 26694 26954 27180 27367 41447 51854 59144
7468 16424 17728 19436 28794
7469 39927 54854 59145
7470 37295 38022 39545 40495 47307
7471 7312 7589 8423 8498 8531 22631
7472 5093 5982 15190 19434 19964 20320 20595 29789 30393 31049 35673 35674 36179
7473 31676 33111 37509 38466 49264 49397 56648 61439 61466 61515
7474 12883 12969 39371 43321 49584 49594 61478
7475 47386 56088 56299 57682 60620
7476 26 31 40 41 13200 14001 15019 35315 40602 42647 44891 57921
7477 29367 29389 29517 29777 29817 45008
7478 13840 40273 43361 44213 44220 59582
7479 9187 9444 10348 14879 51904 51993 52190
7480 4587 5190 7734 9921 21093 39196
7481 7454 9394 9401 22230 22600 23639 24140 24888 25288 25309 27906 36928 48037
7482 305 866 2136 8474 9040 9147 9236 9910 9955 12690 13582 16266 16391 17643 17656 17657 18171 26734 30585
7483 21899 26174 26617 26620 29722 30082 30646 52579 60611 62555
7484 2745 2754 50338 55329 55330
7485 40807 41602 41958 41959 42279 42284 42352 42397 42495 43815 43927
7486 38973 41049 43658 43756 43757
7487 4980 29368 29482 32628 49936
7488 11998 12108 33710 34350 35170 46444 46719 46940 46945 46977 47189 62178
7489 7293 7453 23280 23408 62171
7490 15078 16377 21465 25180 36739
7491 14648 14651 14657 14807 14811 14815 14817 14820 14825 14826
7492 8205 8280 9003 9004 16940 18159 18409 19062
7493 35510 35779 37077 47455 47456 48129 58813 60739
7494 48622 55699 56225 57753 59374
7495 14249 24041 26264 26858 34703 42591 49578 50750 55723 60288
7496 4003 13110 13112 59190 59191 59781 62675
7497 7445 12873 13361 13379 22158 22159 22752 53240
7498 12448 12449 14556 14877 36446 57001 57692
7499 33626 33627 33628 34424 34428 34429 34431 34432 34433 34613 34615 45968 45979 45980 45981 45982
7500 36940 41573 43654 45684 46054 46628 46773 46934
7501 4560 39838 39934 40100 41734 42088
7502 1549 12809 35423 36004 47984 49368 62132
7503 3412 26441 28474 29543 29633 37792 55685
7504 37355 48479 48519 55352 57903
7505 3607 3776 21908 35032 35146 35357 38356 38503 45663 54357
7506 1210 16794 17335 17507 17542 19254 20054
7507 12458 16237 17168 18128 19007 32144
7508 10894 22564 25034 50350 52041 59289 60103 60106
7509 5784 15175 15269 16239 18020 18058 19510 26066
7510 2708 7101 8035 48790
7511 34112 34133 38363 39159 43227 57997
7512 31414 35381 51507 52446 52542 53478
7513 1658 2354 37475 37481 60502
7514 38124 39788 42410 53825 54380 54382
7515 22931 22936 23214 24735 31451
7516 33830 33970 34644 42391 58429
7517 531 1869 3571 3760 4960 5303 5308 5475 32713 45335 51353 51538 51824
7518 2692 2693 3634 3724 8460 18291 18296 22955 23876 24271 25296 29948 30015
7519 50873 57920 57924 60196 60336
7520 1245 28909 35288 38133 39046 47435 47663 52744
7521 1470 21887 21888 28300 31640 31970 39574 45907 50542 58691
7522 44713 48437 51939 51941 53458 54548
7523 348 616 1115 1199 15472 24331 35820 37267 38487 46235 46280
7524 13455 36574 37915 55418 55762
7525 1523 15035 16544 18931 23835 25282 27410
7526 5331 8297 8337 8449 8794 8847 8859 9338 24617 24831
7527 3691 30317 31278 36017 37845 38926 59685 59686 59687
7528 15408 15848 15863 16046 54759 61901
7529 15042 43178 44795 52988 55022 56825 57030 59873
7530 3204 16789 18425 19018 60307
7531 1244 1940 3320 10809 10847 11922 15221 15258 24640 33908 34150 34161 34513 40510 40684 52781 52813 52866 53011 54170 55020 55028 55029 55985
7532 6143 24773 25524 25963 49163
7533 14375 45155 45195 45199 45344 45350 45351 45352
7534 21095 21845 21846 26843 27119 27250 27501 38063 38768
7535 15723 34072 35158 35237
7536 3176 12528 40171 40780 53370 62482
7537 16567 17380 19008 19757
7538 40878 40886 41815 43014
7539 5799 15259 16297 16398 18131 26884 27439
7540 6367 6405 6719 31459 31617 31745 32421 32505 32557
7541 13319 13344 13724 34306 41372 41373 41375 41378 42633 42974
7542 11992 15464 36738 39172 45140 60684
7543 6907 21961 21962 56616 57306 58805 58808 59788 60096
7544 26902 57375 58303 58653 58654
7545 13675 25496 38858 46345 46464 46977
7546 6082 8936 19418 21290 21291
7547 12255 12256 13178 47918 54185 58734 59200 60353
7548 285 753 6305 6368 6376 6743 8123 8361 8966 24255 30285 34910 46108 47055 47172 61821
7549 38164 39832 39833 40019 40020 40023 41954
7550 15488 40615 40643 42430 42431 43029 43066 43111 43118 44561 56200
7551 5281 5415 5455 11777 15251 36129 36848 36924 44329 44898 51003 53355 56698 56700 57142
7552 20045 20986 20994 32558 33378 39932
7553 33731 33732 33734 46467 46693
7554 38166 42225 53335 54485 54543
7555 13047 39835 39931 39939 40025
7556 9100 9385 22832 24292 24851
7557 16629 16990 18979 21099 21416
7558 35750 36027 37837 42860 48152
7559 11757 23623 26787
7560 12110 13133 44877 45452 45816 46736 46888 46889 46920 51247 51300
7561 9154 9319 10661 10896 20436 32337 45811
7562 33651 37128 61230 61734 61735
7563 1772 2020 2029 2030 8867 17718
7564 16162 16163 16192 19205 27038 41753 43026 49580 49584 54622 55386
7565 5055 7694 22724 36194 36346 36564 36732 38110 38182 38442 38715 42231 43691 45921
7566 35155 35335 37562 37563 37787 38572 38766
7567 49890 49891 50264 50270 50788 55091 55442 55507 55510 55531 59713 59764 60137
7568 34932 38328 39701 39822 49351 53613 54032
7569 8967 15814 15832 23670
7570 7182 8009 8172 8269 9265 16501 16631 16659 16907 17309 17352 17854 19267 21392 22349 24255
7571 7676 8000 9741 9743 22096 22127 24775 36599 36600 61519 62301
7572 3998 31433 31442 31449 31515 61604
7573 1097 13915 14619 39794 41431
7574 4813 5235 25350 34536 53564
7575 41851 41853 41855 41900 42595 47663
7576 1564 12362 32265 37204 47350
7577 31592 31598 32322 32696 32898
7578 26724 27190 34313 34314 35040 46692 61177 61254 61423
7579 4493 40115 41371 44288
7580 16614 17883 17885 17903 17957 19286
7581 12983 13125 13372 13374 28281 57942
7582 9028 9545 9546 41870 42118 46263
7583 3096 17617 17981 20570 20880 32140 32349 32617 33218
7584 29780 39707 46931 47983 49517 60937
7585 35550 35557 35558 35646 39607 39654 39655 39657 39661 39874 47302
7586 6319 10724 15560 32084 32449 33239 35308
7587 4397 4415 37137 40312 42487 54621
7588 2345 6636 12945 13905 13910 16905 17497 17750 19512 40637 44064
7589 2597 2612 30213 30636 30637 39743
7590 16396 39361 39517 41833 47751 47771 58512
7591 3983 36360 42686 50830 58586 60501 60541
7592 1792 1934 15140 30153 32528 47691
7593 61634 61636 61970 62362
7594 21242 21250 23008 23057 27818
7595 10879 10917 48495
7596 182 6328 27638 27747 45222
7597 42218 49583 54793 55299 55865 57286
7598 14066 39724 39902 44560 54597 62009
7599 19643 28989 33707 39810 45742
7600 5318 18629 30810 30984 32774 33005 47440
7601 34818 34819 38364 38601 39043 45422 61262
7602 17861 19898 22586 22587 23684 23834 24950 25005 25441 40576 40915
7603 16480 47948 47949 48021 48022 48023 50150 50151 50152 50743 59121 59122 59123
7604 12821 12822 12825 14064 39265 39425 54597 56624 56625
7605 226 28942 43303
7606 385 35432 35440 36005 37063 37520 37977 39645 40689 44299 50379 50433 50947 56398
7607 2743 2953 22849 23004 23410 24062 52576
7608 34464 36246 37579 37587 58255 62471
7609 6180 6181 15088 15092 20033 22115 24094 25345 26164 26179 26195 27894 27902 29912 44497 44498 47388 54510 54515
7610 31916 39615 41870 48453 54257
7611 4679 4816 4817 5303 5307 5392
7612 33416 34672 36179 37449 38300 46799 55412 56289
7613 12077 21355 27979 45068 45330
7614 19501 19713 19779 19919 21475
7615 55121 55273 57279 62084
7616 10154 22279 24405 40743 41427 48780 48818
7617 10679 35495
7618 16514 16884 19568 19683 33964
7619 424 35794 60544 60545
7620 8233 29291 29808 29809 29814
7621 2546 11963 11972 12078 32303 34602 43916 44761 45678
7622 37556 39838 40026 40338 40353
7623 41195 42471 42474 42475 42911
7624 6994 7116 7255 9214 29848 29934 30430 31376 31830 32461 37995 48773
7625 4623 5355 11496 30277 35474 37822 43604 43670 47306
7626 1518 1681 1682 4499 18830 44985 45084
7627 15377 31539 54868 61864 62395
7628 6043 27854 27904 30260 49894
7629 16234 21071 21638 26337 27532
7630 38787 54451 56844 57589 57748 58329 60385
7631 1376 11812 35101 39430 41172 45981 46631 53032 53144 54200 54560 54674 61078
7632 28527 29677 35827 58689 62402 62455
7633 16028 28279 31883 39336 50833
7634 2471 2526 10646 31754 35274
7635 790 40642 51663 51991 52067
7636 28241 28244 28336 28337
7637 1430 57979 59461
7638 4629 4822 4846 5232 8741 15191 16700 17157 17364 22959 23804 27655 36288
7639 17214 35059 41130 43383
7640 6956 7826 8617 9216 9810
7641 4724 5126 5145 5714 7792 25614
7642 1119 12869 13346 43543 57460 57948 58591 58831 61983 62126
7643 2319 2743 3089 3090 3091 11546 29909
7644 16295 33751 34630 35118 35919 36887 37683 37686 62565
7645 23226 23227 23382 23691
7646 12661 12662 12663 12697 19752 20412 24304 41976 52788 59006 60014 60194
7647 13191 14837 41506 42021 42037
7648 15167 34091 34188 34585 37535
7649 4165 5837 10411 10607 10610 11226 14785 14887 14889 15182 15302 23674 23675 32111 32803 32892 33050 41735 42223 51313 51314 51458 51459 51921
7650 3838 10917 16029 45302
7651 19729 20301 21128 23093 31463 32238
7652 22043 50103 55334 60126 61002
7653 3458 8901 48066 49765 57924 60001
7654 13333 13450 13477 13734 13854 23366 37271 41581 41857 41869 42160 43634 43637 43771 43774 45887 53552 53956
7655 1719 1720 1721 1722 1723 1857 1859 1868 10088 32635 32801 33040 34160 47153
7656 32462 36029 36586 36675 45641 47246
7657 10995 15910 17178 17406 17491 24381 24966 24967 25442 31616
7658 10230 22161 22216 43023 43029 43097
7659 4338 18468 18610 18620 18984 19010 20800 35817
7660 17665 19122 42184 42369 50902 56225 57551 59173
7661 3198 13859 13927 44479 44480 50737 52742 53146 54037 56051
7662 4897 9902 22761 57610 59456 60038 60142
7663 9556 30223 33250 45217 45227
7664 1565 4173 14675 36429 61017
7665 11017 12612 27887 31531 38854 38856 47757 56029 61099
7666 17072 17813 26413 28119 47786
7667 3251 28795 35564 36828 39578 53042 53044 59044 59706
7668 17634 19879 20813 20832 20834 21021 26587 26632 26973 29969
7669 34189 35848 36676 46318
7670 3697 3715 6388 6833 26591 34968
7671 3103 6135 6157 11890 16730 18211 19028 39825 44330 62333
7672 30397 30893 30895 45850
7673 14405 42502 43424 44097 58310 61597
7674 1337 21387 21388 21389 21390 21409 37485 45798 46366 54329
7675 11770 17221 17266 17509 18177 20506 20746 62101
7676 13220 13698 14674 33802 34034 34170 34255 34465 36160 37727 39882 41582 41586 46386
7677 16110 18622 19484 20540 21051 50070 50501 62694
7678 1630 8537 33137 48463 48503
7679 14567 36175 48568 58019 58176 60565
7680 15990 18014 20208 20884 45019
7681 7086 7457 7765 10304 23398 24321 38538 49964 55845 55920
7682 13465 13688 40502 42280 47752 50436 62665 62677
7683 9382 15805 15920 18685 19344 39151 50001 53652
7684 5697 5777 6942 7212 7815 8959 19801 22601 49068
7685 8324 15241 18086 20046 21228 23914 52115
7686 1555 3735 3736 10845 12451 12452 12599 29766 36766 36839 37031 37224 46148 47485 47488 47492
7687 3507 7616 19085 38495 38763
7688 5267 8974 22608 24085 24437
7689 13268 14160 14688 14849 47692
7690 3353 3398 35085 47334
7691 10643 10673 38413 45478 46954
7692 13587 14336 38719 41465 57708 58487 59617 59622
7693 3051 5115 7377 9349 18018 19597 19918 20631 22667 22868 23756 30217 51657 53897 54113 54115
7694 36891 36892 58541
7695 20276 26306 26340 26362 26590 26619 27067
7696 302 656 689 690 6174 7561 15366 24046
7697 58425 58435 58768 58836 61783
7698 7477 8777 14179 14450 19468 32331 49728 55311 56241 56500 56558 57471
7699 3350 4001 4018 4021 4065 56599 58253
7700 1251 2282 4638 5466 15058 22623 22646 23649 25322 32074 33149 36084 37324 44395 47710 51540 51561 52276
7701 152 4477 10426 36613 36649 38777 60245
7702 1018 15533 18795 18796 47467
7703 16186 16201 30729 33556 61978
7704 12689 13140 32655 32952 33135 36740 37498
7705 8592 10288 10353 22316 23053 32017 32018 48914 51324
7706 7100 7685 8463 10658 11585
7707 11828 17115 19237 27315 36408
7708 47664 50770 50772 55021 55027 55364 55830 56623
7709 3249 43019 43026 53052 53115 62090
7710 31053 31994 32215 33150 33495 33927 35370
7711 35521 36514 36517 37246
7712 13224 39898 40048 41011 42630 44391 47631 52445 53416 53586
7713 12951 40024 42534 42897 54183 54184
7714 3485 7623 10163 15004 16810 21064 22149 22231 27400 27474 46469 61876
7715 18057 33560 34129 52957 53464
7716 4318 6752 28151 29226 29248 34607
7717 5712 11441 11459 24433 40824 40825 41445 42583 44689 61865
7718 7459 15296 16630 19903 20071 44784
7719 2321 20736 31600 32696 35093
7720 40175 40398 40777 40778 41300 43036
7721 27514 28766 32504 32661 48016 61666
7722 7511 7764 8438 8852 9413 17493 18142 31748
7723 8128 14044 22267 22857 25130 34378 35632 37684
7724 19983 31536 35650 52375
7725 7888 8456 8746 9143 9353
7726 6278 27754 27756 27760 47051
7727 29 12135 19367 20414 30521 30561 62323
7728 8988 24998 25216 37963 48998
7729 3586 3588 3589 12424 47867
7730 38 3750 37800 45814 46811 47085 61025 61087 61571 61713 62028 62074 62251
7731 7746 32993 44361 58535 61927
7732 8331 8684 11485 14957 44463 44464 45241
7733 4208 4210 6472 13115 13120 13857 32779 35638 35836 36860 37319 38161 38321 38627 45462 45804 47158 47607 51401 52297 52617 54693 55567 58759 59437
7734 18781 19253 19266 19273 19281 26143
7735 419 29134 41087
7736 16677 21488 21510 21610 21635 61887
7737 7340 16781 27431 27441 36090 38242
7738 5444 10133 10134 26979
7739 6017 6054 6142 6216 6226 33580
7740 1307 3292 33776 36867 40617 44386 45564 46281
7741 12193 39094 45151 46813 46814 49039
7742 19210 20837 21538 21650 21702 26071 26257
7743 21687 26809 26811 27274 29299 29307 29310 29311 29315 29326
7744 19030 32533 36674 40076
7745 14189 14318 14755 48580 53340
7746 4321 8709 8895 9123 10149 24289
7747 4148 49655 58286 61887
7748 1184 14651 35047 38992 45618 45769 53604
7749 52787 52803 52842 53087 53169 55649 56346
7750 685 28002 29589 29972 58004 59265 60878 60890
7751 47925 55883 56037 56038 62442
7752 4372 4374 4375 4377 30490 35753 36174 38097 50885
7753 8175 20908 20909
7754 27482 57630 58577 58580 58581 58622 58623
7755 1924 10388 16829 19172 20355 31669
7756 13309 14555 38208 52908 62108
7757 15197 17264 19829 20958 32867
7758 25653 25654 25655 25656 42239 43153 43701 47514 47648
7759 4843 8036 8406 9036 9628 11784 30662 43736 53280 53291 54593
7760 29166 31185 31327 34256 56442
7761 17525 17695 17696 18158 19807 20019 20314 20315 21060 21130 31363 45265
7762 2293 2950 2986 2994 27937 27955 27957 28053 29973 30008 30229
7763 37383 40911 43243 55543 61040
7764 4127 10670 16403 16744 26246 59260
7765 218 1737 6012 6774 10102 11844 13547 16198 22130 45528 52159
7766 1410 35911 35917 36378 37171
7767 12900 14076 14077 22542 24166 56674 59821
7768 7817 11179 16592 17060 17328 19892 24561 25178 25212 32660 32852
7769 3400 4642 21642 36046
7770 22848 39843 39938 40415 42491 43958
7771 12906 13843 14234 14314 21480 32740 33454 36466 53864 59480
7772 5171 20025 24409 49748 61486
7773 10503 22100 29296 29331 30774 31930 32039 32293 32327 40142 61275 62260
7774 18439 19465 20479 20489 32926
7775 23152
7776 11107 19070 27607 27686 32241
7777 35163 45890 47788 56798
7778 6943 11063 22945 23079 24228 24593 25044 28482 36673
7779 32050 32842 33449 37793
7780 15362 15637 19014 27592 27674 28828 32376 32378
7781 3207 36104 36767 39732 47759 47875
7782 39015 47376 47430 60768 61638
7783 1714 1802 1808 2009 4291 4316 5228 5265 8289 10962 12062 12443 15189 24080 24246 24787 25727 27903 27915 28345 28410 28669 31402 35013 35100 51674 51746 51892 53035 53852 53933 54119
7784 5729 5730 11195 23064 23468 23605 25310
7785 847 31255 48107 48581 51171 52388
7786 979 6621 15555 28269 29236
7787 13302 14298 18199 19550 40064 40065 41707 43384 44405 53944 53946
7788 82 480 6122 12058 14358
7789 13246 13259 16722 20109 22093 44149 57484 59263 59492 61998
7790 30234 49800 50897 55923 56533
7791 11849 11877 12282 15094 15095 31125 31146 31159 45154 55872 55873 56924 57018
7792 25447 40574 42398 42891 44766 50971 53449
7793 19710 19789 20144 20910 31996 31997
7794 10870 11001 21558 21578 21671 26352
7795 1410 1423 11489 20878 23175 25135 25155 25567 58528 58986 60345 61292
7796 39382 42454 43290 56218 56241
7797 6960 8651 8743 9393 9442 9738 9868 10056 10072 10393 10692 22207 24889 25170 25450 25823 30233 49125
7798 963 968 28073 28085 29903
7799 1919 1920 31613 31653 32501 50983
7800 1686 1942 2012 9767 10674 22982 23941 28671 30563
7801 3692 4106 4179 4180 12682 12701 12702 42256 47465 56605 56692 56986 56995 59885 60724
7802 1837 1852 1879 1880 2076 15651 32861 33165 33420
7803 12638 38621 43530 49355 51063 51610 54234 54686
7804 23330 36947 40082 51407 55266 60002
7805 148 1933 3857 30736 36861 48872 61452
7806 9350 9901 11811 14951 17703 21286 21289 21386 26153 26660 26783 29346 53557 55375 55749
7807 14100 16938 27420 27449 48771
7808 4358 34405 38103 38417 45841 47030 49021
7809 19868 20930 21151 22521 22785
7810 18236 18375 19204 21748 21776
7811 39375 39643 40582 41540 42544
7812 36624 37850 39524 40556 42049 42373 43552 44588 52877 53809 53810 54339 54671
7813 40900 42698 42704 43445 43446 43447
7814 1148 2508 5173 14870 25536 25537 40730 49135 52135 58834
7815 16701 17313 17377 17558 19810 20113 27112 47785
7816 1410 4380 6087 7751 11980 22040 27785
7817 1170 12608 13261 14293 24803 24804 43767
7818 10913 10937 11002
7819 2592 13241 16805 16980 19390 19656 26672 27081 29921 30429 60880
7820 3388 26869 26874 34970 37274 39246 39321 39323 39324 39325 40116 40187 42311
7821 3338 4017 12757 13981 14734 38523 38584 38953 38966 47815 47862 48175 48602 58142 60847 60955
7822 13623 33988 34052 36530 38010 44572 54648
7823 3241 3306 4368 45975
7824 29347 38660 51107 51109 59827
7825 34186 34527 36785 37088 38131 50374 62490
7826 5528 7411 7916 8362 8461 8468 9082 9977 10220 22889 25658 25712
7827 4233 21474 21503 21542 27528
7828 5426 12028 12408 33555 35318 54549
7829 889 42151 42175 44106 55442
7830 1235 1241 12637 14400 31184 35561 37834 46589 47265 47409
7831 6690 16049 28442 28763 29239
7832 36277 36904 36905 36975 37339 37789 37969 38347 38818 38819 39166
7833 7327 22507 23887 24116 28522 28759
7834 5034 5585 51731 61638 61897
7835 3150 22607 23376 23381 48513
7836 13158 16343 18569 19085 27520 30705 53183
7837 7253 19665 19679 19680 20285 27517 30617 49174
7838 1926 9354 9358 24397 32522 32553 52106
7839 34577 42745 46250 58755 60466
7840 7367 9881 15164 16872 17699 19060 21148 46186
7841 11958 11988 12057 14446 14448 45644
7842 1695 1733 1908 2004 3816 3862 3865 16070 30929
7843 10538 29601 39515 45659 48940 62720
7844 1517 2545 3101 12531 46956 49919 55830 55933 56634 59872
7845 7165 7316 7327 7414 7616 8388 9901 10181
7846 959 960 999 27946 47398
7847 1910 1911 3016 3451 3911
7848 3957 40410 40412 43947 54308 54314
7849 1169 4327 6785 57045 59422
7850 7359 11279 17331 22847 23772 24350 24420 25955 32718 52735
7851 3414 13440 13935 50340 60262
7852 11663 13099 29992 30312 32199 37012 43950 44847 51752
7853 38356 46049 47421 48471 48597
7854 34102 34845 36028 36356 36603 38993
7855 32686 35720 61281 61502 62574
7856 470 11514 15784 19056 19205 19212
7857 8748 11240 28577 28772 36754
7858 13793 21795 21891 21936 36105 38655 39080 39108
7859 674 3541 21438 36668 60811
7860 7756 7758 8938 18501 22567 25159 25315 33428
7861 2761 2930 47599 47613
7862 3752 12759 35573 38494 40000 42208 47954 49378 49408 50837 50917 57244
7863 4925 16563 16688 17511 17518 26092 28143 28452 30483
7864 17612 17859 23666 24614 25032 25091 25917
7865 5633 9341 9342 11101 11124 11155 12371 16517 16542 18182 18414 23978 24981 51396 51843 55012 55371
7866 184 10598 30247 40602 62110
7867 489 570 12248 15682 28440 32992 45093 53114
7868 42969 57975 58451 58454 58675 58686 58693 58724 58726 59159
7869 10932 30057 49809 49988
7870 1436 1447 1539 7187 16330 21153 22298 23801 23802 25259 34448 46340 46362 54847
7871 1665 27017 61250 61401 62098
7872 12674 20128 20656 39535 39988 42402 44161
7873 1716 3835 22911 31429 31500 32207
7874 18285 28776 39855 39866 40686 40960 41341 41342 41343 41344 41345 41346 42111 44087
7875 28270 30984
7876 8693 22415 26579 31711
7877 38044 49845 49992 55124 61631
7878 2132 15962 23795 30777
7879 47869
7880 21453 26663 26664 46044 52074
7881 920 11796 24588 28507 30281 40234 41636 41845 41850 41852 42243 42984 43159 43701 49586
7882 58412 59457 60503
7883 451 10622 16508 17131 26677 28352
7884 6025 9117 9614 19356 23558 33696 34284 37275 46807 57111
7885 97 141 179 183 6749 10766 22530 32495 32785 32818 46925 47620 47651 53253 53282
7886 31098 31099 31100 36131
7887 321 6648 9080 11552 11601 11732 11765 15750 32946 33030 52196
7888 2406 19371 19402 29887 61462 61469
7889 1430 5435 11538 15356 28339
7890 1762 1782 1807 3084 47680 47681
7891 983 29530 29810 29811 29813 30495 30657 60656
7892 27829 27830 27862 27866 27874 27907 27908 27909 28451
7893 5384 9552 16568 16654 18871 19363 20146 20806 22798 30470
7894 16401 16703 18401 18982 19034 19475
7895 15253 15277 19760 44289
7896 33891 34697 37478 37612 55543
7897 15589 28265 28273 28903
7898 7539 9271 9415 9540 10406 10407 33877 34195 51565
7899 13197 46023 46563 47155 51256 51289 52443 52680
7900 16276 17452 18775 19154 30983 34199
7901 27615 28928 29134 32201 37408 46249 50567 56043
7902 3519 3520 3896 18735 20420 20446 21346 34662 35834 37500 38247 44141 44142 47677 55688 58847 59028
7903 4098 32409 36275 36359 39097 45833 57959 60244
7904 6878 7879 11126 16470 16967 18147 46174 46175
7905 49774 50766 57922 59309 59622
7906 17054 20794 31592 59699
7907 52913 56942 57419 57420 58106 58969 60413
7908 6307 36350 39726 56149 57159 61880
7909 8335 8917 9134 9153 9294 9714 10352 29639 45092 45289 45356 48826 48837 48848 48878
7910 13569 13963 37493 47823 48048 50528 55032 56154 56617 56975 57224 58408
7911 13182 41631 47451 51101 53523 54030 56036
7912 6 14016 14089 22812 35725 36520 38273 44766 54008 54025 55655 57885
7913 35899 39834 39934 40889 42173
7914 16650 16657 16674 16777 17428 45696
7915 16797 17739 18310 18359 18360 18371 18611 18672 19732
7916 16499 17252 19441 19658 25209 25720
7917 40583 41352 41470 41471 41627 41799 42427 43567 46753
7918 5708 7828 22328 24024 45216
7919 4328 11539 11729 11839
7920 14998 38085 40043 54916 56568 57706 60254 60961
7921 3972 3994 17089 17091 21582 22609 31789 48230 60980 61635
7922 16773 16774 31869 31884 32380 32381 32830 32893
7923 8545 9131 10284 61824
7924 23676 37338 37690 42132 44174 44845 46031 47042 47071 47084 47203 52242 52280 53455 54636 57675 57679
7925 2683 2684 6930 7195 7397 22116 23727 28465 29541 30008 34496 58952
7926 40787 42508 42579 43570 43593 43813 44643 44644 44645 44649 44653 44654 53260 53265 54128 54229 54342 54346 54406 54631 62199
7927 42628 48035 55801 57666 57672 59683
7928 36281 39099 39102 49541 54559
7929 7092 7778 11806 13814 26703 38878 54657
7930 7455 20525 21031 21052 22551
7931 1744 1751 61037 61054
7932 893 6027 6177 6420 6542 6723 22361 31302
7933 3309 11083 11159 21258 23071 24554 49109 52873
7934 39627 41626 53262 60653 62391
7935 2485 7260 7676 7791 17745 20914 23000 23353 23581 25889 30790 42289 42356 43984 44789 49209
7936 1604 4522 46573 46993 54247 54651 54659 56096 61317 62494 62514
7937 8257 12391 24999 46180 47119 48868 49128
7938 46392 46826 46827 47848 53590
7939 9013 9199 9921 27685 48507
7940 13461 26691 59425 61887
7941 1036 3955 12827 13189 52713 56685 60887 60915
7942 13429 13430 40927 43022 43029 54132
7943 22091 35464 39897 47274 61290
7944 38078 38770 50315 50503
7945 34506 48148 48201 58011 59936
7946 1727 1767 3863 5144 5349 47661
7947 5321 8726 16985 17905 46556 46738 51100
7948 4064 9942 18588 20279 26569 26718 26723 55274 56277
7949 12120 23259 56109 59581 61850
7950 11955 12400 22391 23693 23796 46750
7951 10000 10199 18738 23550 46819 46941 47024 47196 49085
7952 27289 27319 27335 47818 47829 47833
7953 4444 4462 14167 45384 48600
7954 13422 13556 13557 14596 14597 44165 44350 44629 60309 61539
7955 2546 6073 6232 9471 16690 29218 47058
7956 2546 6459 13213 15230 17582 18141 18403 21454 27590 46342 52298
7957 1569 4934 5125 5910 21437 26641 26784 26876 29551 31383 31927 47802 50751 55494 56228 56956 62487 62606
7958 83 164 28323 29167 31983
7959 758 6536 6539 7968 10493 10610 11113 11388 15743 16039 23641 24325 24449 24688 29576
7960 53374 54050 54052 54057 60423
7961 8034 8362 8797 8962 9024 9025
7962 18964 33247 38440
7963 13938 14538 22227 25874 37421 46541
7964 12455 12456 12542 38026 38527
7965 6510 23863 25148 36790 49039 60532
7966 2205 2221 2222 2224 2554 2559 2681 2898 29951
7967 805 5602 11981 22297 23776 24201 24693 30482 52546 56294 62484
7968 1327 1537 1569 12202 30471 30506 35376 36135 37918 38898 48436 48663 48670 48674
7969 52177 57355 58207 59967
7970 23815 34704 34709 40212 40758 62298 62363
7971 7213 47036 47048 49752 61085
7972 2167 17888 17920 18111 30811 30951 48965
7973 2646 2876 2963 11144 11323 16989 18684 19365
7974 29726 36985 40929 42782 56315 57636 59958
7975 3707 3709 55047 55612 57434 57700 59657
7976 16222 16239 19090 19161 32224
7977 4238 7693 52989 52990 61747
7978 37941 38446 39160 39161 39162 39248
7979 36479 37119 37784 39067 48510 60009 60624
7980 9063 9064 19349 19353 31019 52833
7981 13153 29147 29194 40727 54090 54679
7982 12667 48340 58444 59030 60314
7983 1013 1017 2459 10945 29355 30070 30155 35002 35260 53639 54075 54521
7984 2144 2180 18857 19811 26415 26934 27165 29066 39304 54598
7985 14623 14884 35560 58585 59445 59465 59467 59639 60486
7986 12598 14984 29758 34573 42478 61343
7987 14760 30755 33902 37471
7988 671 19326 28172 29232 29235 60934
7989 4745 22601 24352 36557 52045 53299
7990 12331 33585 33948 34005 34078 34452 45407
7991 30324 31178 44886 61773 61774
7992 13288 13551 13894 14242 14343 14770 47991 48143 48144 48167 48350 55891 55893 56729
7993 17797 19186 19210 19220 19257 23545 24661 24756 25237 26434
7994 30358 31217 31225
7995 35810 42066 45508 46172
7996 28479 28579 28609 28619 28778 29205 29221 35082 35235 35867 36658 62567
7997 5113 19132 19136 19312
7998 22373 23154 24123 24832 25088
7999 5157 5493 19554 20228 21518 28748 29415 29669 38624 51044
8000 2202 2798 4644 4729 5261 5969 26086 29990 30075 30461 37112 51039 51103 52410
8001 9759 23571 33018 42131 48850
8002 13396 46615 57951 61233
8003 35876 51376 51418 51573 52146 52646
8004 4763 11384 13041 27444 27666 54117
8005 36531 37539 38679 47358 47462
8006 10527 17023 20533 24437 28423 28546 40369 42624 44708 55624 55908
8007 5478 5831 18184 33376 41439 42486 61541
8008 14002 34106 36711 36712 42497 49437
8009 3130 47262 48263 56666 58387 59453 60949
8010 34741 35212 37759 47318 57782
8011 2214 2219 28158 30020 30201 33595
8012 39173 39245 50311 50312
8013 9372 9534 9551 9710 9929 11373
8014 23386 24562 24875 25362 28706
8015 4146 27082 45396
8016 741 860 29233 29252
8017 1496 4405 48539 48541 48635
8018 1211 34213 34707 35809 57834 57836
8019 17357 17422 18764 20413 44474
8020 17877 17920 17921 38126 50661 50662 50841 50842 62429
8021 11151 11152 11153
8022 11261 21926 21938 22699 52955
8023 4692 4970 4971 22155 36725 39408 52777
8024 1730 1833 11908 29295 34842 62385
8025 2484 7270 7655 7975 8960 9253 11861 24467 47763
8026 16087 16088 16091 16095 28939 28967 28978 28979 29007 29008 29156 29161
8027 6549 6997 9622 9685 10011 15646
8028 24330 24470 24502 30984 56085 56087
8029 634 2457 4416 6261 24211 25581
8030 7906 11088 15474 23594 23828 23912 23968 24231 25855
8031 13083 40406 41104 42993 43041 43463 44700 53164 57270
8032 14172 14416 36358 36699 36870
8033 1302 8734 22304 23849 25047 28769
8034 18734 38259 38260 42756 59772
8035 7228 22739 23195 24525 25888 46779 51268 51569 51637 51804 51985
8036 19493 20286 20310 20311 20418 21175
8037 1208 16264 25560 25837 34627 38146 45496 51097 54099 55559
8038 13554 13581 14988 14989 15014 15015 17672 20126 44922 44965
8039 15472 15683 15818 15945 16009
8040 5048 5152 6991 7360 8161 13559 13577 17045 22795 30873 30886 32045 32424 32445 32636 32705 56602 57528 57530
8041 10667
8042 13594 39309 40221 40316 44563 47257 47297 47731 54601 56891 57431 62379
8043 5092 7058 8071 29708 39275 45322 53442
8044 367 3313 50813 58368 58511 58890
8045 19130 23760 25027 25766 39331 39333 45189
8046 35954 47475 48219 49939 55578 61645
8047 1916 2069 2071 7087 8909 32633 33284 47626
8048 7299 7528 7989 8332 8373 10292 10339 22887 23290 48945 49062 49082 49119 52878 52879 53361 59613 60456
8049 26533 26792 28969 30265 33750 50392 50733 56642
8050 1377 4013 39984 42056 42433
8051 631 694 695 2515 2889 3556 3804 3841 7455 8745 10399 11602 22425 26628 26630 28912 31254 31306 32776 43034 43035 48836 50378 60655
8052 223 30489 50959 61566 62669
8053 2422 7391 7633 7642 8103 8311 8639 8871 12172
8054 4352 37226 47262 47941
8055 37838 47850 48181 48189 48324 48328
8056 13208 31197 38275 39096 43707 44140 61799
8057 3787 3788 6600 31596 47190 47191 62058
8058 29210 47288 47971 47972 48485
8059 868 29193 30302 30379 31294 31323
8060 34254 34260 54005 54132
8061 37592 48432 48447 48645
8062 4867 16856 33738 45388 60695
8063 30522 39707 40244 41420 57713
8064 9953 25134 25139 25140
8065 16261 18052 20319 24809 25728 39981
8066 2572 21591 22919 29917 36099 59632 62183
8067 2138 2176 16652 16671 17100 19893
8068 14165 36390 36623 47422 47834 48557
8069 5974 7043 12434 12514 12553 13510 15266 24678 36221 44874 45016 46223
8070 34516 40320 43154 43222 47930 50641 50912 55577 56814 57562 59204 60729 60936 61423 62343
8071 14399 14982 38512 38565 40061 40793
8072 2135 28146 28148 28154
8073 12299 12300 35195 35208 45219 62355
8074 974 6480 6607 29203 31202 31292
8075 9339 9515 22368 23198 48955
8076 1237 1502 4367 11904 31006 34148 34205 37018
8077 4761 7603 7907 7956 8250 8478 8683 8712 8847 9555 17004 18975 19165 21656 31355 47233 49062 49151
8078 8194 9807 10304 21068 61104
8079 4126 31033 34948 35273 48281 57326 59918 60520
8080 28311 31652 31972 32135 32691
8081 6184 6185 8806 11858 25467 26972 30457 33562 52956
8082 1701 2065 9270 9404 9405 9509 9983 10146
8083 2792 2793 2794 13323 35917 41531 53439 53454 55070 55154 55191
8084 2454 13393 16813 17795 21951 35977 46166 50943 50945 57179
8085 26488 26534 26814 34185 34647
8086 35554 36966 37179 38794 48573
8087 44663 54197 54409 54412 54422
8088 44968 61047 61138
8089 14427 21039 41053 43176 54140
8090 6131 6159 7496 7687 8242 8918 9663 9851 22151 22259 24949 25327 25328 25774 28709 40087
8091 4690 5060 17947 19630 20039 20040 56604 60617
8092 60959 60999 61000
8093 41038 41039 41262 41264
8094 181 6656 22307 29133 37728 38138 40725 55692
8095 16428 16724 27901 30347
8096 464 908
8097 36428 36785 37205 42065 50522
8098 16242 18056 36322 38102 48135
8099 2394 2498 6920 7061 7234 7430 7765 7769 7858 7859 7860 8006 8475 9705 9987 10248 36617 45327 53753 53780
8100 3225 3987 7399 7482 7538 12882 14492 15072 15083 15156 15227 25903 26845 32761 50450 50451 50861 50862 51922 51923 51937
8101 10956 14533 45041 51173 51187
8102 13325 13525 36148 41102 44601 46447 59959
8103 14402 16604 19391 20185 21565 23640 32281 33215 36631
8104 127 19395 22456 29197
8105 1536 21984 36941 37260 38564 38782
8106 10595 10627 10628 10632 10633 10648 10686 10689 34277 48411
8107 445 504 7939 23607 25492 25504 25643
8108 28991 29099 36780 57123
8109 15453 15455 19003 29933 57064
8110 10609 17670 17671 21035 23876 23877 27715 27716 31687 49035 49108
8111 41283 41979
8112 1948 1991 15348 25398 35636 53907 54086 54092
8113 29768 29778 38612 39387 41040 41773 43128 43406 44107
8114 34210 35026 35097 35191 61526
8115 50370 50823 57269 57280 58767 59185 59188
8116 232 1388 21296 62411
8117 11694 12606 22186 24082 25835 27463 30533 33229 38365 44175 46519 52205 55296 59208
8118 2943 3042 28059 28288 29172 30530 53354
8119 29340 29341 29342 29343 29344 48511
8120 6607 22715 33868 59391 59392 59394 59398
8121 36606 36947 37615 38213 58926 59357 59360 59361 59731
8122 16194 20788 26689 26882 30162
8123 21344 36598 43309 43546 43565 54299
8124 7458 15333 16582 20058
8125 21505 37663 40847 48017 58034
8126 43656 43659 43838 44075 51014 53791 54291
8127 15634 22198 29257 31223 46309 48484
8128 2760 5581 7781 10205 12733 29560 29584 29603 49743 51306 53129
8129 2306 2318 2491 2520 3231 28723 30149 32705 44813 44817
8130 7971 34511 41070 44764
8131 3180 38629 39819 40603 42734 53592 53593 54545
8132 10836 18729 18743 18745 21324 21373 21863 21964 30984 34530
8133 1178 1326 35812 39467 48620
8134 3170 3173 17764 47847 56622 61403
8135 1066 4253 35667 47454 49724
8136 1889 8965 25589 27618 34860 34866 47603 52661
8137 6342 6585 6675 6769 15482 15526
8138 31069 31115 34434 45031 48104 60675
8139 3931 4005 36918 40865 55064 60571
8140 13355 13965 39510 43861 53607
8141 699 11573 11712 38237 39126 40579 41902 59949
8142 34994 35012 35013 35014 46138
8143 22220 24133 31152 34304 44993 50077
8144 61028 61029 61733
8145 10833 10837 10856 39547 43229 48318 48319 50128 53716 54052 56515 57807
8146 9060 14220 14221 14225 14521 23236 41057 42227 43449
8147 6884 11719 16874 17394 35135
8148 4543 8986 11462 61344 61485 62319
8149 3202 3247 27732 40866 46289
8150 7334 7455 7465 9264 22639 25368 49053 49111
8151 1255 10803 35825 41848 47304
8152 1682 4202 24874 48443 48449
8153 2242 2884 29752 51039 54938 59290
8154 108 112 114 158 165 175 15578 16768 18978 19024 20690 20691 28264 28289 28311 28880 29015 29021 29081
8155 43560 43667 53406 53825 54252
8156 39037 44136 44724
8157 7719 8433 22926 48769 57826
8158 2399 5873 13424 29330 29688 29757 42504 44322 47697 48512 55678 56330 57193 57881 59280 59410
8159 3888 6996 24300 24302 46259 49577
8160 1112 31527 31565 31969 32601 39832 53723 53935
8161 34226 36882 37811 37880 38955
8162 7632 19522 31782 33054
8163 3951 13051 13489 26173 26426 55592 60579
8164 35999 36756 37286 37432 37954 39079 60733
8165 44998 45088 45316 45359 45360 45361
8166 641 45446 45447 61015 61235
8167 5089 8100 8619 22174 22212 22672 22999 24453 24521 24523 24728 24812 29599 29609 29785 29786 29790 29793 29794 44738 46832 52098 58864
8168 33858 45948 61093 61915
8169 834 5674 16202 27354 38030
8170 5383 11064 13160 13161 14106 18984 19536 20725 31161 39571 60345
8171 5011 22485 24557 24559 45642
8172 1239 1242 36168 38856 41825 56358
8173 1535 7471 9167 11172 24029 25197
8174 3948 34688 46236 52801 52818 52839 52909 53375
8175 4317 6802 15884 16002 35090 46012 62158
8176 8359 25454 31948 33265 48834 52469
8177 39819 40060 44407 52846 55694 58034 60483
8178 3693 3721 3723 11798 47766 47835 55026 56621 56635
8179 1063 30873 41480 53934
8180 9140 26235 45741 51246 52084 61380
8181 41775 42098 53365 53366 53890 53891 53892
8182 16824 17368 24245 51374 52239
8183 5121 5122 5556 7873 9673 15503 27982 45434 45940 61456
8184 24278 28822 45170 54685 59356
8185 15121 21525 24112 24113 27075 27076 29483 29491 30573 30682 34116 48250 51516 51781 52079
8186 7774 8326 8464 13506 13818 32291 32460 32973 52498
8187 7366 8890 9600 31904 32418 32652 33405 48731 48736
8188 12470 34151 34153 58572
8189 37625 38901 55462 57186 57588 57990
8190 39746 39871 40132 40145 40152 40378
8191 5359 6152 6165 9640 9856 9874 9915 10073 10125 11295 16620 17201 19783 19784 24236 24714 25483 28593 28595 53083 59816
8192 5883 10950 11603 35375
8193 3165 3460 13976 41284 41930 44212 53256 54385
8194 23267 23831 24208 24369 24622 25076 25161 25506 25845 25964 25966 62649
8195 8921 9939 10445 10452 10630 10875 10890 24155 25223 25795 29698 31668 31951 32781 44311
8196 2778 16567 16745 17274 20587 26868
8197 15608 28252 28264 36091
8198 1243 38459 41727 42401 42403 44765 45231 58823 62430
8199 34634 38904 38905 48177 50320
8200 29211 62537
8201 77 752
8202 5452 15231 15270 38829 43836 44635 46786 47872 47895 47896 51808 51927 52013 52166 60352
8203 4621 6128 7317 9904 32472 32547
8204 29213 37062 48657 49436 49608
8205 24268 30863 31416
8206 1515 15119 45205 46238
8207 40542 42450 42523 44397 57924
8208 6083 25841 27833
8209 35862 39678 42248 42360 42363 43273 47481 48120 48207 53006 53239 53817 54444 54450 54452 54453 54455
8210 41201 42099 42100 53077 59990 59991
8211 44353 44586 53009 53534 54574
8212 1120 1121 62077 62079 62314 62389
8213 16771 20076 50153 58357 60100
8214 7484 8418 11385 13530 23596 24913 33276
8215 3560 36884 36885 50766 55576 61926
8216 34940 34941 34942 34943 34944 61414 62477 62549 62550 62551 62553
8217 4034 4087 23492 37499 41526 44420
8218 6629 6757 6844 6847 46224
8219 13090 35478 38507 38513 38515
8220 7834 11863 36397 42989 48409 48415 55235 56131 59534 59552 60355
8221 16357 17675 17731 39828 39847
8222 16195 16196 27147 38436 48583
8223 11029 23729 25621 25703 25752
8224 6533 30447 33411 48682 52063 52064 53203
8225 1125 1382 38530 40164 40165 43728 53195
8226 312 4759 4885 5611 8003 8478 23040 23112 23780 24996 25220
8227 13856 14409 39492 39602 57763
8228 22875 24328 24344 24478 24858 25894
8229 41969 43608 43975 53266 53720
8230 3632 54808 54914 55623 57924
8231 308 14411 14563 33596 45669 45744 52804
8232 3448 4252 28016 30008 35880 38244
8233 34074 34955 50611 55433 57139
8234 6502 29100
8235 1688 1689 1705 1765 1839 30435 30438 32990
8236 14176 47784 60526 60725 60726
8237 1569 11833 15127 34301 39530 39531 39543 39647 40107 41289 45964 47293 53353
8238 45487 45625 45626 46059 47082 52110
8239 35742 35758 38955 46156 47425
8240 2340 13768 18391 18437 19016 19270 20045 27457
8241 6607 6685 6820 31960 32463 33414 33488
8242 38761 38782 48467 61351 61953
8243 8365 8407 8779 9023 9796 15022 16255 21174 30681 30766 30819 45145 45263 49179 55168 56394
8244 10818 32505 42068 42069 43087 43112 43147
8245 8633 22102 22569 22757 22779 22834 23349 23351 23891 27820
8246 1545 2822 2823 5705 29853 41620
8247 6303 28424 29373 30129 31759 51408 61045
8248 3540 11345 15143 15147 17937 20777 22068 23430 26526 26946 27307 29767 39726 54486 57115
8249 42904 42954 43320 43324 43325 43331 43333 43346 43348 49488 58468 58513
8250 16543 16711 17104 17471 17519 19255 19299 19378 26436 41516
8251 11504 11547 13514 37195
8252 4661 15178 15966 61782 61957 61958
8253 7046 7925 8090 8439 8489 8696 8823 9124 9337 9840 10187 11372 11376 22469 23061 24663 45556 51919
8254 6889 32288 32775 32841 33464 48931 48959
8255 35793 37099 45920 47431 49865 49953 49954
8256 40162 40320 40402 40443 44538 53426 53427 53428 54950 55298
8257 39590 40209 40483 40688 40741 40805 40959 41566 41927 41931 43157 43302 43681 44229 44343 56821
8258 11127 13674 18966 31120
8259 2423 34184 34189 34247 50613
8260 12810 39763 41281 41872 43041
8261 26963 27207 41846 42640
8262 4547 4566 4576 24459 24469 35167 40476 40479 40481 41030 42768 42769 42770 42771
8263 2547 2549 5878 21672 21943 27954 27966 27975 28032 29582 29700 29701 29825 30242 35729 38472 38475 38646 38803 41046 41474 42772 43883 44799 47411 47679 53314 53316 53317 54599 55349 56335 58680 58874 60057 60492 60648 61513 62336
8264 25107 25136 25138 25139 25140 49609 49610
8265 670 7503 16608 16609 16610 16611
8266 1044 1289 37482 40068 41460 53198
8267 12950 13171 14092 39575 42177 43152 45829 56088 58271 61926
8268 12260 27421 27559 30700 45100
8269 30745 39857 62465
8270 25254 25978 25979 25982 26018
8271 3131 3191 38606 38716 53640 54277
8272 843 4971 5322 8265 9544 9887 24035 36683 46092 49860 49861 52635 53453 55737 57684 60064 62329 62330
8273 6311 6601 7035 8330 9042 9136 9719 9726 10215 10357 10359 11686
8274 31868 33574 33575 44974 49340 60681
8275 11857 22041 34549 50852 51008 55393 56023 57900 57938 58942 59276 59301 59418 59570 60516
8276 3803 11806 11920 11925 46927 47336
8277 6661 8864 11491 11497 11703 33909
8278 3227 6891 7141 7409 7897 9239 60806
8279 1439 2786 5103 57163 59039 60921 60922
8280 8277 12912 13164 13364 59694 59712
8281 7405 7491 15883 32105 35634 58103
8282 28653 28654 28655 37840
8283 3940 9988 25404 32024 32560 32572 32819 49056
8284 2445 5750 20879 28311 30114
8285 3575 16070 26732 33256 40785 62693
8286 3934 3935 3936 3949 56899
8287 35165 35224 39475 39539 40442 41733 44518
8288 1440 1557 3602 10813
8289 1774 13502 13503 22125 22468 22717 23262 23699 32983 46542 51305 51696 52790 53119 53120 53140 54175 54804 62419
8290 8255 12884 41820 44346 54458
8291 25786 38354 38408 38792 39025 52568 54680 55372
8292 1958 2087 15484 33306 61212
8293 1736 1766 1988 2057 10550 15972 16146 27648 28181 28197 32429
8294 33692 39035 39044 47205 59136
8295 9693 20123 20841 20850 21094 49659 58479
8296 5456 5772 11216 11281 11423 24532
8297 7079 7080 7239 7240 24911 51185
8298 50354 50388 56894 56895 57548
8299 8869 22236 22315 22414 22430 23111 23117 23118 23120 24061 24403 24798
8300 38283 38284 38285 38286 38287 38288 46248 46494 46496 46591 46592 46661 46662 46663 46664
8301 6241 48607
8302 10050 30398 43657 44281 52928 53645 58905
8303 12837 14323 43287 44211 44348 49405 49407 49533 49716
8304 2589 21471 21494 21941 36795 45924
8305 57615 57744 58748 60426
8306 12934 14289 29614 29691 29815 30628 30629 37251 45403 46468 51214 55968
8307 34723 36087 45646 50088 56877
8308 33994 36095 38810 42851 42852 57568 58564 58994 59540 59618
8309 22515 23048 23245 23428 23549 23775 24191 24227 24367 24591 24785 24786 25151 25597 25838 25858 26896 27144 27268 49652
8310 4941 7131 44852 44859 49172
8311 567 691 692 714 724 4409 7452 7518 7557 7689 8889 11037 11135 15773 27654 27682 52369
8312 7305 7308 39601 40822
8313 18706 18709 33620 34178 34564
8314 31106 31136 36543 48440 48613
8315 4254 5783 5930 10013 29313
8316 26098 26099 27314 38100 44502 44503 51345 52367
8317 11045 16934 20281 20464 20661
8318 17288 27186 30016 30829 32181 32182 32568 32929 49462 49653
8319 2097 6895 8495 13552 14113 23805 24134 43048
8320 7443 8251 9658 24099 24196 24396 25275 25466 25598
8321 14408 14635 14831 14836
8322 14036 34109 36038 52868 54224 54618
8323 21859 21860 21862 37041 42179
8324 34713 36133 36144 37193 39157 45536 47283 50972
8325 7431 8482 8901 10036 15115 22257
8326 33917 39311 40506 56644
8327 18035 22278 23869 25612 27318 35638
8328 33714 34229 34504 57780 59246
8329 1421 31047 35462 42150 55490 55621 59431 61413
8330 2341 3478 4241 11482 19373 19374 27786 30005 33528 39315 39742 40608 40613 40985 41330 41499 42299 45201 47545 48406 49831
8331 1627 15563 15787
8332 44722 59506 59696 60290
8333 405 12753 13141 15367 15373 15567 16318 19316 51286 51500 51612 51814 51826
8334 56253 59560 59561 59642 59644
8335 5222 16617 18748 35514 40552 42451
8336 30362 37026 37027 60993 62351 62352
8337 34227 39805 39832 61513 62542
8338 30811 30870 30873 30878 30883 30886 30984
8339 8485 9609 10606 39152 48853 48906 48944
8340 11987 42782 54921 61709 61989
8341 2374 2405 21298 23808 33945
8342 12787 35625 56308 56310 56312 56742 57691 57698 58515 59625
8343 8386 8450 28665 28765 48861 49155
8344 37033 40201 50095 62446 62453
8345 33760 33805 41518 45580 56563 57833 59592 60431
8346 5656 5673 17632 21865 36532 37702
8347 20568
8348 12538 37868 39804 42604 44752 44755 49579 49616 49825 50616 50685 54880 56965 57830 58107 58182 58554 59049 59051 60555 60558 60572
8349 22406 23580 23880 25721 25722 25723 31985 32817
8350 55747 56418 56684 59460 59675 59716 59903 61411
8351 12246 12247 58625 59018
8352 35278 44387 61494 61535 61558
8353 13772 21473 30554 35366 35368
8354 1601 4483 33874 60770 60772
8355 510 698 3842 6794 26844 26846 26860 26861 29142 62432
8356 11236 16498 16590 23114 23257 23591 24093 26039 31127 50380 54884 61416
8357 25 15737 33540 33542
8358 15067 19932 20688 22378 27775 34166 47568
8359 13750 14180 35860 45606 46161 46425 46509 51357 51386 51557 51583 54699 60238 61096
8360 17216 17478 17549 20313 20784 45429 45430 51833
8361 1397 15822 16095 19328 19330 32730
8362 50112 50141 50186 50238 50279 50513 50689
8363 38308 42334 48059 48312 57752
8364 33939 40668 40820 44562 54712 55667 61565
8365 4390 55791 57010 60931
8366 1405 1568 31030 35535 35536 38080 40664 45595 45699 45700
8367 13122 32588 44996 47154 57358
8368 18650 22917 24038 26421 26422 26423 49932 52581
8369 37747 43063 43065 55030 55839 56616
8370 38140 44880 44887 44888 48337 48338 51755
8371 16836 18290 18294 29669 30553
8372 11911 11960 12375 33757
8373 13045 25522 26154 27184 50920
8374 11308 40754 57209
8375 6894 7501 8535 23067 23244
8376 14088 39962 39979 49587 54008
8377 13013 18268 18378 20493 26083 27385
8378 145 425 450 824 29049 61365 61966
8379 51105 51106 54882 57614 58498 58988 59853 60072 62141
8380 13352 33607 34328 36477 57835
8381 26636
8382 5952 7474 22896 23560 45875 46489 46532
8383 18082 20742 26169 26240 26975 27253 30078
8384 4541 30940 51548
8385 35607 48622 52707 59908 60746
8386 21596 21617 21714 26621 27004 27015 27230
8387 2720 5073 6842 7290 11530 11990 12059 12194 18412 46887 47216 61216 61248 61630
8388 27752 27791 28106 36775 37578 38552 38556 38906
8389 61081 61151 61562 61778 62103 62104 62163 62207 62212
8390 13791 14680 39914 44325 44332
8391 7058 7190 22379 45525 46302 46800
8392 7957 7994 16837 19134 21287 31886 32571 32616 32996
8393 11315 22843 23445 24835 30421 33519 54646 54647
8394 1740 2043 4564 12087 12188 14055 14147 41060 45254 45255 45299 47653
8395 5334 19116 32004 32315 32316
8396 749 6638 11607 11897 31993 32450 32972 46778 51749
8397 21902 33516 33551 44829 44935 48677
8398 30256 30292 30370
8399 10818 16232 16299 24630 35648 37552 37660 37679 38656 58923
8400 7057 7430 7445 9136 24315 35931 37452 49195
8401 167 751 5912 12219 12267 15122 23771 24747 25971 32224 32390 32426 32625 33000 33001 45493 45597 46163 46502 46805 46992 47117 47162 52308
8402 14433 40061 40639 42061 42141 42935 43245 44018 47313 47425 52926 53318 54414
8403 238 1276 6436 34964 47465
8404 7576 13515 15155 49913 49915
8405 11476 11718 21677 27552 30920
8406 477 2380 19633 19904 19968 19969 27243 31680 32166 32667 32898 33378 33463 47901 55541
8407 7004 30468 30505 34366 58023
8408 21927 21962 26578 27052 32942
8409 39603 40139 40821 53484 53485 58627 58631 59013
8410 8893 18114 20366 27086 55626
8411 7723 14407 30264 31174
8412 13565 14742 41677 43693 56257 56507 59511 59515
8413 12044 13366 13774 48409 58047
8414 13478 14853 37674 48409 56792 57291 59723
8415 1718 1971 2038 21358 21426 21585 21687 23701 26336 26399 26778 26811 27273 27276 27277 45752 46451 46794
8416 842 8349 8396 8585 9319 14557
8417 17213 18276 18485 18503 18518 19200
8418 3095 19009 19216 35282 43473 50584 57375 61636
8419 16431 16538 16716 16903 17311
8420 8089 36584 48620 48622 48767
8421 13285 13286 14061 42349 43077 44243 44244
8422 3136 4176 4181 43373 44800 48095 53025 59066
8423 926 937 943 12249 12260 28751 35811
8424 19924 20013 20014 20232 20630 20713 20714 27292 27293 27295 27296 27369 27370 27371 27372 27373 27374 27375 27376 27377 27378 27379 27380
8425 31035 32241 35835 35839 36405 36757 39259 40429 44868 45648
8426 3550 11232 11363 11368 13034 13182 13367 40669 41624 44404 44408 50672 58475 59732
8427 18068 20701 20722 20729 21033
8428 7613 8698 8833 14967 25512 25995
8429 25741 44390 61885 62090
8430 36103 36199 61337 61388
8431 35443 41258 41270 41819 43171
8432 35699 55822 58283 58286 58289 59268
8433 584 1582 6392 35237 37440
8434 10562 20154 20996 23293 39921
8435 4569 5434 14403 22313 31372 39630 47339 56018 56468 60741
8436 16733 16734 23231 44151 47682
8437 5568 13118 13119 22584 22585 47096 59882 61024 61416
8438 11101 16540 16933 17294 17720 31629 62665
8439 30 11068 15833 22601 32437 35741 35935 46078 61973 62541
8440 52 933 9280 13079 22994 28404 28558 28692
8441 4939 22176 22181 24175 24419
8442 1739 1955 1956 1957 1976 1977 1986 2046 2047 30416 33276 33310 33330
8443 3593 7265 42494 49508 49597 49622 49623 49624
8444 13300 40553 56311 56742 61484 61978
8445 4482 33893 35411 40694 42543 48212 48356 49453
8446 3405 34651 35228 35300 47392 47406 55159 56549 56551
8447 3358 3359 3927 13440 50020 50639
8448 2417 17962 19361 20386 24958 48394
8449 9860 10118 33301 33307 33803 34848 42740 43426 44576 44749
8450 2799 11462 11508 15144 22702 24362 25418 37863 47372 47601 50189 50310 50688 55725 55912 56653 58704 59321
8451 8646 17359 17384 18260 18349
8452 38326 38743 47328 48306 51115
8453 2151 17879 17880 17881 17882 17983 18271 20309 20378 20574 20828 20876 20898 21044 21202 21203 27536
8454 2600 47863 50181 55217 55761 56706
8455 17426 20464 24204 25661 25975 37688 37689 42887 61074
8456 29053 31969 32528 33138
8457 556 557 1021 4463 33695 46749 51170
8458 34702 35150 38952 47338 48380
8459 21249 22470 25952 46834 47858
8460 2322 2608 13283 49834 49863 49902
8461 18539 27436 37444 42693 42780 56534
8462 7710 9813 11268 30799 30842 61955
8463 3048 31826 32028 32055 32059 32063 32089 32908
8464 10526 18434 24942 28860
8465 7479 24056 24522 25329 25546
8466 1389 21881 35299 38531 48401 51165
8467 5085 45281 46942 47719 62587
8468 4976 4978 8674 22244 49087 61135 61578
8469 34188 35882 35954 45847 47291 50603
8470 39812 39824 40089 40408 43701
8471 41565 42443 42477 44002 56296 59345 60241
8472 5319 5387 5402 10684 24384 27153 30675 31880 33027 33587 33718 49033 49157 49778
8473 12329 43343 47178 54338 54470
8474 5301 5421 5422 5423 28712 28713 34839 45404 46291 49893 50819 51728 52102
8475 10256 10329 15388 15667 15862 46886 49086
8476 7722 19466 20040 20961 20967 23872 57282
8477 7777 8723 22651 24631 27577 32249 32939 52257 52411
8478 3518 3883 5661 5855 6327 16788 23317 24511 24933 29468 33679 48188 48366 51827
8479 5843 7020 7045 9947 10950 22135 22520 52740 60766
8480 9263 28394 29979 32632 35670 37718
8481 3532 29456 29554 29637 29812 34626 62546
8482 13797 42169 55502 56168 56431
8483 17340 17700 40918 54892 56248 56726 58555 59867 59929
8484 4178 35975 45171 45896 51203 54493 54742
8485 2079 3792 16129 25459 28270
8486 100 101 129 142 886 8363 8368 11790 17838 17842 18585 19835 30721 61845
8487 50595 50834 55738 57787 59231 59233
8488 16954 19736 19927 20012 20651 27512
8489 13332 13755 40773 42269 42296 42465 57214 58009
8490 8315 9026 9051 9092 9213 9573 10124 10197 10198 10221
8491 4416 7200 7258 37534
8492 21914 21940 22039 37125 37126
8493 13234 16359 16362 17631 36418 54901
8494 3223 4538 25002 48508 53290 54120
8495 14476 36463 39272 39482 42877 44059 44655
8496 33678 34022 39181 43799 59541 61409
8497 1233 1240 18451 18452 35119 37656 40612 53475
8498 28034 28043 28056 28070 35818 62504
8499 31858 32025 32272 32336 43638 44216 44218 44584 44606
8500 28644 29506 29685 35850 36359 36784 36967
8501 13395 13705 40017 40817 42831 43284
8502 21726 21746 26241 26243 26893 26938 62593
8503 39279 39288 39302 58619 60130
8504 50469 58571 58699 58733 58968
8505 814 40938 40939 41002 41004
8506 3765 33007 35337 36186 36400 40719 41782 45959 53223 53267
8507 7055 8198 8459 14520 32954 40571 40572 41532 43831 48225 48740 50791 53100 55632 59705 59855
8508 8925 9185 9543 9668 13193 25377 25513 47105 52396 52397 52429
8509 811 6430 6554 6852 31325
8510 2637 31942 52748 56125 57432 60846
8511 35052 35074 45568 46510 57468
8512 48638 51086 51088 54572 54584 54599
8513 37948 38780 42988 54163 54164
8514 3360 16691 16965 21213 21952
8515 5517 5569 11448 11637 44979
8516 31358 37695 39630 60866 60873 60997
8517 45524 47809 50261 61547 62291 62292
8518 2781 2830 10042 10147 12009 24350 25897 60214
8519 7087 7465 33824 54355 54377 54404 55982 59501
8520 5153 6186 13253 16300 16304 18659 19061 26441 30524 30525 30544 30557
8521 2169 18869 27106 27563 47345 47685
8522 4419 16845 17989 19595 20770
8523 21234 21785 39933 53540 53542
8524 1472 13085 13086 48546
8525 34 43 44 46 59 5278 5279 11043
8526 4606 36431 36977 39317 52994
8527 4545 14714 15054 15056 15057 35955 36103 36506 47432
8528 8679 17846 18289 18471 48644
8529 4612 8299 13667 13752 21340 39907 40811 41482 41957 44241 54089 54410 61392
8530 22345 23565 35617 56634 61405
8531 10772 13021 13278 15537 30422 37098 40138
8532 13362 17403 17467 26248 26253
8533 727 6077 6137 17229 17230 22797 25630 25671 28489 28631 28666 28782
8534 31722 32109 32838 32906
8535 1046 12779 14587 23328 33503 45570
8536 6725 29009 56448
8537 2275 9195 10351 10380
8538 23352 23611 39556 60344 61369 62349
8539 20202 20490 20538 23651 55870
8540 50335 50389 59670
8541 1713 2031 2034 6692 7301 10391 43379 49044 52121 52840
8542 4701 24672 24799 24853 25246
8543 40963 43044 43076 46753 46754
8544 41947 41948 41951 43067 43384 54085
8545 15725 17871 19637 19979 20045 20550 28174 28246 45797
8546 7470 8104 10191 10396 22866 52693 53785
8547 9560 36498 47372 49794 55737
8548 34341 36657 59738 59740 60196
8549 38705 39199 57751 58713 59113 59157 60300 60967 60968 60977
8550 1666 38460 38461 38462 38463
8551 11709 53561 53695 53779 54441
8552 7985 7986 22635 23877 29415 31264
8553 6302 12970 12975 17009 20460 26815 26883 27567 31460 32793
8554 7292 8220 8478 8630 14689 14690 40108 45049 46438 46828 52113
8555 11193 21125 21126 32326
8556 4992 4997 12277 25525
8557 16727 16930 18201 19260 31734
8558 7180 13549 14146 14171 14212 14213 14254 14856 14881 15027 15031 31934 32027 32356 32706 33017 33037 33257 33318 33373 33374 51290 51349 51464 51572 51608 51916 51917 51954 52194 52258 52386 52401 52559 52560 53078 53237 53565 53595 53656 53683 53862 54000 54665 54843 55871 56724 58216 58587 60618 61438 62106
8559 1101 1151 6877 7417 10454 10644 10718 10760 10761 13731 13862 14568 14766 35422 39400 40488 43000 43189 43192 43196 43772 44113 44337 44339 58495 58796
8560 40658 41009 45628 54504 57372 61708
8561 11015 12338 34375 38224 38383 47289 47430 48501 48524
8562 2521 3897 11967 30178 45072 55284
8563 5110 8718 24917 30207 34849 34916 51820
8564 39584 39588 40275 53434 54587
8565 13295 17721 20951 47803
8566 32219 37981 37982 38658 61109 61298
8567 8 16053 39955 40579 43745 45201 61495 61537
8568 33962 34356 36566 38599 50828 61851
8569 35004 35178
8570 13427 14869 33685 34251 41545 61068
8571 1610 33747 37646 48494
8572 1886 15365 15747 15808 29171 40750
8573 9740 32909 43564 45571
8574 50448 54830 55347 58228
8575 19774 20509 34572 36483 38548 52728 52755 60822
8576 15228 15229 15248 15331 16751 19674 20372 20373 21008 38104 38721
8577 22112 22425 24075 45725 55599 58511 62131
8578 707 18786 18823 20039 60660
8579 3773 34496 34510 41014
8580 6504 6580 7311 9449 10132
8581 20326 20491 31741 32190 55823 58433
8582 11967 26074 26185 27203 27343 49518
8583 19123 25461 34637 50727
8584 7761 7952 8838 9581 28311 45125 45693
8585 62683
8586 30359 36663 38659 38821
8587 8908 36686 36972 39662 52247 61960
8588 6458 16553 31592 32073
8589 15311 16320 35863 35883 38228
8590 39977 53599 53600 53602 53983 60338
8591 4477 31523 31607 31651 31839 32229 32290 32565 32668 32796
8592 19118 21928 25871 53338
8593 391 414 675 676 12122 32403
8594 17261 17333 17508 32509 41184 42044 42939 44460
8595 28702 55497 56261 56861 57155
8596 3155 33876 36643 36763 38278 59974 59978 59981
8597 3291 10429 10450 18759 44797 58793 58794 58795 60773
8598 36539 55565 55644 55645
8599 2350 2970 2971 4487 7640 9709 13274 22599 23035 29895 29974 30087 31689 32419 53358
8600 5634 5635 5645 11213 11399 25020 34049
8601 8753 9150 9963 22802 24092 31946 31976 32238 32977
8602 1206 1207 3915 9862 10494 23984 35950 48924 54113 54118 61280
8603 12171 12232 30710 50003
8604 43768 43769 43773 43839 54395
8605 19282 34020 47560 48823 50030
8606 22695 22769 24003 24023 24031 24550 24565 24696 24697 24869 24890 24952 25244 25343 25381 25931 25999 57435
8607 4675 8261 24888 48901 52202
8608 6950 9245 9577 9650 22602
8609 50467 50977 52931 53245 60350
8610 36141 47586 47676 62439 62440
8611 17944 20600 21149 26376 26435 27545
8612 40342 54292 56295 59698 62177
8613 2903 2904 2905 49960 55969 56985 58039
8614 21267 34463 38270 49801 49969
8615 54871 56124 56364 58358 58360 59697 60610
8616 28 11119 61197 61446 61826 62109
8617 7123 8649 10258 31106
8618 9971 9972 9973 17680 18645 24254
8619 9563 9712 15400 15652 23882 23883 25392 30556 36832 49063 52812
8620 3738 13184 43151 43245 46408 53583 60372
8621 5375 5922 34724 51822 52030 52051 52544 61159
8622 16778 16938 47538 56177 58460 58985
8623 28113 38576 49335 49463 49514 49866 49977 51258 56148 56260 56787 57071 57490 57662 58634 58635 59767
8624 20507 39267 40229 40478 42677 42853 46315 53498 54004 54007 54012 54017 54030
8625 40876 42330 52764 55542 57532
8626 32698 39844 39937 40021 40100
8627 5149 12967 17520 17556 18573 25764 40054 50829 54004 54035 56103
8628 12033 30984 32435 45116
8629 7704 11239 22489 24818 55168 55169 58462 58472 60406 60407
8630 13444 14651 14662 34134 35858 37467 48172 48243 48341 56064 57635
8631 35619 50015 50184 56069 60546
8632 4835 13348 38714 40890 46222 61716
8633 45435 45443 45534 46357 46405 46943 46946
8634 6791 15590 16073 28316 29058
8635 16174 18763 21523 26197 27347 27350
8636 16298 16745 17966 23412 26494
8637 23636 24535 24644 24880 24886
8638 701 6194 6275 15364 15815 17522 17523 17594 21836 25383 27159 52895
8639 4257 49252 49483 49698 52464 55686 56081 57283 58440 58523 59856 61041
8640 1410 37719 61118 61927
8641 5850 8626 8913 30484 44986 49122 49235 49242 49308 49438
8642 31736 31835 31837 31931 31932 32481 32490 32491 32930 32931 47964 58477
8643 31986 47778 48346 50666 50679 50762 58720 58721 59881
8644 34097 41355 45549 54573 54586 57696
8645 10421 16676 18250 38199 62719
8646 11415 21825 32029 48848 49206
8647 38040 38048 38746 38751 38752 38753 38756 38757
8648 6196 13369 13758 14047 14406 19107 32399 32798 35953 39724 39813 43240 61634
8649 30779 30830
8650 1411 1841 4519 17298 20114 20810 27821 39536
8651 263 1963 6103 12847 14921 14937 29011 37521 38771 39601 42094 44824
8652 3364 29285 29570 47953 55742 55771 57505
8653 22968 25077 25087 29650 30888 55834 57158
8654 1383 4445 6885 6948 7355 7793 7827 8658 10319 45412 53603
8655 6549 19456 21171 23043 30472 30494 30780 41879
8656 8733 15549 30784 45110 51406
8657 18748 21038 21047 25619 28114
8658 2587 21376 26171 27193 36544 38616 46876
8659 3513 38272 55187 59095
8660 3875 3878 3879
8661 6150 6169 6170 6700 6701 6724 6849 28257
8662 12466 39951 44374 51763 54542 54610
8663 9314 9497 16447 24776 29121
8664 10509 42553 48204 54005 54006 54007 54015 54037 57082
8665 54108 55025 58510 58516 59609
8666 5081 5179 5485 5680 12874 13007 49766 49786 49788
8667 1417 1605 38497 41366
8668 16506 17155 19379 20948 30656
8669 37081 38175 38186 55527 57297 58412 60311
8670 54992 56775 56776 56777 56778 56779 59206
8671 14629 34444 40113 44052 44774
8672 1470 3278 15069 17638 17645 21705 26304 26333 28481 31501 32465 33159 39937 57922 61975
8673 7854 8082 8221 8240 8757 22788 23083
8674 40528 55615 56501 56828
8675 14666 40375 42028 43692 44375
8676 8796 9171 9913 9993 23933 24130
8677 16432 17771 25742 27587 38544
8678 13278 39819 39893
8679 4544 55874
8680 10722 14643 40372 41202 41407
8681 7630 12327 18441 18442 20302 45234 48910 62474
8682 6114 6151 25115 25116 33304 33391 33495
8683 45469 47067 49820 61176 61377
8684 750 773 4444 12734 15392 15574 15781 15997 16132 16133 28210 29244 45131
8685 6599 11813 17907 18817 26623 27249 62491
8686 55391 55857 57593 60410 60509
8687 287 5240 9475 9483 17822 25946 25984 34928
8688 8235 9690 10317 22127 22324 22602
8689 3524 30999 57365 59042 59318 59451
8690 14398 14913 37054 38916 57061 59643
8691 9220 34608 34609 34610 34618 45490 45499 45970 46841 46842 46844 46845 46846 46847 46849 46852 46855 46866
8692 30799 31771 32206 32296 32507 55003 57484 57523
8693 27935 27977 27997 28075 30456 30466 46612 47235
8694 24197 40208 40690 40691 41239 41347 42438 42580 42858 42859 43081 43082
8695 1149 5950 6155 25156 30943
8696 65 806 37436 38579 55105 55108 59855 60057 60324
8697 9176 9276 9502 9814 22223 23374
8698 35407 36704 47725 58567
8699 2062 15966 19055 19167 19209
8700 18765 21555 34063 34295 34578 34580 35769 38375
8701 16826 29781 37088 42646 49502
8702 5 3845 11978 31770 36119 45840 48746
8703 31113 34665 49818 53505 53740
8704 35137 36854 37354 61369 61894
8705 15218 17619 17623 35730
8706 34083 36241 47262 52732 60737
8707 10883 10885
8708 28076 49918 49989 57672 62277
8709 16243 19519 20042 28264 31864 46110 56258 62040
8710 6870 28860 29052 29127 31303
8711 36448 62294
8712 10275 14546 15006 22296 24363 24364
8713 33616 33768 33861 33934 34228 34598 34669 34767 34772 34906 59810
8714 2667 8825 49037 49038
8715 4791 18140 51634 58423 59031
8716 17392 18575 18688 23825 59814 62690
8717 13312 13431 13458 13527 13531 13537 14414 14731 36943 40810 41053 56249 56250 56255
8718 36237 36816 62469
8719 3933 4068 13185 36088 38492 41770 42577 44228 47294 54771 56114
8720 13336 13468 27576 45838 52708
8721 5062 14784 33957 34027 34875
8722 487 3447 9160 13555 15156 15163
8723 19173 23692 28537 28774 38562 38665
8724 36216 38152 38604 38754 38788
8725 66 125 138 754 1746 1783 1784 1785 6598 6636 28015 28883 28965 28980 29023 29056 29138 29149 30299 30322 30426 32155 32603 32941 33010 33015 33085 33086 33156 33158 33192
8726 8181 24230 25480 35847 37854
8727 18708 55286 60197 60491 61411
8728 5109 36316 36406 36654 53073 54218
8729 4633 22603 27268 29893 62165
8730 6267 8327 9753 12133 16526
8731 12755 31195 31507 32448 32599 48543
8732 2536 13096 27911 53384 62418
8733 3070 16109 18258 28266 29957
8734 37870 59415 60153 60154 60155
8735 13163 16095 23005 24204 34244 45880 51366 51527 52722 56227
8736 10569 31511 31731 32923 32924 36874 37223
8737 13231 13298 13684 14624 14808 14812
8738 35655 45224 51331 54136 54139 55180
8739 6994 19472 19495 19496 19499
8740 6731 15995 28852 33404
8741 1569 48443 48465 48466 48467
8742 38262 46287 48275 50146 60152
8743 38979 39038 40861 42005 42087 42261 61227
8744 5029 5453 29527 39916 53382 55605
8745 15729 16216 16217 57507 58064 58067
8746 12420 21997 31400 45946 49744
8747 8401 13636 13858 35023 35067 35089 35299 39454 39959 40486 40549 41896 41911 54389 54390 54597
8748 36596 37976 38165 38499 38566 39163 39164 45383
8749 52039 55647 56383 57677 58443
8750 5352 12071 23481 24845 25164
8751 97 11140 27614 27635 27679
8752 22665 22747 23934 23937 25141 26021
8753 15471 21508 22241 35556 35617 43030 44826 55700
8754 1541 13018 14861 34667 37872 45701 45709 45826 49380 49429 50843 56562 61137 61138 61342
8755 500 841 10871 10980
8756 37960 42527 50578 58290
8757 22717 33909 52929 53037 53527
8758 9062 16632 22364 22740 23110 24144
8759 38042 38055 41610 43444 44342 54900
8760 48088 49830 49987 55743 58364 58397
8761 176 941 2365 2899 3793 5416 5940 11125 15894 27745 27965 28409 30328 47122 48734
8762 22418 37458 46872 60094
8763 3144 3318 3319 62230 62233
8764 3179 22323 36515 36518 53647 54751 59905
8765 24406 35529 38939 41501 42213 58127 58652
8766 14844 17865 18080 20290 20380 20426 20624 20625 20627 21152 21182 21183 21205 21797
8767 6171 6549 12572 22129 23906 24909 25000 52110 54137
8768 31050 37656 45466 46308 61137
8769 13184 14579 23838 23976 23982 24425 24817 35711 38390 38625 47405 54501
8770 16565 16938 30852 43451 53413
8771 12315 39010 48191 51955 52365 52367 61450 61965
8772 18002 20688 21856 21857 21872 58959
8773 7127 7625 9146 15383 21991 22028 22429 26490 26595 26603 26653 26676 26720 29224 30211 41392 42847 43711 49410 54120 54684
8774 14960 34628 36131 36847 45783 46260
8775 243 4449 4478 21132 35804 36957
8776 55166 57073 57074 57075
8777 25544 25737 35733 37302 53079 58506
8778 15791 20644 29627 31198 31199
8779 1566 40049 42246 42701 42946 48493 58692
8780 34177 34180 34181 34186 34245 34246
8781 47405 47457 54210 54211 54260 54299 54339
8782 2677 33920 34649 34814 52267 53753 57681 57859 58833 59081
8783 22291 25100 38369 39532 39993 62246
8784 20502 33811 34479 34540 34581 40599 46994
8785 30757
8786 31436 31582
8787 23354 23742 48442 51347 53696 55783 56838 60669
8788 8133 8473 18203 22136 29249
8789 2085 6100 33157 33447 38475
8790 23069 25804 26085 26148 26425 27016 60505
8791 1575 13107 48362 50747 55746 55994 60329 61682
8792 1379 17846 18455 19922 27402 34111
8793 4354 47845 48134 57031 61938 62053
8794 59976
8795 12899 14022 35657 43326 43356 57076
8796 27105 34062 34191 34426 48518
8797 3313 21251 21252 22482 22576 24970
8798 345 411 20240 21001 28881 28882 29163 30270 30300 56509 56510 59527 59707
8799 2642 8070 9093 9870 10015 17845 20038 20528 20564 26708 30157
8800 9769 11375 11378 34897 34904 34914 51579 51713
8801 3162 3375 13462 21330 26076 41826 47845 54889
8802 6387 6781 9766 11727 11736
8803 3834 11842 12351 18397 34591 41054
8804 5226 7805 8470 10961 10972 29424 45370 51696 51974
8805 38681 42288 43800 43801 43834
8806 4046 12679 35819 37157 39185 42944 50979
8807 39730 40317 41500 42806 43217
8808 14380 19542 20673 20748 20863 30904 40340 52991 54578
8809 33782 33785 34299 55424 55520 56374 56856
8810 10126 10127 19524 19539 45409 50074
8811 247 10534 10623 10652 15596 15626 17325 17326 19322 19343 20133 20134 25384 25385 61033
8812 19817 19818 27515 42275 43633
8813 2962 11779 16361 30956 30963 61096 61757 62544
8814 1052 12183 33876 34188 36020 38200 47495 54038 54579
8815 1106 28247 38580 45401
8816 7913 7914 8362 33789 34222 34363 45471 46322 48749 50191 57092 59900
8817 12792 12833 13008 39296 39377 39621 40639 41354 41498
8818 1014 11692 11728 11739 13808
8819 39423 39424 40522 40562 40563 40564
8820 12708 31605 33344 36385 38070
8821 34414 40504 54345 62597
8822 1054 2755 15369 15542 15701 15849 52709
8823 4439 12752 28125 30654 32956 32960 48491 50592
8824 1531 6892 12283 12334 18071 35241
8825 8402 28849 45150 54954 58762 59762
8826 5496 6662 8888 12464 13156 13196 14130 20560 27459 27485 27735 27827 28341 29068 48105 52089 52090 52976 53986
8827 853 10904 15600 15638 30732 32753 47107
8828 17012 17181 17538 18275 18314 18315 18316 18552 25030
8829 34244 36999 47109 48194 48236
8830 13463 36219 48106 49527 55589 55931 56618
8831 58026 58542 58543 58946
8832 13233 14200 26552 36224 36225 57896 58199 58703 59528
8833 12450 36831 48481 48608 49883 58690
8834 4467 8849 9208 10092 18678 18679 47016
8835 47942 50017 50051 50053 50803 51001 51077
8836 13415 13416 14621 14622 15000 15001 42905 42906 42952 43314 43328 43335 43337 43338 43358 58458 58463 59090 59101
8837 35153 35295 42707 44565 46007
8838 1430 11555 11632 61210
8839 28899 30356 40026 40430 62362
8840 21309 32232 35638 61420 62511
8841 7602 7684 7686 8963 44815 44816 53856
8842 37297 37465 38304 50417 50419
8843 42966 59030 59033 61220
8844 1187 1194 44500 52845 53191 54508
8845 3909 5094 6123 8999 10239 12756 22252 34978 51307 51544 51782 51881 56095
8846 4854 12798 12818 15541 31443 31962 32087 53601
8847 40482 45770 61044 61278 61744
8848 7469 7959 9274 54840 58439
8849 3531 39726 42533 43157 43302 43303 43681 43700 44095 44148 44397 44406
8850 7198 18105 18138 18800 18812 19962 23281 26781 26833 27237 27342 41182 50057 50643 50797 57729 57731
8851 28503 32408 32477 32766 41089 41091 49157
8852 40344 41830 43386 48620
8853 5351 8153 8458 8988 22999 23390
8854 1242 1480 6332 38825 61650
8855 94 10637 18230 20180 20935 22495 22541 23031 23046 23435 25754 27827 27875 30351 34562 36552 49870 58520 59225 61180 61812 61819 62076
8856 4507 35417 43038 50442 56666 57979
8857 6129 6266 8078 8740 9651 9886 22242 22523 22524 23074 23620 25256 29070 40816 43740 44373 56204 57840 58100 58441 60164
8858 2801 11317 15105 18902 24455 25225 25577 27145 29741 48374 51848 52111 58386
8859 33885 34182 34469 34519 55560 59670
8860 16416 16515 17315 17552 17553 17815
8861 1885 9101 12178 15485 15905
8862 3262 41660 45391 53275 56712
8863 13396 13751 15782 29046 29111 31506 31661 33196 40423
8864 8367 8721 9678 9690 40980
8865 36973 38997 58172 59053 59055 59056
8866 3612 3641 3669 61309 61530
8867 14160 14392 14703 55195 56025 59089
8868 8920 22428 23413 23414 48777
8869 19019 19021 19099
8870 4656 5257 29039 30237 46492 46590
8871 13403 39413 41874 53208 58459 59851
8872 3451 11016 11468 11502 12541 29907 31130 38289 44832 45033 48667 52156 54335 54636
8873 259 6399 6591 6673 30250
8874 10795 31088 38737 47389 53913
8875 57068 57069 57070 57447 58524 59307 59946
8876 4556 9470 28127 28137
8877 3384 3429 10564 37567 37579
8878 2212 20353 21781 25052 25500 26571 61504 62307
8879 13076 13741 13845 29383 39447 39448 39477 39622 39625 39879 39917 40420 40517 41103 41335 41637 42378 42472 42727 43031 44111 44618 44619 59787
8880 221 4397 17785 18088 34384 48508 50725 51066
8881 20660 20793 49156 61725 61819 61931
8882 9019 12086 40406 43908 48733 52234
8883 3881 23903 23904 42133 44285 50292 50365 50377 51440 54872 55152 55360 55848 56173 56906 57338 60107
8884 8566 25532 46798 51967 53733 56883
8885 33941 42010 46388 57450 57452 57453
8886 80 6457 6509 28270
8887 10920 10925 10951 10965
8888 33832 37181 37245 37602 37865 45851
8889 233 1127 8909 11984 32293 44672 44988 45030 45124 45215 45255 46684 58893 59341
8890 35237 35252 35253 35297
8891 1614 3402 16316 31187 31998 50281
8892 11132 40535 54309 54317 55319
8893 31563 32334 32528 32529 32840
8894 3852 7855 9363 9789 28163 48837 49254 53854 53893 55603 61821
8895 33916 33955 34974 34975 35020
8896 5354 5584 14055 14344 21294 21774 44808 44850 47218 51450 51930
8897 18985 19051 19119 41632 56491
8898 19361 19508 49454 49721
8899 1708 1989 2005 2060 10926 11805 33309 33311 33698 34788 47672
8900 8516 12125 33949 34897 43722 52344 52345 53028 57292
8901 13573 17173 19995 22264 26397 45786 53228
8902 2584 2670 21625 26101 26268 29916 60710
8903 831 857 5988 28264 28448 54254
8904 5647 5739 9159 9295 10238 29386 29404 29418 29466 29500 29595 29611 29660 29683 29784
8905 39694 40140 55929 57386 60475
8906 12573 13224 13305 30248 46565 57747 59504
8907 20043 21442 21853 22015 23303 23308 33403
8908 5766 5832 44964 48317 50219 51884 52374 52457 52480 52493 52507 52508 52509 54688
8909 21378 45107 45108 45191 48772
8910 10561 10715 29009
8911 1573 40340 53289 62419
8912 11030 22796 24902 25968
8913 985 30080 30315 34883 34905
8914 703 31268 32788 45831 52001
8915 50108 50111 50424 50458 50500 52137 52897
8916 1444 4428 15261 20059 20061 20063 25586
8917 5534 13192 25622 25623 61211
8918 2479 3188 3189 3190
8919 1681 36461 38109 38402 38404
8920 12940 22612 24833 35688 38963 57865 59586 60358
8921 4542 27595 27627 35954
8922 4025 4123 34111 38271 38782 46446 56873 58381 58899
8923 2240 5201 13958 15247 31186 46580 61706 62288
8924 50405 54913 54966 56022 56588 56590 56695
8925 15112 24729 25542 35662 61056
8926 47804 47846 48027 56110 56111
8927 2973 12286 39084 45259 46070 55041 55500 62469
8928 13822 18074 23555 27033 51847 52026
8929 7698 14497 38600 40196 41016 44035 53017 54295 58466 59430 59441
8930 1281 1585 6948 8857 28048 29619 34094 47123 48883 58792
8931 1214 13034 34984 47389 56218
8932 34372 41015 41232 57199 61423
8933 12941 13023 13024 43427 43492 44750
8934 14017 35600 36234 43848 45882 47282 53906
8935 5451 8121 8247 9861 45399 45689 46412 51772 52167 52646 54233 54235
8936 7513 23438 23439 23913 47839
8937 4605 4946 5388 12492 12510 15068 18885 19483 20051 25501
8938 50120 58598 58602 60173 60482
8939 6188 28476 30415 34220 36536 47662
8940 40482 40547 41434 55608 56426 59431 59486
8941 42217 42447 42927 44694 54004 54599
8942 34248 61329 61421 62010
8943 4201 8167 30448 31729 33645 35272
8944 37504 57329 57904 59839 60191
8945 2265 26181 26245 26495 26574 26698 26967 39320 41352 43523 43550 43795 44010 44650
8946 447 452 812 29861 32834 33356
8947 57390 57391 57393 57395 58221 59655
8948 4374 22914 23930 25434 25719 27351 45039 48579 54819 54878 55051 55147 55631 55818 55915 56535
8949 37861 47387 61317 61927 62061
8950 39308 39309 54755 55268
8951 18036 20188 20760 20830 20916
8952 1732 1756 2106 23847 23849 25568
8953 62093 62438 62529
8954 23287 35056 39388 40321 42060 47824 48193 52828 52834 53165 56791 56792 60908
8955 38306 48616 61411
8956 3659 15389 37065 38978 42805 52858 52887
8957 35269 58053 58252 58269 58400 58895
8958 16429 16430 18181 18959 18961 49588 55339
8959 6476 27133 27275 54736 61932
8960 2356 2463 9149 9151 9305 12102
8961 5848 33897 36680 61802
8962 791 15761 33386 33568
8963 281 620 29026 32974
8964 1213 3604 11966 14288 39505 39520 40241 40621 43456 43628 56035 57487 61849 61995 62464 62491
8965 35022 35031 35205 37074 38423 61502 61692
8966 7121 7571 11235 24117 24324 31009
8967 41897 42251 42525 43383 43710
8968 10433 27990 28096 28398
8969 22511 35280 37699 47928 53757 56381 57676 59292
8970 20612 20614 20975 20976 21314
8971 204 32796 37301 37512 37513
8972 5539 6243 6246 28565 35846
8973 50571 50572 50574 54938 57492
8974 9866 22385 22579 22780 22839 23542 23586 24109 24195 24386 25533 25564 38264
8975 1328 1339 3115 29390 29391 30058
8976 4381 39619 43257 57783 59301
8977 15170 15180 15186 15201 15205 15233 15234 15260 30159 30739 30805 30808 30928 31944 32320 33474
8978 14509 40559 42355 44014 44021 44340 57063
8979 35777 37896 39618 40248 41353
8980 15360 15833 19314 28192 28268 32614
8981 8804 11734 22583 45037 46106 46107 46109
8982 1385 1669 2095 3889 5382 20199 20660 20795 21193 21196 21682 21688 21937 26440 34516 35378 35486 37166 37491 38370 38374 61485
8983 22272 22286 22289 22763 24416 53571
8984 41357 41663 52848 53330 56030
8985 6999 7203 7467 7895 24620 51087 51090 51091
8986 6125 6198 6239 28813 30395 46131
8987 650 665 15552 15994 19506 20141
8988 12119 12355 21985 58042 61063 62069 62114
8989 766 1902 15950 19350 28198 29259
8990 8678 42134 43091 43243 43613 44825 51586
8991 34804 39407 43302 53047 54599
8992 1026 36045 36709
8993 4852 5757 7112 13169 14580 16253 23850 24385 46331 49244 49313 49379 53959 54270
8994 10573 15202 18983 20143 26827 31491 45087 55470
8995 12516 29894 44865 44969 52278
8996 4907 11184 33561 45483 49840 49958 52335 54696 61101
8997 5727 8700 8705 9646 10000 24989 29587 29716 49065 52893 53008 57511 57512
8998 18737 19653 20265 21289 21737 21769 21779 21865 21903 22017 22034 49281 49391 49446
8999 7267 8183 8459 9516 9752 51375 51396 51784
9000 1296 9967 25945 34867 47761 47762 55958 58537
9001 11866
9002 2546 16772 16841 19071 31879 31939 32006 32314 32319 51460 62284
9003 3576 13743 13861 14513 41119
9004 22546 23263 23384 24546 51600 51716
9005 56379 56859 56866 57029 57466 57996 57999 60228 61026
9006 962 3129 27939 28100 28672 49850
9007 10672 16547 16599 18730 31313 34287 34289 34362 46416
9008 9871 16081 22880 23137 23333 30024 35375
9009 2157 4714 5012 5031 20553 20741
9010 682 683 810 6843
9011 5009 16791 33275 37600 37618 48652
9012 12503 23629 23631 24628 61696
9013 12151 12399 22340 22371 27445 35663
9014 33723 61268 61708 62638
9015 5927 8374 25557 48929 57277
9016 16963 17585 39691 39692 41076 54037 55095
9017 2630 7805 11587 15644 47646
9018 16199 16204 16205 16509 16510 16909
9019 40297 50558 50561 54194 54286
9020 585 16472 17220 18177 20369
9021 6678 6816 8735 9831 24592 53972
9022 16880 28858 33829 60798
9023 36148 36151 36152 37352 37353 37354 37737 37738 37930 56909 57384 58173 58178 58346 58354 60412 61594
9024 227 840 6414 30475 36089 43673
9025 7266 9951 16333 33290 49001
9026 31329 59272 59285
9027 1200 10785 22844 35731 35993 38380 40167
9028 1294 1316 2434 12240 30121
9029 3175 12864 37594 41719 54745 55002 55147 60802
9030 9713 22376 22804 23153 24749
9031 5100 6490 13457 23501 37700
9032 36495 38305 48563 49924
9033 8933 9903 11329 11369 25012 25330 25336
9034 34185
9035 18077 54835 55402 56085 56836 57315 58845
9036 8980 37710 48968 51789 52235
9037 13637 13646 13900 14656 39271 40367
9038 914 11240 31163 45032 48749
9039 30942 30969
9040 1482 13498 17543 18974 61347 61561
9041 10807 39817 40050 42964 43610
9042 5129 12429 12491 18849 18850 18860 19283 51739
9043 13168 15049 31110 42012 46672 46933 47978 56634
9044 16619 16970 17451 56032 57898 57899 57975 57980 57981 58712
9045 1611 9127 9240 22517 49003 52808
9046 13950 34436 45209 45210 46122 47843 53563 53667 54476 57652 60378
9047 16256 19073 33900 34006
9048 35094 41360
9049 39841 40102 43401 43855 43856
9050 15607 15693 15697 22427 32608
9051 9179 10811 12372 31188 60670
9052 12872 13042 16646 17277 17343 27432 27433 32790
9053 1615 39664 56660 56661 61070 61228
9054 21967 21969 21970 21971 21978 22050 22051 22052 22053 22069 22070 36935 38178 38238 38796 38797 39134 39135 39169
9055 13606 14116 36242 39860 41844 42916 43372 43397 46870
9056 32005 32011 38352 62443
9057 20048 31894 45082 45153 62672
9058 135 509 26157 26813 26948 28833 56806
9059 12615 13345 30896 40211 62136
9060 6707 12048 15497 15849 19327 28196 61375 61514
9061 22608 22969 23004 30817 30891
9062 3178 3406 37952 48173 61690 61828
9063 4572 4589 4998 20995 25679 27077 28681 30016 31678 32753 33148 46136 50041 50084 50085 52802 55842 56543
9064 7019 8287 8480 9031
9065 13387 13472 13677 14653 41804 43158 56159
9066 8738 21253 22111 47784 61044
9067 4479 48436 48618 48633
9068 33796 34122 34838 48202 48203 48355 56002 58842
9069 22364 25409 25912 27787 39843
9070 8943 9656 18553 25078 26716 40849 52204
9071 3639 37419 47295 48606 51151
9072 33570 35183 53162 53163 53666
9073 7454 8698 9550 57725
9074 10924 10985 12009 12345
9075 13167 29362 29363 37181 40284 41513 42473 55099 56021 56786
9076 4022 9585 14069 14332 24717 49019 56380 60429
9077 1509 12795 35691 36432 36919 37415 37959
9078 3255 8483 8949 30191 60780
9079 8016 9237 12781 13673 13875 18304 22023 22062 37819 41098 41698 41699 46062 53685 53686 54600
9080 41157 42522 42705 43247 54039
9081 23400
9082 1900 10621 13903 14999 38964
9083 2591 47535 51720 55369 59293
9084 3422 16278 54006 54083
9085 12161 12168
9086 7429 8055 8302 8503 8554 10173 10174 23209 25375 25394 25974 51293 51294 52517
9087 15796 16140 27678 34991 35044 46303
9088 13376 13378 31022 55300 56651
9089 28798 29061
9090 1622 7519 8604 19026 24931 24934 32789 32875 52056
9091 3848 6074 6173 12149
9092 368 13475 13876 15339 17828 22725 25494 26738 26742 28662 31453 57555
9093 14074 35218 36239 39508 47509 56744
9094 7444 8453 10553 10565 18609 20449 26041 48950
9095 4872 8861 17057 19546 61969
9096 17761 18822 22970 23520 24040 24078 27541 31869 47146
9097 8278 9445 28250 49013
9098 35128 54072 57983 58418 59344
9099 3157 3169 3199 31092 48401
9100 249 344 887 1134 4613 6373 6697 7296 8193 8955 25017 25367 28971 37308
9101 14551 36398 37814 38484
9102 41559 41560 41561 41562 61138
9103 23801 35918 36329 41467 42294
9104 5548 7567 18175 18396 22527 22596 22861 24225 24642 46583 46919
9105 21614 26308 26309 26891 44085
9106 1569 1589 36497 37817 39091
9107 7481 10081 23484 23485 23486
9108 42123 42766 44366 49428 59525
9109 6321 6559 39968 40028 41954 43177 44511
9110 5564 5565 11080 18084 21218 21219
9111 18232 18233 18247 24504 29345 29634 29668 34848 51072
9112 18182 19451 19627 19726 19947
9113 20021 20282 20621 32125 32549 32979 33300
9114 48027 48028 48030 48576 50319 54775 54888 56855 56860 56862 59833
9115 23998 25295 30760 33758
9116 40126 41643 42110 42642 43792 44044 44058 44434
9117 2877 27498 27521 27555 49747
9118 6705 6806 11596 11737 15557 17987 28186
9119 39002 42946 50747 54269 58281
9120 664 825 4384 6320 44775 47280 53787 53801
9121 37130 45013 45122 47887 48268 53457 54167
9122 1881 10540 23201 27769 31827 40188 40189 42053 42054 42246 43871 44168
9123 4448 23861 30582 37406 37407 47229 47797 57770
9124 21931 33625 35132 36200 48336 52800 60863 62380
9125 9402 15100 31838 33047 50597 50817 53044 53096 54622 57094
9126 1613 9418 24770 45010 45198
9127 39726 40027 40087 40095 41013 54006 54014
9128 4308 4310 27045 27046 30749 30849 30935 32320 32854 52268 56999
9129 15264 29523 34422 35726 46120
9130 11086 15683 23372 23519 23908 23942
9131 46809 46810 46935 46936 47209
9132 47783 48004 48293 48294 54891
9133 4615 4627 7053 8340 8500 8505 10349
9134 1188 28396 32877 34625 34628 40454 47011 48064 48192 60621 62664 62678
9135 34888 37622 37643 45997 54719 55981 59282
9136 2213 25103 25104 46586 46869
9137 17097 18565 19114 19162 19188 19192 19834 53356
9138 3248 46721 59789 60087 61988
9139 13757 40744 46086 46088 55711
9140 3499 3534 3544 48157 53186 58483
9141 1267 1304 30089 62355 62511
9142 4322
9143 5378 5454 5779 5919 7527 8079 11987 12461 27969 28614 29455 29753 31176 46105 47531 47716 50939 50940 51483 51821 52905 55910 55924 58054 58055
9144 37497 48463 48501 48577 53960
9145 35402 37405 39752 40927 43072 43111
9146 5594 18172 20871 28225 36357 36359 38081 42857
9147 45426 46858 46866
9148 41644 42915 42919 42922 43270
9149 13401 14851 35620 59180
9150 133 1935 2108 2378 6510 12463 13132 28919 33343 41409 46296 52438 52514 61508
9151 5318 5694 6660 6738 29136
9152 11583 31077 40206 40699 60958 60975
9153 7389 7514 27101 34538 40263 57553
9154 5132 5239 8870 29234 45509 46971
9155 6510 29085 52539 57671
9156 4871 5430 5572 5906 22948 23379 29349 29350 45976 51216 51587 52155 52226
9157 16203 19388 19415 26338 27246 27327
9158 10776 55558 61156 62075 62358
9159 1139 5632 21134 21804 21854 56544
9160 9096 11899 12316 27609 28177 56743
9161 3466 3711 21592 57936 57944
9162 1053 11883 35683 36138 36143 61411 61985 61986
9163 7783 7787 8025 9732 10330 23554 49017
9164 35968 36981 38028 38029 38571
9165 6691 11460 29013 29019 31309 32563
9166 40819 50025 50125 50612 56657 59315
9167 19723 22758 22759 22761 23241 23397 25847
9168 22331 22332 22561 22562 22563
9169 3809 3832 7866 11466 35737
9170 3965 7725 9198 11192 15714 15715 23090 52274
9171 1317 12569 31870 40337 57794 61512
9172 2949 4297 4809 5489 14543 14779 19842 28927 51815 52273 57670 57678 62317
9173 31984 32103 32126 32129 32148 32189 32191 32510 32511 32837 51796
9174 21272 21273 21886 22026 22067 35854 35914 36024 36293 36297 36473 36708 36747 36750 36837 39167
9175 11875 14529 14959 15181 15288 19993 39252 39864 45095 45801 45802 52876 59024
9176 6146 6294 23255 23894 53005 53158
9177 2810 3044 10447 18816 29891 32107
9178 30345 61493 61917 61927 62218 62229
9179 13641 13692 14305 14516 38183 43627
9180 909 12850 21468 21509 21680 25696 26368 44297
9181 3325 13538 14125 14493
9182 1710 5067 5194 7455 8256 8258 9174 11158 22256 22589 24388 24933 32496 51462
9183 4243 50366 56870 57986 59068
9184 36751 46130 49853 49854 49984 49985
9185 8739 12803 13872 37677 38611 59534
9186 19243 26443 26496 26644 26722 49471 49524 49525
9187 18456 18568 52091 54849 56214 56233
9188 2336 4251 12856 12857 12877 29861 40026 61137 61139 61764
9189 29477 30819 30847 30910
9190 4676 6421 22150 23158 24263 24667 24885 24947 27766 28305 30519 34316 34317 38674 51883
9191 56503 57891 57892 58492 58493 59653
9192 8745 9307 9808 26330
9193 7644 8896 9114 9141 9606 22261 23092
9194 47032 47033 52035 54668 54669
9195 22731 23008 23925 24600 42432
9196 56785 58028 58280 61643
9197 12844 37068 37147 39085 39319 40177 41356 61362
9198 41975 43558 43825 44068 60444 60445
9199 5077 27071 35233 35303 59948
9200 4634 4792 12433 37858 45279 49926 51911 51942
9201 36265 37760 38476 39877 55165 55780 56060 56061 57459 59400 59401
9202 3753 28282 31235 51022 61755
9203 15752 15767 16776 45035
9204 40786 43135 43548 44592 44594
9205 1438 4404 4424 42436 60962
9206 36920 37704 38372 38521 38985
9207 45271 46352 46355 46562 46650
9208 4190 23862 29573 31974 32023 38258 58206 58494 58615
9209 2290 11287 20922 21669 26062
9210 1606 36803 48622
9211 6422 32693 32887 32888 32999 53337
9212 7915 22828 22982 24256 25923 32056 32093 51321 53451
9213 6051 19338 28885 30727 50221
9214 2753 2984 30183
9215 1423 5533 19552 19624 25757 35594 37124 55587
9216 35265 37925 40657 41142 42190 42819 47435 47981
9217 18796 20195 20543 21073 21513 21995 23393
9218 7340 8458 11165 11299 22921 26586 32577
9219 4746 4807 4898 4927 15847 16164 18163 18313 18453 19716 19953 20652 26596 26628 26629 26630 26935 33798 40667 48534 59638
9220 12863 60523 60527 60537
9221 823 6646 15870 29044 41171 41705 54619 56567
9222 56156 56165 56169 56183 56184 56185
9223 39573 40981 42722 43389 50372 53045 57006
9224 5955 38733 38869 40704 40706 41408 48919
9225 5266 7152 8946 9747 18039 28592 28708 30746 32013 32478 49226 51038 51071
9226 1747 1863 6256 7320 8839 9966 10272 24479 25648 25649 25954 32286 32287 32560 49150 51841 54175
9227 294 882 15662 15873 16045
9228 619 35281 42406 54220
9229 20524 23974 25251 33954 34816 37023 47587 53103 60020
9230 1514 4768 8048 13414 13436 13459 22694 22876 23947 30060
9231 40964 41507 41978 42013 42014 43123 43751 43752 43761 43977
9232 22393 23723 32666 39411 61119
9233 6612 6994 7016 7713 8210 9537 45497 57905 61070 62123
9234 61560 61895 62355 62460
9235 3072 3073 3090 3094 3097 11919 37396 52950
9236 4470 4909 5949 9749 9750 15217 15243 15262 15291 24852 25633 29441 29630 32684 51553 52485 53985
9237 1993 1994 1995 2062 15855 16033 16078 34168 52269
9238 2044 8470 9181 24013 31896 47649
9239 1931 18137 18149 18322 28981 30425 30795 52685
9240 7801 8761 9066 9958 10020 20120 23271 23568 23737 24524 25179 25451 27859 30188 36439 46137
9241 4859 7218 11864 29173 31257
9242 4012 4113 24657 39781 40898 44443
9243 14919 44306 46513 59161 60380
9244 15253 18098 20183 26989 27467 41775
9245 34040 38846 38903 45531 45928 45929 48439
9246 8200 8201 52338
9247 2316 29866 29902 32297 39000
9248 33644 39554 41901 42712 53074 54827
9249 4199 8032 11946 23469 25299 25711 27946 27949 28069 28079 52251
9250 39341 39357 53632 54179 54180
9251 40539 40581 40722 43311 44392 59413
9252 18785 20189 20952 28724 29317 29562 29769
9253 31239 35575 42442 43965 59488
9254 12688 13723 13870 13922 21803 21850 41105 41914
9255 34208 46379 55650 57076 57415
9256 12991 13605 38585 56371 56760 57351
9257 5578 5817 46395 51270 51533 51672 51683 51717 52389 52670
9258 5717 8252 10305 24145 24623 24836 25126
9259 43385 43709 44180 50411 62169
9260 34076 42589 42590 42649 42821 46777
9261 24275 42418 42537 42715 42716 42717 51117
9262 5486 22353 22499 23004 23007 24991 38799 51614
9263 3725 31005 37937 47312 47873 50192 54783 54784 54890 54959 58043 58203 58954 59746
9264 12124 14082 30984 31710 33288 46729 52465 57730
9265 276 337 406 61746
9266 28531 28588 28616 28707 28727
9267 7042 7777 8004 8049 8698
9268 2932 3063 3064 4311 47557
9269 6758 36113 50150 50151 50152
9270 2546 3447 28033 29806 38652
9271 28566 35549 37314 46862 47265
9272 3885 30035 40928 42861 56498 58641 59026 59700 59717 60871 60971 60992
9273 37005 40392 40781 53904 54007
9274 30829 30865
9275 2113 2131 26324 33375 44844
9276 3899 21867 29824 35530 47374
9277 25021 25548 43101 44078 61303
9278 8068 15450 16129
9279 197 5440 12526 12568 22514 25276 25457 30449 32391 32486 36085 37735 51480 58033
9280 17492 22257 28667 35398 38881 60343
9281 7478 8323 8903 25887
9282 11228 17366 18926 26412 26981 27136 29598
9283 36256 37795 38361 38848 39187
9284 14111 14112 14114 14795 38816 38817
9285 4862 4911 22357 23045
9286 13959 16450 28261
9287 4037 4129 4213 39351 39356 39358 39865 40117 40923 44692 49426 52919 56717
9288 29561 37771 37773 38592 38593
9289 7369 18697 22225 38704
9290 26394 26690 26831 27696 27721
9291 158 175 1912 32465 57734
9292 6030 6668 15754 16127 30826 30829
9293 224 42930 48529 61133 62082
9294 21548 50610 51204 59083 59650 60510 60512
9295 8707 8708 22367 24526 24527 42324 54599
9296 1325 1500 4423 46216
9297 14253 57742 58137 59032 59243
9298 12622 14797 14800 14809 14893 37955
9299 39904 41525 41526 41768 41769 42571
9300 1113 33744 35805 37482 47290
9301 2393 2414 2480 6107 6254 6255 12096 18756 30486 44821 44889 45059
9302 28516 28677 28700 28701 28750 28757 28758 28760 28762 28781
9303 2666 11469 11676 17070 20378 29945 39610
9304 21316 21369 21374
9305 4882 5275 5425 5481 27625 27700 31190 49505 59667
9306 5464 5465 24101 24107 61054 61086
9307 2699 5230 32574 46685 46686
9308 2651 2769 4175 22997 30854 42902 49777 52621 56221
9309 4216 39619 40407 41498 43559 43576 49359 55719 55720 59984
9310 865 10629 18369 26260 30402 32865 49384 49506 49619 52902 55485 58765 59673 60187 60596
9311 58 8846 29135 61341 62235
9312 21497 21691 27143 27297 27362
9313 22617 37662 49601 55295 60701 62657
9314 41564 41566 42928 42930 53520 53521 53522 53523
9315 7173 8753 8929 9243 9314 22341 22487 24850 31153
9316 41200 41322 41323 52845 53062 62384 62412
9317 16484 16795 18951 19043 19762
9318 4993 39571 40695 41016 43302
9319 37330 37441 38350 38885 38886 38915
9320 1166 12988 14474 24319 34024 45620 45643 46709 46771 51351 51493 51878 51992 52165 52172 52221 52244 52261 52630 52644
9321 15214 17032 19498 54697 60279
9322 40332 40487 40867 41320 60749
9323 26198 26216 26218 26220 26224 26227 26228 26462 26679 26793 26797 27610 27612
9324 27768 27805 27809 27880 27884
9325 7720 9542 49149 61183 61767 62324
9326 25190 36374 41293 42872 43433 51288 54217
9327 20640 20641 20642 31179 31300 51043
9328 30947 37506 41159 43017 43112 43113 43115 43116 57625 58705 58709 58914 59616
9329 13749 13756 14095 14129 31151 42990
9330 9703 28413 28414 34008 61748
9331 9888 10099 21412 49177 51233 51239
9332 7607 9174 9426 17420 21141 29420 29737
9333 11027 13019 16977 32696 35019
9334 4229 6027 21882 22897 30826 35974 38395 38573 46983 52222
9335 36798 39412 42143 43247 46504 46603 53181 61451
9336 39322 39355 39558 40521 41622 42461 42866
9337 2125 16596 16802 17399 27509 61809
9338 10568 10769 40956 43032 57828 62468
9339 678 10514 10529 15832 32530 32531 33755
9340 21651 21657 21716 26032 26366 55337 55797
9341 26937 35216 35229 35303 46976 52838
9342 36017 43451 44127 44469 60190
9343 12775 12793 13070 50250 50251 50254 50260 50337 57084
9344 1779 4691 9183 9687 12554 20038 20864 23318 31434 31435 46187 51465
9345 863 6339 6512 19923 28311
9346 2708 7097 7176 8388 10060 30062 61119 61564 61576
9347 3612 46329 46632 56403 58568
9348 7186 7355 7865 32062 39745 40144 59551
9349 3215 3290 58578 60821 60849 60985 62441
9350 31867 50957 50958 51017 51026 51035 51078
9351 14656 22552 22648 24127 26762 33655 62505
9352 58038 58419
9353 4109 36488 36492 36944 37597 38551 59476 59491 59649 60016
9354 13059 13310 38439 51469 51653 52254
9355 14240 38725 42019 56247 56255
9356 55028 55983 56625 59227 59487
9357 2314 2702 4263 23004 23210 23830 25961
9358 1764 30819 51277 52618
9359 30873 30886
9360 30580 30603 30640 30686 55541 57410
9361 93 1927 3688 7237 8248 8459 8481 9319 9493 11061 17367 17577 17605 17606 17650 17748 20552 20712 21227 21304 21317 24455 24481 29499 29807 31862 31956 32465 32622 46196 47387 48393 48397 49192 58270
9362 4680 4681 4710 8912 33836
9363 4837 55098 58309 58391 60058
9364 3464 3777 13190 13666 14522
9365 17387 17896 17916 18515 19492 20236
9366 6415 35507 38628 56847 60805
9367 13100 42534 42929 43275 44770
9368 460 513 6519 6652 16117 37536
9369 18615 19086 22593 35194 51722 51867 52025 52415 52543
9370 14150 14162 14451 21826 21972 26329 26612 26714 26863 26878 26879 26880 40954 41106 41823 44290 44293 44296 44686 46879 55260 55589 62374
9371 14934 45304 45305 53880 54398 54399
9372 6607 6660 6753 6779 6805 6818 8868 9982
9373 28487 34396 35310 39135 50804 59629 59630 59631
9374 6362 23167 28201 28202 28945 29144
9375 522 10708 32898 33705 44613 54960 58027
9376 8462 8659 9352 11832 48526 48531
9377 3940 12552 50594 50676 50691 51006 51009 51013 55005 57298 57571 57591 57661 58737
9378 2403 2516 2906 3076 3078 4362 10940 30037 30473 48478 48484 60632
9379 18298 38965 43650 44071 44626 56624
9380 13135 13136 14338 14339 54844 60367
9381 7295 7512 7650 8045 8046 30966
9382 10840 35196 50626 61470
9383 3782 14020 34446 35958 36458 39521 39886 39887 39888 39890 40966 41033 56401 57477 57478
9384 6000 6040 6113 8186 22706 24202 25080 33548 52835
9385 7282 8491 9330 9641 22404 30829 49146
9386 1390 10975 30984
9387 21189 22941 24084 24310 24719 28486 28699 31356
9388 3528 11808 36139 37876 47432 59547
9389 8706 11098 12298 22358 25796 58727
9390 40656 41489 41514 41554 41795 57579 57580 60059
9391 4863 5263 5329 8099 8115 10289 23803 25231 51267 52580
9392 6745 10209 30823 30829 30877 52061
9393 3404 13154 39741 41961 44411 48223 53241 58232
9394 40225 43023 43024 43070 54095
9395 2744 7163 7167 7322 23477 48867
9396 6500 15859 28283 29075 29105
9397 15332 16962 20582 26565 28639
9398 3112 22336 30118 59287 59288
9399 5923 16888 22209 23510 23746 24058 30451
9400 33684 46377 46384 55990 58519
9401 14198 14460 17804 19569 21605 24766 27446 32654 54583
9402 2510 2519 2635 2771 21898
9403 333 1571 6029 45417 47165
9404 13445 41454 41455 43874 52923 53497
9405 21482 21483 21706 21707 23824 23865 23961 54176
9406 4400 11853 34708 37461 38820 43464 44166 44412 47919 48026 57940 60025 62601
9407 40765 40837 43500 53998
9408 23767 42643 53990 54386 54507
9409 1582 14359 29915 41387 41680 42656 43368 43369 52705 60762
9410 2203 2748 54740 54866 61418
9411 8704 9476 12454 18704 18840
9412 2486 7887 16177 23870 25599 25725 25767 25778 27098 29995 30004 48888
9413 9563 10404 12052 19196 23044 26295 45329 46829 49051 53364
9414 17225 17444 19233 31020 48422
9415 35180 35360 42234 42694 43339 43349 43849
9416 374 658 780 12288 61400
9417 45193 62561 62562 62563
9418 22105 42542 43151 53286 53287 53288
9419 40894 52943 55042 55273 61145 61579
9420 23999 31114 33359 33360 33361 53013 53318 53855 54051
9421 34188 34189 34322 62078
9422 4286 11841 18489 20131 20359 24925 54707
9423 9346 10311 39349 39992 41389
9424 34982 37280 38074 41475 42562 48661 48698 59084
9425 4985 5076 5520 22240 23029 24237 25992
9426 6475 11254 15792 28959 31265 32218 32453
9427 2241 2317 2368 2826 3131 3234 3237 3240
9428 9148 11273 42009 42020 42021 42025 42029 52106 55054
9429 21603 21604 21673 21674 21675
9430 5133 14771 14845 25760 25761 36690
9431 517 15826 52382 56584 59088
9432 2709 4721 5977 8033 12136 13612 25208 28534 28891 35517 37989 45611 47391 49215 54495
9433 36410 39820 40097 54063 54065
9434 12054 33606 45260 47385
9435 1742 2546 16082 29115
9436 32605 32809 33391 33392 33401 34736
9437 9209 9359 15112 24267 25062 25635
9438 13940 14145 30340 62066 62067
9439 6196 6341 8909 9563 11490 11586 12476 12678 12732 38116 46093 49920 49955 52147 55770 56071
9440 12883 13539 14640 14893 50069
9441 45415 45431 45627 55849 57112
9442 44490 50136 50235 50705 50777
9443 21801 21813 22001
9444 6419 28067 31536 32145 51806 52597
9445 56163 56181 57014 57015 57118
9446 3969 4090 13789 15055 36964 40846 41045 43215 43487 46133 50699 54765 58740 58962 58983
9447 904 4630 4637 5051 5413 5939 5976 6718 6755 6812 11735 13117 33471 45297 47167 47199 62716
9448 22417 23810 24378 25801 35774 38759
9449 6027 11032 35400 38591 49832
9450 4650 37276 43079 43277 45444
9451 20 33600 33849 34655 34785 34850 50664
9452 6479 10487 12173 24805 29191 60830
9453 48627 48689 49464 49736
9454 639 35217 40105 46478 47219 50477 51453 56516 56650 59725
9455 3111 4393 44000 45455 55562 59064
9456 7740 18384 18551 27029 29298 29550 30890 44970 48334
9457 12597 12764 13035 37271 40068 40632 53468 54809
9458 20169 20233 31715
9459 15762 23335 62311
9460 37998 41303 41505 47004 47005
9461 33091 33525 34556 53136 53236 54325 54590 58632 59674
9462 15364 15940 31712 31970
9463 4195 39281 39845 39875 41234 42550 50178 54934 57421
9464 22942
9465 205 21901 36524 37172 62179
9466 2466 5061 7310 8493 25443
9467 4974 5740 5786 22204 41363 42741 44575 44749
9468 29145 30370 61806
9469 28913
9470 2010 2058 2063 17526 19966
9471 15391 15498 15684 16057 16058 19345 45284 45309
9472 4913 5356 12462 20620 28767 46473 49207 53292 53463
9473 10442 59319 59446 61906
9474 76 11936 28306 29932 35995 35996 36098 40763 49691
9475 38016 41127 41519 41803 42262 43876 44122
9476 30874 30957 50328 60498
9477 7143 7398 33745 33991 38632 53455
9478 3277 4435 4441 39197 39408 44683 47337
9479 2506 8517 18621 26272 47860 50657 51272 52060 52347 52519
9480 25014 28924 32420 48506
9481 398 769 5842 29540 47720
9482 35382 35383
9483 30576 30642 30648 30651 30652
9484 8044 9189 11424 21771 21772
9485 4688 13567 16867 16868 16991 18723 19792 19815 19845 19846 19847 21623 42578 42725 42752 51234 51238 51277 52601 52605 54694
9486 7805 9882 23187 23573 23578 23618 24725
9487 34146 55056 55763 57950 58465 60089
9488 27396 27397 27409 27429 27458 38198
9489 14494 18151 21979 32585 32586 32587 32712 33469 41612 56680 60815 60816 62530
9490 5323 8076 8130 8252 8267 24210
9491 13466 56242 56307 61043 61284
9492 40128 40396 40616 41731
9493 11507 11568 11667 11669 11724 28373 29038 51780 52107 52118
9494 2558 35181 46604 52351 52593 52594 61048
9495 28937 29002 29074 29192 47300
9496 6921 11478 33491 52921 54347 56201
9497 4002 4134 35547 35805 38749 61032
9498 4067 28872 34997 52874 54735 54769 54814 54851 54863 55262 55302 55512 56133 56903 58261 58448 58449 58730 59786 59988 60273 60275
9499 5693 18714 26236 34180 61697
9500 4693 21883 36772 43018 43025 43027 43087 43145 46205 46233 46708
9501 13909 40638 40745 41016 41494 43147 44475 44481 61927
9502 507 6483 7394 8370 29274 45551 45990
9503 55199 55258 55351 56658 57772 58509 59567
9504 7385 7790 9286 9855 9876 24215 24683 25571 28567
9505 26526 26897 35003 58050 58090
9506 2122 8884 17705 17871 17878 18121 19839 20811 21231
9507 1709 5509 32536 37158 40512 41517 44777 47148 47149 47573 47615 50237 51563 55616 55617
9508 38160 39150 41036 41893 60728
9509 4511 29376 29574 43249 55897
9510 20539 20575 20671 21077 26761
9511 11950 33646 36355 38535 51184 58077 58078 62611
9512 2829 9589 29471 29514 29654 42480 45962 47131 52426
9513 21532 24393 32389 46079 46764
9514 12049 12101 46055 46694 46712 54036 61463 61529 61741 61833 62325
9515 14928 30367 35700 59295 59296
9516 8085 8919 8954 9932 15209
9517 2996 3067 15210 19251 22162 24288 26951 27841 27842 27905 28439 50461
9518 149 152 12210 19337 45457
9519 1854 2092 2093 9667 9748 25493 30965 30971
9520 11823 12750 35342 37601 37639 56511 60740 60864 61223
9521 4484 51768 51770 51966 52293 52582 52616
9522 9222 15008 23600 32364 32911 36655 48831 52081 61471
9523 2472 27269 36560 38707 48051 60800
9524 16684 16760 16782 28338 29075
9525 18825 21444 26261 26581 36336 45871 46063 53380 53381 54726 54727 54732
9526 12294 12295 15553 30926 37255 45078
9527 15273 16768 16769 18357 31708
9528 13448 13591 13653 14137 41964 42253 42620 45849 46679
9529 26310 30638 37632 46383 47778 50439 57994 58275 59424
9530 11148 11988 15586 15717 27602
9531 11112 16495 17742 17749 26178
9532 11051 42032 42758 52704 60881
9533 4597 18798 18801 20137 20486 20526 21206 27271 27358 29289 29467 29521 29524 30619 36673 45362 46959 49228 50825
9534 8539 8540
9535 5189 5835 10061 20082 22223 22395 23121 41235 51217 51685
9536 13524 13535 13748 14727 14732
9537 35207 35721 54933
9538 2142 2158 2160 21353 21393
9539 8897 21895 23453 24198 25541 29305 29600 29830 29843 30085 37261 61096 61421
9540 16407 34189 40590 40608 49573 52948 55800 58057 62581
9541 8391 8905 12061 24747 48869
9542 4966 5695 10083 29502 29705 29827
9543 21402 37424 38105 46144 52447
9544 1838 2569 17502 30152 60409
9545 1667 26036 27034 27176 27184 61546 62133
9546 24354 25485 49669 61425
9547 44163 54800 57823 58180 59703
9548 21655 26847 26870 55693
9549 1409 33833 35084 60875 62413
9550 51 3141 7510 12150 61544
9551 1874 2099 14608 15649 31008 33271
9552 34537 38645 45413 50094 50318 52729 55466
9553 47907 55304 57564 57567 60071 60467
9554 6608 6754 6919 9676 15872 30877 30885 45453
9555 3920 28847 39811 41898 50307 50334 50583 55566 56410 59326 60200
9556 18910 20934 21506 33764
9557 17037 17038 17531 19106 24470
9558 1458 4007 12530 12605 12610 30360 30381 36173 36371 39621 39689 40282 43512 43610 50067 50068 50719 50720 50721 50722 61671
9559 34512 45711 45869 46558 46670 46671 46893
9560 884 28604 30209 30717 30909
9561 17608 17826 18557 18925 27389 28625 29434 32253 52620
9562 41567 43305 56451 56566 57960 58091
9563 3305 35469 43440 53342 53588
9564 757 14580 25538 25864 48577
9565 1855 1856 1858 1860 1861 1862 37991
9566 1992 18913 18920 19274 26239 26429 26697
9567 3974 14901 40320 41904 42059
9568 16921 17026 17067 17186 20918 62281
9569 11167 11168 11170
9570 39551 40322 42055 58785
9571 18932 18969 18970 19042 19128 19376 35372
9572 8081 8236 8643 8992 9137 9139 9573 9976 10028 10190 10192 10229 25470 25625 48827 48829 49173
9573 4518 30659 41754 46210 49414 49415 62695
9574 2162 16459 18126 18127 18344 19433
9575 37293 61152 62335
9576 6244 8908 9063 9064 21349 33746 34898 49140 52860
9577 8426 9086 11290 32154 33345
9578 7001 12148 35361 35708 45884
9579 9411 12704 17770 20726 39576 41367 43601 44709
9580 21367 21407 21647 26297 27519
9581 5231 8484 22455 38210
9582 54864 54865 54866 54867
9583 33918 41312 41313 41315
9584 12828 35642 40086 44501 47043 54580 54582
9585 16932 21178 21236 40516 58809
9586 15865 15958 15999 16120 27661 27705 31952 32442 32863
9587 3448 22501 22565 24620 27940 27970 27978 35366
9588 1529 36468 37375 37894 62142
9589 1675 37248 58534 58538 60397
9590 19671 26353 27073 27422 31133 31134 35171 53989
9591 8066 8461 15966 22863 45320
9592 6431 18161 18424 18514 21398 22004
9593 1639 13799 34922 36581 36667 38244 46878 47239 47412 55381 56496
9594 26581 36710 55989 57976 58887
9595 16657 16735 17099 17589 17791 17887 22076 34516 45386 45658 47018
9596 4848 4849 16951 20754 23411
9597 36062 37052 37605 37606 37611 37613 38143 39207 39208
9598 10819 21948 22061 36006 36672 36791
9599 6536 6730 7487 7744 8880 15850 15956 25272
9600 1453 47310 47798 47914 56040
9601 6199 28472 28634 28636 28646 28650 28651 28659 28693 28694 28720 33504 33850 33969 46316
9602 37152 37826 37903 38967 39054
9603 9500 20325 25153 33976 34601 45086 45261 46835
9604 36203 37176 38087 38406 39274
9605 41080 41257 41412 41710 52848
9606 11618 26684 28292 59405
9607 30593 50596 52040 52140 60408
9608 29216 36298 37303 40515 48597 49613 49618 55928
9609 36757 37293 40093 40641 41751 54067 54437 54438 54439 54440
9610 3029 8600 9819 11792 33816 33837 35309 37614 45724 47135 47606 51669 61954
9611 1091 1550 17464 21352 21362 47364 49732 49733
9612 7250 9458 19145 48951 49199
9613 21050 40267 51581 51582 51871 52044
9614 3562 14847 30018 38241 40499 40508 53531 59365
9615 1065 1067 36210 38728
9616 2235 6159 9649 29543 29971 60690
9617 16578 16600 16817 17376 19577
9618 10987 11000 16256 16381
9619 10682 26022 27680 27698 33003 33326 46147 46202
9620 657 29145 30369 58771 58772 58773 58774 58775 59035 59037
9621 15668 15802 15946 16077 41670 49349
9622 25108 25110 25113 25114 25659 25661 25662 25664 25667 25668 25669 25973 25977 25980 25981 34831 36719 52983 52984
9623 7849 11786 11787 14774 22201 39368 39370 40398 40399 41180 50430 53728 62386
9624 1800 2110 4498 10732 22457 31655 31746 32651 32659 33317
9625 14122 23960 25869 35144 35145
9626 9255 9575 15785 62237
9627 1253 43735 47695 49899
9628 862 16505 19372 19385 21042
9629 422 5123 21205 27058 27062
9630 41018 44096 44227 44570 44722
9631 11242 16572 16573 17911 24800 41331
9632 5491 5492 29539 29581 29594 29610 29657 30241 44876 46822 53882 54804
9633 15215 16576 16577 16579 17170 18533
9634 34309 34544 34918 40783 41186 41666 43259 43260 46560 48354 49715 50065
9635 3409 48327 53663
9636 7776 8239 8874 43304
9637 1804 1819 2505 35412 35664
9638 3796 6835 26637 31210 31828
9639 33566 38156 46999 47477 59802
9640 12628 12629 12630 12631 12632 12633 35334 42810 58910 59842 60867 62687
9641 14664 40734 41009 41017 52924 54599 54623 56092 57167 58265 58305 59192 59507 59628 59796
9642 6269 9383 9518 11785 22255 24343 30537 30538 31426 33116 45154 47701
9643 11434 38688 44899 46428 46691 51831 52077
9644 7224 7482 7871 7963 7965 8564 16324 20161 20880 21754 23598 52954
9645 13832 43866 43998 44023 44027 44036 44051 44258
9646 35762 36615 48600 50478 50479 59224 59634 61153 61440
9647 19766 26872 38636
9648 1656 39583 53171 53346 61708
9649 5667 28612 28618 57513 61555
9650 3082 16569 19945 20731
9651 13880 14009 14864 14899 14950 14952 41117 41690
9652 6007 23731 25395 48842 49114
9653 36314 49362 55778 57307 57870 57874
9654 14108 30579 30580 33733 41760 43432 49593
9655 221 8730 8731 8732 14512 61470
9656 4577 23597 31018 31040 33185 48540
9657 2331 22465 32044 32223 33452 41806 49201 53649
9658 2768 2790 14025 14026 14028 25927 32226 36969 37048 41123 58422 62128
9659 1607 38498 38764 49816 55666 62096
9660 12158 17378 19973 20049 31847
9661 21241 36242 38060 38566 38748 47519
9662 14221 14320 15439 16763 16818 16964 17031 17193 17419 20120 20231 26175 26764 27059 27069 32726 32769 33459 41055 43207 46282 53991 54197 54284 58064 58067
9663 36318 39444 41419 62604
9664 4477 12426 12539 27942 27943
9665 35942 43479 43872
9666 211 2379 3890 6908 7278 31498 33194 33264 33761 40990 40995 53043 54007 56054
9667 32852 45380 45717 46487 61188 61445
9668 43162 43289 47990 48220 48308 55733 57107 59223 59377 59612 59621 59812 60017
9669 37163 38737 50863 55978 56031 58151
9670 3975 5818 11221 12603 16736 16950 20516 26532 31793 32708 49626 49711 57793
9671 8249 9048 22257 23091 24645
9672 512 1551 15936 21450 27743 29936 30320 60024
9673 62079 62080 62304
9674 1488 61540
9675 17649 18406 20221 27789 31502 31910 56983 56984
9676 15151 35131 36266 38317 49898 50446 50991 51026 56603 57570 58059 58345 59677 59943 62048 62712
9677 2765 5088 8448 9311 12819 18278 22170 22716 23253 24181 25812 30447 30514 51626 52336 53834 54758 59369
9678 26347 26481 30723 30877 30984
9679 14008 19317 24295 28391 28716 32898 53104 61451
9680 21965 31846 35170 35263 45518
9681 7324 7823 8298 8855 9557 13469 28429 36542 37996 38343 39528 41090 43569 43591 43592 43595 43636 43759 43912 44017 44019 53278 53385 53513 53788 53793 54196 54331 54349 54372 54411 54421
9682 31641 31643 32149 32332 32338 32567 32595 33210 51889 62094
9683 13699 28422 31978 32061 32193 32200 32895 39591 39593 46571 48248 49492 56783 56784 59148 59149
9684 12913 13179 39507 43527 43528 43884 44701
9685 4635 29384 45102 46192 47727 49815 51601 57111
9686 1368 35706 36184 39071 39073 41842 47431 48211 54607
9687 1923 1949 1950 2013 2014 2019 2049
9688 55306 57690 57789 58411 58696 60366 60482
9689 10285 11726 12273 46909 51539 51609 61179
9690 48622
9691 6650 17372 17472 17473 29106 40711 40712 42310 42804 44401 44402
9692 22335 36170 39124 48509
9693 10201 15811 16001 17050 17295 32583 49031
9694 23406 24189 24190 25637 25872 27750 27782 27795 27800 27839 51436
9695 2698 9380 31590 31805 40952 43805 43806 44399
9696 6759 15813 28274 28947 32441 53462
9697 3790 27881 27882 29162 37931 51686 53700
9698 31430 32048 32097 32497 32999
9699 36903 48692 48693 60925
9700 30807 30825 31409 31410 45033
9701 13342 42417 42662 42663 53405
9702 44849 50268 50269 50297 50309 54700
9703 18813 29282 29293 29479 29844
9704 5417 8325 15300 27826 32767 42222 61050
9705 16919 18841 21472 21597 61808
9706 1158 31143 35111 60635 62658
9707 1572 7515 16289 16349 19971 32147 32839
9708 36804 55458 55858 56596 57735 57831 59170 59852
9709 854 7095 11041 11081 23440 36110
9710 8816 17642 53626 61013 62057 62193
9711 15337 19909 21135 22107 22323
9712 6004 6061 6062 6234 25022
9713 1423 36504 36884 37256 37809 61968 62175
9714 39399 39560 41696 44559 44560 44562
9715 1481 12763 21670 35389 35421 39861 40896 41085 58270
9716 2387 51531
9717 13184 13201 13234 50708 59886 62187
9718 37841 38783 38883 50046 54035 54599
9719 17510 20991 21168 21172 21824
9720 13476 13732 26195 26611 36148 41217 42119
9721 13762 13763 13804 19755 21224 27011 56790 56792 58706 58707 58776
9722 12806 12905 23464 35125 43685 48484 62451
9723 2361 2649 9965 17448 24372 34574
9724 34050 41816 43195 44037 44652 44790 45612 46080
9725 10778 41340 42987 43982 54480 54481 55020 55028 55033
9726 2619 2704 2705 2930 29219 34761 43004
9727 29709 29712
9728 13631 21493 42923 43986 54820
9729 809 2309 2831 2842 2929 29850 30066 30189 37906 38429 46588 47881
9730 17953 19931 20419 20687 20849 20977 27386 27476
9731 4456 4546 8681 24619 36122 45125
9732 8990 20847 20999 21005 45563
9733 11799 49221 49885 58814 59436
9734 3121 3187 3213 3316 30177
9735 9325 9326 9707 15493 15662 24795 27665 32443 32444 33074
9736 13306 21356 30359
9737 6778 7974 11110 20396 21010 21299 22452
9738 36546 37233 48413 56408
9739 2543 3288 30038 30116 30231
9740 5631 13322 29414 36652 37035 40038 48765 49293 49294 49681 49697 53049
9741 3235 48449 48622
9742 52780 54016 54020 54035 54599
9743 36871 36872 37538 38181 38404 46742 46743 46880
9744 12508 15658 15785 15942 61557 61964
9745 3059 5331 14625 17633 17667 18389 19821 29288
9746 12144 33914 33915 34743 34758
9747 19583 20732 31097 31144 38050
9748 8215 8843 9730 10348 22609
9749 13263 20038 26331 50588 55277
9750 17177 17496 26515 28587 32370 32452
9751 215 45702 47944 48098 48662 56204 56209 56217 56230 56242
9752 39829 39935 39940 39943 41956
9753 8430 8431 8882 9155 22613 24888 34640 49137
9754 11902 17819 34019 34188 61664 61721
9755 598 15330 18312 49657 55271
9756 15452 16008 16069 34423 54599 56015
9757 346 10520 10687 37807 57276
9758 3596 3958 3979 36677 37978
9759 12438 13266 18381 18550 18570 18582 21276 23881 24249 24250 24251 26270 30661 46545 47415 47830 49449
9760 13896 18429 19543 20461 20751
9761 13027 13345 16479 16512 16536 16537 17386 17477
9762 5826 6898 7023 29396 29453 51765
9763 7705 8155 10335 10796 23275 35045
9764 1038 4560 16280 37001 50652 57617
9765 13661 34250 53122 54426 54434
9766 7493 23627 24350 55025 55027 59869
9767 30568 33940 37190 41167 41168 54160 54161 54499 54500
9768 34056 42937 42958 43300 43435 43436 50710 58697
9769 3733 11517 11521 11716 18859 46014 52136
9770 49888 50416 50418 50525 50627
9771 40836 40975 50778 50814 50923 58490
9772 7262 19383 19403 38635 50082
9773 36205 39293 39582 39617 46350 47440 54790 54791 58937 59524
9774 1447 36395 38578 52969 52970 53107 53108 53155 53196 53841 53861 53903 54001
9775 35881 36016 36734 36736 38480 39110 40537 41567 42776 44131 62373
9776 22109 22347 22869 24815 33242 61349
9777 314 1024 15789 28314
9778 16839 20706 23409 25911 26258
9779 5331 14706 31832 39787 44010 46366 54418 56182
9780 10326 16827 21658 22231 33031
9781 17508 18204 18334 19581 19828 21347 30786
9782 2198 2279 2948 5020 5858 8112 8996 14605 31406 31415 38999 42404 47713 47825 47951 48085 48122 48124 48178 48286 48307 51435 51528 52348 54219 56628 59273 59275
9783 35445 41005 41006 48400 61619
9784 34413 37189 41404 41406 42317 42318 42320 42605 42608 42613 42738 42739 43540 54842 54857 55102 55591 55807 56741 57322 57323 57817 57819 57820 58181 58325 58340 58341 58347 58348 58349 58350 58351 58352 58353 58399 59387 60556 60557 60559 60561 60563 60566 60570 60571 60573
9785 33506 46183 47347 47510
9786 15353 18900 26749 33032 39434
9787 4494 12691 31024 34138 34542 59618
9788 16119 19558 19562 37123 38098 50602
9789 15855 28920 31250 34358 40776 41203 52690
9790 33216 33253 34209 34649 35803 46328 62063
9791 6867 8334 8337 10349 13609 24083 53142
9792 4039 4071 4084 4138 15692 28853 38094 39190 57832 60431
9793 1128 58521 61425 62080
9794 6746 16025 29078 29665 52586
9795 6786 9850 46900 54231 61034 61410
9796 35133 35354 38362 38588 44255
9797 2625 2897 8506 8988 15102 15115 22363 23082 27961 29265
9798 20549 21028 21652 26047 26771 44833
9799 5202 30473 49290 50701 56153
9800 320 5483 7009 12045 16389 19140 21956 26407 48798
9801 37792 48434 48605 48609 48622
9802 380 538 30842 30984 33472
9803 1154 9165 38529 39153 47496
9804 1896 1938 18225 35661 40161 43915
9805 2001 4270 10328 11342 27767
9806 2 19 21 22 12895 12996 13097 13438 31157 31158 34568 34690 35033 35130 35234 35289 43603 44263 44264 61175 61286 61297 61548 62566 62615
9807 8112 9426 10645 15315 15631 15706 18843 20913 21147 21809 31853 32246 42513 43104 46521 48980
9808 59393 59395 59396 59397
9809 7188 9389 9695 10135 11316 41607 42752 44971 45538 52497 53798 54528 57913
9810 8667 9708 24016 24374 38243
9811 15933 16056 29250 32029 32677 38719 52032
9812 11640 16006 19320 39900 39930 40019
9813 6038 6066 6230 6249 6295 7567 8098 8222 8262 8460 8663 8909 9275 15746 15828 19347 31476 33455 53147 53423
9814 13914 14109 39575 42353 42362 44090 44601
9815 40483 41034 54599 58507 59330 59565 60864
9816 4895 5698 8031 8999 9634 11128 11129
9817 13127 17860 21742 26133 26550 26551 28012 52584
9818 26374 26768 41502 41585 42387 43187 43653 43857 53046 53048 53116 54596 54605 55809 58710 60812
9819 39767 42188 46139 46512 53318
9820 16328 20980 21037 26531 27514 39714
9821 686 1163 3851 11556 14007 14107 14118 14127 28517 28557 41278 43952 51434 51828 51857 51862 53609 57023
9822 6203 6204 6206 6207 6208
9823 4737 5079 11117 19724 20577 20862 32180 45605 46307
9824 18635 21541 26479 46964
9825 15803 15889 29253 29262
9826 6383 7430 12718 15525 30452 38114 45556 45721 51602 52629
9827 12821 12823 39376 39577 39953 47502
9828 13579 14633 25086 50295 54994 56301 56559 56837 57463
9829 19445 19727 19935 20790 28714
9830 23206 24518 24520 24704 24985 24986 24987 25666
9831 6916 26629 26940 30913 31800 31902 32092 32417 32665 33206 33682 33967 34099 46554 47143 48734
9832 26373 26487 26819 47474 55305 56037 57212 57409 59158 59253 59769 59771
9833 10962 11840 37003 38280
9834 7118 7770 7867 8124 8533 8660 46336 47022
9835 34485 35687 37707 37713 58044
9836 33147 44913 45255 47177
9837 11904 12123 22409 24115 24151 24951 25965
9838 5203 7304 11048 24994 32348 33128 52914
9839 7596 8346 9111 22461 38810 40477 46475
9840 10580 31683 61816 62080
9841 31061 39502 39648 39689 40154 40465 41358 54817 60731
9842 11762 17348 18518 19115 32497 54684
9843 22147 34407 38317 38344 46441 46623 57382
9844 932 5386 16142 33468 47003 48668
9845 7731 19442 19641 20341 31614
9846 32824 32896 32907 33221 45532 46767
9847 3606 3718 6099 6183 6228 8691 8818 9366 12348 26486 27128 34007 45373 59554
9848 409 410 559 697 15481 16011 16180 31141
9849 7725 9792 20708 48410
9850 36040 36042 36172 36177 37106 37107 37114 37781 37783 38860 38861 38862
9851 8834 8951 8952 23407 27688 30468 34214 34952
9852 2039 7082 7209 7383 25298 32513 45893
9853 12092 16417 17495 19859 20888 21063 30293 48770 53408 55665 59840
9854 778 1836 6851 8906 10663 14306 15573 28878 31419 35173 41678 41679 43674 53246
9855 5151 5654 7733 8513 25425 25960 28383 28611 29290 29297 30467
9856 11154 13418 16288 38221 43183
9857 7681 7706 8015 9696 22658 23186 23832 24421 24816 41016 41112
9858 2925 19315 28185 28209 29086 30146
9859 901 906 5105 5106 52995 53437
9860 5343 5345 13012 13396 38119 38169 38595 39939 57854 61702
9861 1568 13760 14438 29020 35655 39179 39180 41288 42896 44736 47130 56063 58604 61927
9862 16409 16414 16441 19149
9863 20293 49291 49632
9864 2227 4264 30707 30858 46649 51342
9865 11940 11941 21411 37289 47893
9866 21757 21811 28240 28299 50043
9867 4916 25499 31398 33544 35386
9868 28178 31928 32019 32743
9869 9674 35461 38958 39473 39653
9870 41488 41490
9871 4360 4364 16957 19412 19416
9872 31479 31480 38914 44725 52419 52433 52458 52521
9873 1476 4475 31073 34881 53696 53699
9874 2616 17457 18041 19615 19616 19617 19682 20578 23095 24149 24150 24819 26044 27217 27310
9875 2023 11473 11515 11526 11933 17909 18658 18933 21835 22083 26311 42187 46068 47656
9876 1951 7374 8071 8461 9590 16986 17421 49132
9877 11764 11900 12053 20778 45015
9878 28898 47454 49356 49357
9879 29110 55155 55260 56594 56939 60306 60496
9880 14351 34290 36071 38386 50432 51111 57202 60258 60260 61927
9881 456 546 22148 27793 27803 28213 28236 28334 28335
9882 3651 3657 34135 34571 36310 50265 50267 50883 57889
9883 12826 12858 12866 12868
9884 30605 37697 39229 40707 42880 56402
9885 34121 58978 58979 58990 60271 60272 60615
9886 15419 28505 28921 31945
9887 174 7071 8910 9407 9454 12147 18538 18939 19006 19169 20531 22387 24352 24472 27853 29658 29796 32506 47363 48744 48838 49186 51303 52290
9888 92 154 1831 10166 15157 19084 19100 19101 19102 19103 19104 19105 31432 31798 59661
9889 17460 18495 19004 19138 19236
9890 2195 13989 28077 51809
9891 2851 2852 6964 8610 8611 22200 22201 22656 22750 22993 22994 23563 29969 33505 33514 53454 53942 61018
9892 12739 40532 43022 44034 44120
9893 13222 13452 36080 44251 44687 49647 49735
9894 4275 28350 28375 28645 30006
9895 4391 16595 16640 16819 16825 17194 17195 17240 20077 31743 31744 31747 48449
9896 13128 20177 20365 20831 20838 20842 20850
9897 23807 34120 34398 48389 53029
9898 4753 4757 4930 6655 15086 15087 15089 15090 15158 21254 21255 28223 53648 55651 55956 56598
9899 33853 34188 37067 47910 48209 50373 54915 58965
9900 37439 37793 37947 38441 38479
9901 3864 5933 8211 13583 18155 32178 33163 42075
9902 6423 18083 18562 19871 34565 34566
9903 13317 14976 32135 35538 35885 36388 37447 39555 41156 42203 42204 60227 60443
9904 17447 18301 18636 20733 27361 46570
9905 4557 11902 19805 20046 21127 24039 26364 31675 31964 40048 40359 40709
9906 8905 8908 45650 49041 49048
9907 4011 4121 6335 38096 59614 60107
9908 40417 40965 42016 56251 56252 56254 56730 56731 61012
9909 17709 19288 19294 35036 35078 35248 36296 37208 47384 47392 62361 62362
9910 21768 21786 34359 46197 46831 47101
9911 31780 31949 32115 32116
9912 7972 24938 28530 35938 38101 58590
9913 13607 13660 43938 44710 45676
9914 3489 26052 33727 35605 47355
9915 55472 56514 59352 59355 60148
9916 21464 50853 54111 54561 62488
9917 386 1369 13589 13592 57344
9918 5561 5614 19934 20300 20447 20649
9919 49828 49961 55863 57258 57259 60370
9920 3 3829 3830 3831 7136 7570 7597 7902 7967 9259 12131 12177 12185 12313 14528 14610 22339 23446 23447 23448 23449 23570 25928 34031 34032 34046 34079 34080 34445 35099 35100 35168 45064 45129 45130 45196 45356 45879 46167 46411 46534 46595 47864 48093 48101 48102 48216 48267 48752 48820 48874 49011 49074 49187 50170 50171 50199 50202 50415 50480 51213 51219 51239 51289 51365 51381 51387 52012 52296 52525 52952 53174 53875 53876 53877 56083 56395 58812 60425
9921 7679 8478 9008 9196 20280 21136 48814 55681 57135
9922 21536 24544 26127 26782 27156 32038 32787
9923 8083 8475 9062 9066 9497 16061 24004 37293 41607 45289
9924 15430 16455 16522 17234 17280 17283
9925 21315 21338 33630 33631 33634 33686 34257 34258 34261 37203 45828 45829 45830
9926 10836 35172 57375 57376 59218 62447
9927 13206 13420 14272 14947 35392 44785 48288
9928 2915 36489 38041 38333
9929 8873 9898 18592 18606 36849 48784
9930 11605 11664 11748 34728 34729 34783 34784 45400
9931 1758 1850 1962 27936 45796
9932 27588 31533 31597 31657 31658 31659 31674 31815 33621 33654 49275 61422
9933 30061 38736
9934 16427 17379 19486 32000 32690 33273 33274
9935 14514 35526 43646 54193 56624
9936 9202 18059 30908 30953 47627 54626 61800 61881
9937 58008 58016 58819 58821 60712
9938 5075 5994 6382 34561 56508 58904
9939 3818 11509 32171 32667
9940 17475 20034 20804 21027 21186 23139 24072 26014
9941 54833 54834 54894 55139 55290 55441 55443 55444 55445 55643 59633
9942 8460 24084 25192 26774 27313 42305
9943 22837 24313 50748 56090 61148
9944 11446 16586 17792 18262 18332 19708
9945 22803 29398 31466 44843 48507 62205
9946 1390 12770 12822 55831 57316
9947 7914 8782 8783 9344 49059
9948 7072 7532 7702 8035 8038 8359
9949 55455 56372 56675 56973 57229 58873 60433 60434
9950 11641 11684
9951 46666 46833 61487
9952 5104 5294 11412 11486 11665 11670 12563 15938 26628 26633 31959 33095 33681 34164 45356 45566
9953 61551 61832 62239 62265 62266 62369
9954 4469 33245 39114 42295 50430
9955 1157 4955 5596 17344 17401
9956 39352 42720 43408 43411 43412 43413
9957 1830 1985 2102 21600 33729 34662
9958 13020 13798 14063 41052 42886 44324
9959 5450 25094 25095 26350 27057 27290 44884 44896 44921 46417 51209 53249 53377 54152
9960 1259 1285 3919 3924 3946 4008 11361 14792 27594 31566 32627 33226 35455 35954 42936 43944 50547 50802 56686 56801 58843
9961 15221 17329 17479 18612 18618 22235 25260
9962 37113 55171 56625 56634 59354
9963 9940 11357 32724
9964 12829 12849 13466 37570 37571 38560 40887 41715 41718 41720 42135 47739 49267 49345 49559 53872 54603 54637 55094 55775 56360 56629 57079 57239 57470 57974 58046 60465
9965 29378 29523 36478 39484 41124 52569
9966 1050 34563 34643 41856 61682
9967 3731 32849 33098 50878 50879 50880
9968 37775 37782 43905 43906 43943
9969 5521 15110 28802 36885 36923 38018 38249 42312 48551 52195
9970 39266 39279 55810 56139 56140 56539 56951 58110 58259 60132
9971 16421 16785 21923 22020 22077 22078 48597 48643
9972 3821 4542 12211 33427 45141 60687
9973 1413 5256 8148 8218 14589 51167 51691
9974 813 15929 16019 33093
9975 342 835 6417 12444
9976 5652 5755 8388 45348 46452
9977 9803 9902 22736 46257 50902 55300 58133
9978 14905 41745 59689 60481
9979 28036 49856 58029 58031
9980 19252 20928 21564 26267 26418
9981 17254 27958 28047 28576 34924
9982 12865 41757 44657 44659 57368 62279
9983 8905 9279 9316 10116 25359
9984 10309 10310 10312 26894
9985 12060 21915 21916 35957 38944 46393
9986 35765 38967 50050 51068 54926 61094
9987 4841 5188 33168 33211 37846 43151
9988 3529 19406 19407 60754 61567 62568
9989 29480 29564 29818 55813 56634
9990 2360 2467 5986 22119 22120 25071 29765 34868 45718
9991 6418 16606 17445 26266 27259 47461
9992 7338 9137 17192 40492 40839 41883 44489 48805 55540 58930
9993 350 551 763 62225
9994 12995 37508 41941 42765 43316 43355 52738 56342
9995 8446 13409 16464 16558 17156 17164
9996 13611 14765 34071 34155 45688 48040 48096
9997 2421 2682 3088 4689 9970 19988 20149 20150 20757 22128 22311 37985 51615 52002 52651
9998 7784 7786 53676 61931
9999 43026 43073 48523 48636
